
/home/victor/pico_sysmon/device/build/pico_sysmon_device.elf:     file format elf32-littlearm

Sections:
Idx Name          Size      VMA       LMA       File off  Algn
  0 .text         00003b3c  10000000  10000000  00001000  2**3
                  CONTENTS, ALLOC, LOAD, READONLY, CODE
  1 .rodata       0000024c  10003b3c  10003b3c  00004b3c  2**2
                  CONTENTS, ALLOC, LOAD, READONLY, DATA
  2 .ARM.exidx    00000008  10003d88  10003d88  00004d88  2**2
                  CONTENTS, ALLOC, LOAD, READONLY, DATA
  3 .binary_info  00000030  10003d90  10003d90  00004d90  2**2
                  CONTENTS, ALLOC, LOAD, READONLY, DATA
  4 .ram_vector_table 00000110  20000000  20000000  00007000  2**2
                  ALLOC
  5 .uninitialized_data 00000000  20000110  20000110  00006b10  2**0
                  CONTENTS
  6 .data         00000d3c  20000110  10003dc0  00005110  2**3
                  CONTENTS, ALLOC, LOAD, READONLY, CODE
  7 .tdata        00000000  20000e4c  20000e4c  00006b10  2**0
                  CONTENTS, ALLOC, LOAD, DATA, THREAD_LOCAL
  8 .tbss         00000000  20000e4c  20000e4c  00000000  2**0
                  ALLOC, THREAD_LOCAL
  9 .bss          00000b20  20000e50  10004afc  00006e50  2**3
                  ALLOC
 10 .heap         00000800  20001970  10004afc  00007970  2**2
                  ALLOC, READONLY
 11 .scratch_x    00000000  20080000  20080000  00006b10  2**0
                  CONTENTS
 12 .scratch_y    00000000  20081000  20081000  00006b10  2**0
                  CONTENTS
 13 .stack_dummy  00000800  20081000  20081000  00007000  2**5
                  ALLOC, READONLY
 14 .flash_end    00000014  10004afc  10004afc  00006afc  2**2
                  CONTENTS, ALLOC, LOAD, READONLY, DATA
 15 .ARM.attributes 00000034  00000000  00000000  00006b10  2**0
                  CONTENTS, READONLY
 16 .comment      00000026  00000000  00000000  00006b44  2**0
                  CONTENTS, READONLY
 17 .debug_info   00031e93  00000000  00000000  00006b6a  2**0
                  CONTENTS, READONLY, DEBUGGING, OCTETS
 18 .debug_abbrev 00008c15  00000000  00000000  000389fd  2**0
                  CONTENTS, READONLY, DEBUGGING, OCTETS
 19 .debug_loclists 000184f6  00000000  00000000  00041612  2**0
                  CONTENTS, READONLY, DEBUGGING, OCTETS
 20 .debug_aranges 000011b8  00000000  00000000  00059b08  2**3
                  CONTENTS, READONLY, DEBUGGING, OCTETS
 21 .debug_rnglists 000043f4  00000000  00000000  0005acc0  2**0
                  CONTENTS, READONLY, DEBUGGING, OCTETS
 22 .debug_line   0001e842  00000000  00000000  0005f0b4  2**0
                  CONTENTS, READONLY, DEBUGGING, OCTETS
 23 .debug_str    00008761  00000000  00000000  0007d8f6  2**0
                  CONTENTS, READONLY, DEBUGGING, OCTETS
 24 .debug_frame  00002f1c  00000000  00000000  00086058  2**2
                  CONTENTS, READONLY, DEBUGGING, OCTETS
 25 .debug_line_str 00000101  00000000  00000000  00088f74  2**0
                  CONTENTS, READONLY, DEBUGGING, OCTETS

/home/victor/pico_sysmon/device/build/pico_sysmon_device.elf:     file format elf32-littlearm


Disassembly of section .text:

10000000 <__VECTOR_TABLE>:
10000000:	20082000 	.word	0x20082000
10000004:	1000015d 	.word	0x1000015d
10000008:	1000011b 	.word	0x1000011b
1000000c:	1000011d 	.word	0x1000011d
10000010:	10000111 	.word	0x10000111
10000014:	10000111 	.word	0x10000111
10000018:	10000111 	.word	0x10000111
1000001c:	10000111 	.word	0x10000111
10000020:	10000119 	.word	0x10000119
10000024:	10000119 	.word	0x10000119
10000028:	10000119 	.word	0x10000119
1000002c:	1000011f 	.word	0x1000011f
10000030:	10000111 	.word	0x10000111
10000034:	10000119 	.word	0x10000119
10000038:	10000121 	.word	0x10000121
1000003c:	10000123 	.word	0x10000123
10000040:	10000111 	.word	0x10000111
10000044:	10000111 	.word	0x10000111
10000048:	10000111 	.word	0x10000111
1000004c:	10000111 	.word	0x10000111
10000050:	10000111 	.word	0x10000111
10000054:	10000111 	.word	0x10000111
10000058:	10000111 	.word	0x10000111
1000005c:	10000111 	.word	0x10000111
10000060:	10000111 	.word	0x10000111
10000064:	10000111 	.word	0x10000111
10000068:	10000111 	.word	0x10000111
1000006c:	10000111 	.word	0x10000111
10000070:	10000111 	.word	0x10000111
10000074:	10000111 	.word	0x10000111
10000078:	10000111 	.word	0x10000111
1000007c:	10000111 	.word	0x10000111
10000080:	10000111 	.word	0x10000111
10000084:	10000111 	.word	0x10000111
10000088:	10000111 	.word	0x10000111
1000008c:	10000111 	.word	0x10000111
10000090:	10000111 	.word	0x10000111
10000094:	10000111 	.word	0x10000111
10000098:	10000111 	.word	0x10000111
1000009c:	10000111 	.word	0x10000111
100000a0:	10000111 	.word	0x10000111
100000a4:	10000111 	.word	0x10000111
100000a8:	10000111 	.word	0x10000111
100000ac:	10000111 	.word	0x10000111
100000b0:	10000111 	.word	0x10000111
100000b4:	10000111 	.word	0x10000111
100000b8:	10000111 	.word	0x10000111
100000bc:	10000111 	.word	0x10000111
100000c0:	10000111 	.word	0x10000111
100000c4:	10000111 	.word	0x10000111
100000c8:	10000111 	.word	0x10000111
100000cc:	10000111 	.word	0x10000111
100000d0:	10000111 	.word	0x10000111
100000d4:	10000111 	.word	0x10000111
100000d8:	10000111 	.word	0x10000111
100000dc:	10000111 	.word	0x10000111
100000e0:	10000111 	.word	0x10000111
100000e4:	10000111 	.word	0x10000111
100000e8:	10000111 	.word	0x10000111
100000ec:	10000111 	.word	0x10000111
100000f0:	10000111 	.word	0x10000111
100000f4:	10000111 	.word	0x10000111
100000f8:	10000111 	.word	0x10000111
100000fc:	10000111 	.word	0x10000111
10000100:	10000111 	.word	0x10000111
10000104:	10000111 	.word	0x10000111
10000108:	10000111 	.word	0x10000111
1000010c:	10000111 	.word	0x10000111

10000110 <__unhandled_user_irq>:
10000110:	f3ef 8005 	mrs	r0, IPSR
10000114:	3810      	subs	r0, #16

10000116 <unhandled_user_irq_num_in_r0>:
10000116:	be00      	bkpt	0x0000

10000118 <isr_invalid>:
10000118:	be00      	bkpt	0x0000

1000011a <isr_nmi>:
1000011a:	be00      	bkpt	0x0000

1000011c <isr_hardfault>:
1000011c:	be00      	bkpt	0x0000

1000011e <isr_svcall>:
1000011e:	be00      	bkpt	0x0000

10000120 <isr_pendsv>:
10000120:	be00      	bkpt	0x0000

10000122 <isr_systick>:
10000122:	be00      	bkpt	0x0000

10000124 <__default_isrs_end>:
10000124:	7188ebf2 	.word	0x7188ebf2
10000128:	10003d90 	.word	0x10003d90
1000012c:	10003dc0 	.word	0x10003dc0
10000130:	100001a0 	.word	0x100001a0
10000134:	e71aa390 	.word	0xe71aa390

10000138 <__binary_info_header_end>:
10000138:	ffffded3 	.word	0xffffded3
1000013c:	10210142 	.word	0x10210142
10000140:	000001ff 	.word	0x000001ff
10000144:	000049c4 	.word	0x000049c4
10000148:	ab123579 	.word	0xab123579

1000014c <_entry_point>:
1000014c:	f04f 0000 	mov.w	r0, #0

10000150 <_enter_vtable_in_r0>:
10000150:	491e      	ldr	r1, [pc, #120]	@ (100001cc <data_cpy_table+0x2c>)
10000152:	6008      	str	r0, [r1, #0]
10000154:	c806      	ldmia	r0!, {r1, r2}
10000156:	f381 8808 	msr	MSP, r1
1000015a:	4710      	bx	r2

1000015c <_reset_handler>:
1000015c:	f04f 4050 	mov.w	r0, #3489660928	@ 0xd0000000
10000160:	6800      	ldr	r0, [r0, #0]
10000162:	b110      	cbz	r0, 1000016a <hold_non_core0_in_bootrom+0x6>

10000164 <hold_non_core0_in_bootrom>:
10000164:	f04f 0000 	mov.w	r0, #0
10000168:	e7f2      	b.n	10000150 <_enter_vtable_in_r0>
1000016a:	a40d      	add	r4, pc, #52	@ (adr r4, 100001a0 <data_cpy_table>)
1000016c:	cc0e      	ldmia	r4!, {r1, r2, r3}
1000016e:	2900      	cmp	r1, #0
10000170:	d002      	beq.n	10000178 <hold_non_core0_in_bootrom+0x14>
10000172:	f000 f812 	bl	1000019a <data_cpy>
10000176:	e7f9      	b.n	1000016c <hold_non_core0_in_bootrom+0x8>
10000178:	4915      	ldr	r1, [pc, #84]	@ (100001d0 <data_cpy_table+0x30>)
1000017a:	4a16      	ldr	r2, [pc, #88]	@ (100001d4 <data_cpy_table+0x34>)
1000017c:	2000      	movs	r0, #0
1000017e:	e000      	b.n	10000182 <bss_fill_test>

10000180 <bss_fill_loop>:
10000180:	c101      	stmia	r1!, {r0}

10000182 <bss_fill_test>:
10000182:	4291      	cmp	r1, r2
10000184:	d1fc      	bne.n	10000180 <bss_fill_loop>

10000186 <platform_entry>:
10000186:	4914      	ldr	r1, [pc, #80]	@ (100001d8 <data_cpy_table+0x38>)
10000188:	4788      	blx	r1
1000018a:	4914      	ldr	r1, [pc, #80]	@ (100001dc <data_cpy_table+0x3c>)
1000018c:	4788      	blx	r1
1000018e:	4914      	ldr	r1, [pc, #80]	@ (100001e0 <data_cpy_table+0x40>)
10000190:	4788      	blx	r1
10000192:	be00      	bkpt	0x0000
10000194:	e7fd      	b.n	10000192 <platform_entry+0xc>

10000196 <data_cpy_loop>:
10000196:	c901      	ldmia	r1!, {r0}
10000198:	c201      	stmia	r2!, {r0}

1000019a <data_cpy>:
1000019a:	429a      	cmp	r2, r3
1000019c:	d3fb      	bcc.n	10000196 <data_cpy_loop>
1000019e:	4770      	bx	lr

100001a0 <data_cpy_table>:
100001a0:	10003dc0 	.word	0x10003dc0
100001a4:	20000110 	.word	0x20000110
100001a8:	20000e4c 	.word	0x20000e4c
100001ac:	10004afc 	.word	0x10004afc
100001b0:	20080000 	.word	0x20080000
100001b4:	20080000 	.word	0x20080000
100001b8:	10004afc 	.word	0x10004afc
100001bc:	20081000 	.word	0x20081000
100001c0:	20081000 	.word	0x20081000
100001c4:	00000000 	.word	0x00000000
100001c8:	4770      	bx	lr
100001ca:	0000      	.short	0x0000
100001cc:	e000ed08 	.word	0xe000ed08
100001d0:	20000e4c 	.word	0x20000e4c
100001d4:	20001970 	.word	0x20001970
100001d8:	10001869 	.word	0x10001869
100001dc:	10000275 	.word	0x10000275
100001e0:	10001861 	.word	0x10001861

100001e4 <_init>:
100001e4:	b5f8      	push	{r3, r4, r5, r6, r7, lr}
100001e6:	bf00      	nop

100001e8 <deregister_tm_clones>:
100001e8:	4803      	ldr	r0, [pc, #12]	@ (100001f8 <deregister_tm_clones+0x10>)
100001ea:	4b04      	ldr	r3, [pc, #16]	@ (100001fc <deregister_tm_clones+0x14>)
100001ec:	4283      	cmp	r3, r0
100001ee:	d002      	beq.n	100001f6 <deregister_tm_clones+0xe>
100001f0:	4b03      	ldr	r3, [pc, #12]	@ (10000200 <deregister_tm_clones+0x18>)
100001f2:	b103      	cbz	r3, 100001f6 <deregister_tm_clones+0xe>
100001f4:	4718      	bx	r3
100001f6:	4770      	bx	lr
100001f8:	20000e4c 	.word	0x20000e4c
100001fc:	20000e4c 	.word	0x20000e4c
10000200:	00000000 	.word	0x00000000

10000204 <register_tm_clones>:
10000204:	4b06      	ldr	r3, [pc, #24]	@ (10000220 <register_tm_clones+0x1c>)
10000206:	4907      	ldr	r1, [pc, #28]	@ (10000224 <register_tm_clones+0x20>)
10000208:	1ac9      	subs	r1, r1, r3
1000020a:	1089      	asrs	r1, r1, #2
1000020c:	bf48      	it	mi
1000020e:	3101      	addmi	r1, #1
10000210:	1049      	asrs	r1, r1, #1
10000212:	d003      	beq.n	1000021c <register_tm_clones+0x18>
10000214:	4b04      	ldr	r3, [pc, #16]	@ (10000228 <register_tm_clones+0x24>)
10000216:	b10b      	cbz	r3, 1000021c <register_tm_clones+0x18>
10000218:	4801      	ldr	r0, [pc, #4]	@ (10000220 <register_tm_clones+0x1c>)
1000021a:	4718      	bx	r3
1000021c:	4770      	bx	lr
1000021e:	bf00      	nop
10000220:	20000e4c 	.word	0x20000e4c
10000224:	20000e4c 	.word	0x20000e4c
10000228:	00000000 	.word	0x00000000

1000022c <__do_global_dtors_aux>:
1000022c:	b510      	push	{r4, lr}
1000022e:	4c06      	ldr	r4, [pc, #24]	@ (10000248 <__do_global_dtors_aux+0x1c>)
10000230:	7823      	ldrb	r3, [r4, #0]
10000232:	b943      	cbnz	r3, 10000246 <__do_global_dtors_aux+0x1a>
10000234:	f7ff ffd8 	bl	100001e8 <deregister_tm_clones>
10000238:	4b04      	ldr	r3, [pc, #16]	@ (1000024c <__do_global_dtors_aux+0x20>)
1000023a:	b113      	cbz	r3, 10000242 <__do_global_dtors_aux+0x16>
1000023c:	4804      	ldr	r0, [pc, #16]	@ (10000250 <__do_global_dtors_aux+0x24>)
1000023e:	f3af 8000 	nop.w
10000242:	2301      	movs	r3, #1
10000244:	7023      	strb	r3, [r4, #0]
10000246:	bd10      	pop	{r4, pc}
10000248:	20000fd0 	.word	0x20000fd0
1000024c:	00000000 	.word	0x00000000
10000250:	10003b3c 	.word	0x10003b3c

10000254 <frame_dummy>:
10000254:	b508      	push	{r3, lr}
10000256:	4b04      	ldr	r3, [pc, #16]	@ (10000268 <frame_dummy+0x14>)
10000258:	b11b      	cbz	r3, 10000262 <frame_dummy+0xe>
1000025a:	4904      	ldr	r1, [pc, #16]	@ (1000026c <frame_dummy+0x18>)
1000025c:	4804      	ldr	r0, [pc, #16]	@ (10000270 <frame_dummy+0x1c>)
1000025e:	f3af 8000 	nop.w
10000262:	e8bd 4008 	ldmia.w	sp!, {r3, lr}
10000266:	e7cd      	b.n	10000204 <register_tm_clones>
10000268:	00000000 	.word	0x00000000
1000026c:	20000fd4 	.word	0x20000fd4
10000270:	10003b3c 	.word	0x10003b3c

10000274 <main>:
10000274:	b538      	push	{r3, r4, r5, lr}
10000276:	f001 fbf3 	bl	10001a60 <stdio_init_all>
1000027a:	2100      	movs	r1, #0
1000027c:	4608      	mov	r0, r1
1000027e:	f002 fe09 	bl	10002e94 <tusb_rhport_init>
10000282:	4d0e      	ldr	r5, [pc, #56]	@ (100002bc <main+0x48>)
10000284:	4c0e      	ldr	r4, [pc, #56]	@ (100002c0 <main+0x4c>)
10000286:	f04f 30ff 	mov.w	r0, #4294967295	@ 0xffffffff
1000028a:	2100      	movs	r1, #0
1000028c:	f001 ff94 	bl	100021b8 <tud_task_ext>
10000290:	2000      	movs	r0, #0
10000292:	f002 fcc7 	bl	10002c24 <tud_vendor_n_available>
10000296:	b160      	cbz	r0, 100002b2 <main+0x3e>
10000298:	2240      	movs	r2, #64	@ 0x40
1000029a:	4629      	mov	r1, r5
1000029c:	2000      	movs	r0, #0
1000029e:	f002 fccb 	bl	10002c38 <tud_vendor_n_read>
100002a2:	2203      	movs	r2, #3
100002a4:	2000      	movs	r0, #0
100002a6:	4621      	mov	r1, r4
100002a8:	f002 fcd0 	bl	10002c4c <tud_vendor_n_write>
100002ac:	2000      	movs	r0, #0
100002ae:	f002 fcd9 	bl	10002c64 <tud_vendor_n_write_flush>
100002b2:	2001      	movs	r0, #1
100002b4:	f000 ff46 	bl	10001144 <sleep_ms>
100002b8:	e7e5      	b.n	10000286 <main+0x12>
100002ba:	bf00      	nop
100002bc:	20001920 	.word	0x20001920
100002c0:	10003b3c 	.word	0x10003b3c

100002c4 <tud_descriptor_device_cb>:
100002c4:	4800      	ldr	r0, [pc, #0]	@ (100002c8 <tud_descriptor_device_cb+0x4>)
100002c6:	4770      	bx	lr
100002c8:	10003ccc 	.word	0x10003ccc

100002cc <tud_descriptor_configuration_cb>:
100002cc:	4800      	ldr	r0, [pc, #0]	@ (100002d0 <tud_descriptor_configuration_cb+0x4>)
100002ce:	4770      	bx	lr
100002d0:	10003cac 	.word	0x10003cac

100002d4 <tud_descriptor_string_cb>:
100002d4:	b538      	push	{r3, r4, r5, lr}
100002d6:	b948      	cbnz	r0, 100002ec <tud_descriptor_string_cb+0x18>
100002d8:	f240 4309 	movw	r3, #1033	@ 0x409
100002dc:	f44f 7e41 	mov.w	lr, #772	@ 0x304
100002e0:	4d1a      	ldr	r5, [pc, #104]	@ (1000034c <tud_descriptor_string_cb+0x78>)
100002e2:	806b      	strh	r3, [r5, #2]
100002e4:	4819      	ldr	r0, [pc, #100]	@ (1000034c <tud_descriptor_string_cb+0x78>)
100002e6:	f8a5 e000 	strh.w	lr, [r5]
100002ea:	bd38      	pop	{r3, r4, r5, pc}
100002ec:	2803      	cmp	r0, #3
100002ee:	d825      	bhi.n	1000033c <tud_descriptor_string_cb+0x68>
100002f0:	4b17      	ldr	r3, [pc, #92]	@ (10000350 <tud_descriptor_string_cb+0x7c>)
100002f2:	4d16      	ldr	r5, [pc, #88]	@ (1000034c <tud_descriptor_string_cb+0x78>)
100002f4:	f853 4020 	ldr.w	r4, [r3, r0, lsl #2]
100002f8:	4620      	mov	r0, r4
100002fa:	f003 fb59 	bl	100039b0 <strlen>
100002fe:	b2c0      	uxtb	r0, r0
10000300:	281f      	cmp	r0, #31
10000302:	4684      	mov	ip, r0
10000304:	bf28      	it	cs
10000306:	f04f 0c1f 	movcs.w	ip, #31
1000030a:	f10c 0e01 	add.w	lr, ip, #1
1000030e:	fa5f fe8e 	uxtb.w	lr, lr
10000312:	ea4f 0e4e 	mov.w	lr, lr, lsl #1
10000316:	f44e 7e40 	orr.w	lr, lr, #768	@ 0x300
1000031a:	2800      	cmp	r0, #0
1000031c:	d0e2      	beq.n	100002e4 <tud_descriptor_string_cb+0x10>
1000031e:	462a      	mov	r2, r5
10000320:	2300      	movs	r3, #0
10000322:	1e60      	subs	r0, r4, #1
10000324:	3301      	adds	r3, #1
10000326:	f810 1f01 	ldrb.w	r1, [r0, #1]!
1000032a:	b2db      	uxtb	r3, r3
1000032c:	459c      	cmp	ip, r3
1000032e:	f822 1f02 	strh.w	r1, [r2, #2]!
10000332:	d8f7      	bhi.n	10000324 <tud_descriptor_string_cb+0x50>
10000334:	4805      	ldr	r0, [pc, #20]	@ (1000034c <tud_descriptor_string_cb+0x78>)
10000336:	f8a5 e000 	strh.w	lr, [r5]
1000033a:	bd38      	pop	{r3, r4, r5, pc}
1000033c:	f240 3e02 	movw	lr, #770	@ 0x302
10000340:	4d02      	ldr	r5, [pc, #8]	@ (1000034c <tud_descriptor_string_cb+0x78>)
10000342:	4802      	ldr	r0, [pc, #8]	@ (1000034c <tud_descriptor_string_cb+0x78>)
10000344:	f8a5 e000 	strh.w	lr, [r5]
10000348:	bd38      	pop	{r3, r4, r5, pc}
1000034a:	bf00      	nop
1000034c:	200011d8 	.word	0x200011d8
10000350:	10003c9c 	.word	0x10003c9c

10000354 <gpio_set_function>:
10000354:	b410      	push	{r4}
10000356:	f44f 7480 	mov.w	r4, #256	@ 0x100
1000035a:	4b0c      	ldr	r3, [pc, #48]	@ (1000038c <gpio_set_function+0x38>)
1000035c:	f853 2020 	ldr.w	r2, [r3, r0, lsl #2]
10000360:	eb03 0380 	add.w	r3, r3, r0, lsl #2
10000364:	00c0      	lsls	r0, r0, #3
10000366:	f082 0240 	eor.w	r2, r2, #64	@ 0x40
1000036a:	f100 4080 	add.w	r0, r0, #1073741824	@ 0x40000000
1000036e:	f503 5c80 	add.w	ip, r3, #4096	@ 0x1000
10000372:	f002 02c0 	and.w	r2, r2, #192	@ 0xc0
10000376:	f500 3020 	add.w	r0, r0, #163840	@ 0x28000
1000037a:	f503 5340 	add.w	r3, r3, #12288	@ 0x3000
1000037e:	f8cc 2000 	str.w	r2, [ip]
10000382:	6041      	str	r1, [r0, #4]
10000384:	601c      	str	r4, [r3, #0]
10000386:	f85d 4b04 	ldr.w	r4, [sp], #4
1000038a:	4770      	bx	lr
1000038c:	40038004 	.word	0x40038004

10000390 <panic>:
10000390:	b40f      	push	{r0, r1, r2, r3}
10000392:	b500      	push	{lr}
10000394:	b083      	sub	sp, #12
10000396:	9c04      	ldr	r4, [sp, #16]
10000398:	4807      	ldr	r0, [pc, #28]	@ (100003b8 <panic+0x28>)
1000039a:	f001 fba9 	bl	10001af0 <__wrap_puts>
1000039e:	b13c      	cbz	r4, 100003b0 <panic+0x20>
100003a0:	a905      	add	r1, sp, #20
100003a2:	4620      	mov	r0, r4
100003a4:	9101      	str	r1, [sp, #4]
100003a6:	f001 fa41 	bl	1000182c <weak_raw_vprintf>
100003aa:	4804      	ldr	r0, [pc, #16]	@ (100003bc <panic+0x2c>)
100003ac:	f001 fba0 	bl	10001af0 <__wrap_puts>
100003b0:	2001      	movs	r0, #1
100003b2:	f001 fa53 	bl	1000185c <_exit>
100003b6:	bf00      	nop
100003b8:	10003b68 	.word	0x10003b68
100003bc:	10003b78 	.word	0x10003b78

100003c0 <hw_claim_or_assert>:
100003c0:	b570      	push	{r4, r5, r6, lr}
100003c2:	4686      	mov	lr, r0
100003c4:	f3ef 8510 	mrs	r5, PRIMASK
100003c8:	b672      	cpsid	i
100003ca:	4c12      	ldr	r4, [pc, #72]	@ (10000414 <hw_claim_or_assert+0x54>)
100003cc:	e8d4 6fcf 	ldaexb	r6, [r4]
100003d0:	2001      	movs	r0, #1
100003d2:	2e00      	cmp	r6, #0
100003d4:	d1fa      	bne.n	100003cc <hw_claim_or_assert+0xc>
100003d6:	e8c4 0f46 	strexb	r6, r0, [r4]
100003da:	2e00      	cmp	r6, #0
100003dc:	d1f6      	bne.n	100003cc <hw_claim_or_assert+0xc>
100003de:	f3bf 8f5f 	dmb	sy
100003e2:	f04f 0c01 	mov.w	ip, #1
100003e6:	08c8      	lsrs	r0, r1, #3
100003e8:	f001 0307 	and.w	r3, r1, #7
100003ec:	fa0c f303 	lsl.w	r3, ip, r3
100003f0:	f81e c000 	ldrb.w	ip, [lr, r0]
100003f4:	ea1c 0603 	ands.w	r6, ip, r3
100003f8:	d108      	bne.n	1000040c <hw_claim_or_assert+0x4c>
100003fa:	ea4c 0c03 	orr.w	ip, ip, r3
100003fe:	f80e c000 	strb.w	ip, [lr, r0]
10000402:	e8c4 6f8f 	stlb	r6, [r4]
10000406:	f385 8810 	msr	PRIMASK, r5
1000040a:	bd70      	pop	{r4, r5, r6, pc}
1000040c:	4610      	mov	r0, r2
1000040e:	f7ff ffbf 	bl	10000390 <panic>
10000412:	bf00      	nop
10000414:	20001223 	.word	0x20001223

10000418 <hw_claim_unused_from_range>:
10000418:	b5f8      	push	{r3, r4, r5, r6, r7, lr}
1000041a:	f3ef 8510 	mrs	r5, PRIMASK
1000041e:	b672      	cpsid	i
10000420:	4c23      	ldr	r4, [pc, #140]	@ (100004b0 <hw_claim_unused_from_range+0x98>)
10000422:	e8d4 7fcf 	ldaexb	r7, [r4]
10000426:	2601      	movs	r6, #1
10000428:	2f00      	cmp	r7, #0
1000042a:	d1fa      	bne.n	10000422 <hw_claim_unused_from_range+0xa>
1000042c:	e8c4 6f47 	strexb	r7, r6, [r4]
10000430:	2f00      	cmp	r7, #0
10000432:	d1f6      	bne.n	10000422 <hw_claim_unused_from_range+0xa>
10000434:	f3bf 8f5f 	dmb	sy
10000438:	429a      	cmp	r2, r3
1000043a:	d827      	bhi.n	1000048c <hw_claim_unused_from_range+0x74>
1000043c:	2601      	movs	r6, #1
1000043e:	08d7      	lsrs	r7, r2, #3
10000440:	f810 e007 	ldrb.w	lr, [r0, r7]
10000444:	f002 0c07 	and.w	ip, r2, #7
10000448:	fa06 fc0c 	lsl.w	ip, r6, ip
1000044c:	ea1e 0f0c 	tst.w	lr, ip
10000450:	eb00 07d2 	add.w	r7, r0, r2, lsr #3
10000454:	d10d      	bne.n	10000472 <hw_claim_unused_from_range+0x5a>
10000456:	e025      	b.n	100004a4 <hw_claim_unused_from_range+0x8c>
10000458:	ea4f 0ed2 	mov.w	lr, r2, lsr #3
1000045c:	f810 e00e 	ldrb.w	lr, [r0, lr]
10000460:	f002 0c07 	and.w	ip, r2, #7
10000464:	fa06 fc0c 	lsl.w	ip, r6, ip
10000468:	ea1e 0f0c 	tst.w	lr, ip
1000046c:	eb00 07d2 	add.w	r7, r0, r2, lsr #3
10000470:	d018      	beq.n	100004a4 <hw_claim_unused_from_range+0x8c>
10000472:	3201      	adds	r2, #1
10000474:	4293      	cmp	r3, r2
10000476:	d2ef      	bcs.n	10000458 <hw_claim_unused_from_range+0x40>
10000478:	f04f 30ff 	mov.w	r0, #4294967295	@ 0xffffffff
1000047c:	2300      	movs	r3, #0
1000047e:	e8c4 3f8f 	stlb	r3, [r4]
10000482:	f385 8810 	msr	PRIMASK, r5
10000486:	4298      	cmp	r0, r3
10000488:	db07      	blt.n	1000049a <hw_claim_unused_from_range+0x82>
1000048a:	bdf8      	pop	{r3, r4, r5, r6, r7, pc}
1000048c:	2300      	movs	r3, #0
1000048e:	e8c4 3f8f 	stlb	r3, [r4]
10000492:	f385 8810 	msr	PRIMASK, r5
10000496:	f04f 30ff 	mov.w	r0, #4294967295	@ 0xffffffff
1000049a:	2900      	cmp	r1, #0
1000049c:	d0f5      	beq.n	1000048a <hw_claim_unused_from_range+0x72>
1000049e:	9806      	ldr	r0, [sp, #24]
100004a0:	f7ff ff76 	bl	10000390 <panic>
100004a4:	ea4e 0e0c 	orr.w	lr, lr, ip
100004a8:	4610      	mov	r0, r2
100004aa:	f887 e000 	strb.w	lr, [r7]
100004ae:	e7e5      	b.n	1000047c <hw_claim_unused_from_range+0x64>
100004b0:	20001223 	.word	0x20001223

100004b4 <next_striped_spin_lock_num>:
100004b4:	4a04      	ldr	r2, [pc, #16]	@ (100004c8 <next_striped_spin_lock_num+0x14>)
100004b6:	7810      	ldrb	r0, [r2, #0]
100004b8:	1c43      	adds	r3, r0, #1
100004ba:	b2db      	uxtb	r3, r3
100004bc:	2b18      	cmp	r3, #24
100004be:	bf28      	it	cs
100004c0:	2310      	movcs	r3, #16
100004c2:	7013      	strb	r3, [r2, #0]
100004c4:	4770      	bx	lr
100004c6:	bf00      	nop
100004c8:	20000da8 	.word	0x20000da8

100004cc <spin_lock_claim_unused>:
100004cc:	b510      	push	{r4, lr}
100004ce:	4c05      	ldr	r4, [pc, #20]	@ (100004e4 <spin_lock_claim_unused+0x18>)
100004d0:	b082      	sub	sp, #8
100004d2:	4601      	mov	r1, r0
100004d4:	231f      	movs	r3, #31
100004d6:	2218      	movs	r2, #24
100004d8:	9400      	str	r4, [sp, #0]
100004da:	4803      	ldr	r0, [pc, #12]	@ (100004e8 <spin_lock_claim_unused+0x1c>)
100004dc:	f7ff ff9c 	bl	10000418 <hw_claim_unused_from_range>
100004e0:	b002      	add	sp, #8
100004e2:	bd10      	pop	{r4, pc}
100004e4:	10003b7c 	.word	0x10003b7c
100004e8:	200014b4 	.word	0x200014b4

100004ec <spinlock_set_extexclall>:
100004ec:	f04f 22e0 	mov.w	r2, #3758153728	@ 0xe000e000
100004f0:	6893      	ldr	r3, [r2, #8]
100004f2:	f043 5300 	orr.w	r3, r3, #536870912	@ 0x20000000
100004f6:	6093      	str	r3, [r2, #8]
100004f8:	4770      	bx	lr
100004fa:	bf00      	nop

100004fc <spin_locks_reset>:
100004fc:	2100      	movs	r1, #0
100004fe:	4b04      	ldr	r3, [pc, #16]	@ (10000510 <spin_locks_reset+0x14>)
10000500:	f103 0220 	add.w	r2, r3, #32
10000504:	e8c3 1f8f 	stlb	r1, [r3]
10000508:	3301      	adds	r3, #1
1000050a:	4293      	cmp	r3, r2
1000050c:	d1fa      	bne.n	10000504 <spin_locks_reset+0x8>
1000050e:	4770      	bx	lr
10000510:	20001218 	.word	0x20001218

10000514 <runtime_init_per_core_irq_priorities>:
10000514:	f04f 23e0 	mov.w	r3, #3758153728	@ 0xe000e000
10000518:	f04f 3280 	mov.w	r2, #2155905152	@ 0x80808080
1000051c:	f8c3 2400 	str.w	r2, [r3, #1024]	@ 0x400
10000520:	f8c3 2404 	str.w	r2, [r3, #1028]	@ 0x404
10000524:	f8c3 2408 	str.w	r2, [r3, #1032]	@ 0x408
10000528:	f8c3 240c 	str.w	r2, [r3, #1036]	@ 0x40c
1000052c:	f8c3 2410 	str.w	r2, [r3, #1040]	@ 0x410
10000530:	f8c3 2414 	str.w	r2, [r3, #1044]	@ 0x414
10000534:	f8c3 2418 	str.w	r2, [r3, #1048]	@ 0x418
10000538:	f8c3 241c 	str.w	r2, [r3, #1052]	@ 0x41c
1000053c:	f8c3 2420 	str.w	r2, [r3, #1056]	@ 0x420
10000540:	f8c3 2424 	str.w	r2, [r3, #1060]	@ 0x424
10000544:	f8c3 2428 	str.w	r2, [r3, #1064]	@ 0x428
10000548:	f8c3 242c 	str.w	r2, [r3, #1068]	@ 0x42c
1000054c:	f8c3 2430 	str.w	r2, [r3, #1072]	@ 0x430
10000550:	b662      	cpsie	i
10000552:	4770      	bx	lr

10000554 <irq_set_enabled>:
10000554:	2301      	movs	r3, #1
10000556:	f000 021f 	and.w	r2, r0, #31
1000055a:	4093      	lsls	r3, r2
1000055c:	0940      	lsrs	r0, r0, #5
1000055e:	b141      	cbz	r1, 10000572 <irq_set_enabled+0x1e>
10000560:	0080      	lsls	r0, r0, #2
10000562:	f100 4060 	add.w	r0, r0, #3758096384	@ 0xe0000000
10000566:	f500 4061 	add.w	r0, r0, #57600	@ 0xe100
1000056a:	f8c0 3180 	str.w	r3, [r0, #384]	@ 0x180
1000056e:	6003      	str	r3, [r0, #0]
10000570:	4770      	bx	lr
10000572:	4a02      	ldr	r2, [pc, #8]	@ (1000057c <irq_set_enabled+0x28>)
10000574:	3020      	adds	r0, #32
10000576:	f842 3020 	str.w	r3, [r2, r0, lsl #2]
1000057a:	4770      	bx	lr
1000057c:	e000e100 	.word	0xe000e100

10000580 <irq_set_exclusive_handler>:
10000580:	b5f8      	push	{r3, r4, r5, r6, r7, lr}
10000582:	460d      	mov	r5, r1
10000584:	f3ef 8710 	mrs	r7, PRIMASK
10000588:	b672      	cpsid	i
1000058a:	4e12      	ldr	r6, [pc, #72]	@ (100005d4 <irq_set_exclusive_handler+0x54>)
1000058c:	e8d6 2fcf 	ldaexb	r2, [r6]
10000590:	2301      	movs	r3, #1
10000592:	2a00      	cmp	r2, #0
10000594:	d1fa      	bne.n	1000058c <irq_set_exclusive_handler+0xc>
10000596:	e8c6 3f42 	strexb	r2, r3, [r6]
1000059a:	2a00      	cmp	r2, #0
1000059c:	d1f6      	bne.n	1000058c <irq_set_exclusive_handler+0xc>
1000059e:	f3bf 8f5f 	dmb	sy
100005a2:	4b0d      	ldr	r3, [pc, #52]	@ (100005d8 <irq_set_exclusive_handler+0x58>)
100005a4:	f100 0410 	add.w	r4, r0, #16
100005a8:	689b      	ldr	r3, [r3, #8]
100005aa:	4a0c      	ldr	r2, [pc, #48]	@ (100005dc <irq_set_exclusive_handler+0x5c>)
100005ac:	f853 3024 	ldr.w	r3, [r3, r4, lsl #2]
100005b0:	4293      	cmp	r3, r2
100005b2:	d003      	beq.n	100005bc <irq_set_exclusive_handler+0x3c>
100005b4:	4299      	cmp	r1, r3
100005b6:	d001      	beq.n	100005bc <irq_set_exclusive_handler+0x3c>
100005b8:	f001 f820 	bl	100015fc <hard_assertion_failure>
100005bc:	4b06      	ldr	r3, [pc, #24]	@ (100005d8 <irq_set_exclusive_handler+0x58>)
100005be:	689b      	ldr	r3, [r3, #8]
100005c0:	f843 5024 	str.w	r5, [r3, r4, lsl #2]
100005c4:	f3bf 8f5f 	dmb	sy
100005c8:	2300      	movs	r3, #0
100005ca:	e8c6 3f8f 	stlb	r3, [r6]
100005ce:	f387 8810 	msr	PRIMASK, r7
100005d2:	bdf8      	pop	{r3, r4, r5, r6, r7, pc}
100005d4:	20001221 	.word	0x20001221
100005d8:	e000ed00 	.word	0xe000ed00
100005dc:	10000111 	.word	0x10000111

100005e0 <irq_add_shared_handler>:
100005e0:	e92d 4ff0 	stmdb	sp!, {r4, r5, r6, r7, r8, r9, sl, fp, lr}
100005e4:	4681      	mov	r9, r0
100005e6:	468b      	mov	fp, r1
100005e8:	4616      	mov	r6, r2
100005ea:	b083      	sub	sp, #12
100005ec:	f3ef 8310 	mrs	r3, PRIMASK
100005f0:	b672      	cpsid	i
100005f2:	f8df a1d0 	ldr.w	sl, [pc, #464]	@ 100007c4 <irq_add_shared_handler+0x1e4>
100005f6:	9300      	str	r3, [sp, #0]
100005f8:	e8da 1fcf 	ldaexb	r1, [sl]
100005fc:	2301      	movs	r3, #1
100005fe:	2900      	cmp	r1, #0
10000600:	d1fa      	bne.n	100005f8 <irq_add_shared_handler+0x18>
10000602:	e8ca 3f41 	strexb	r1, r3, [sl]
10000606:	2900      	cmp	r1, #0
10000608:	d1f6      	bne.n	100005f8 <irq_add_shared_handler+0x18>
1000060a:	f3bf 8f5f 	dmb	sy
1000060e:	4b66      	ldr	r3, [pc, #408]	@ (100007a8 <irq_add_shared_handler+0x1c8>)
10000610:	f993 4000 	ldrsb.w	r4, [r3]
10000614:	2c00      	cmp	r4, #0
10000616:	f2c0 80a0 	blt.w	1000075a <irq_add_shared_handler+0x17a>
1000061a:	4d64      	ldr	r5, [pc, #400]	@ (100007ac <irq_add_shared_handler+0x1cc>)
1000061c:	eb04 0744 	add.w	r7, r4, r4, lsl #1
10000620:	eb05 0887 	add.w	r8, r5, r7, lsl #2
10000624:	f898 1006 	ldrb.w	r1, [r8, #6]
10000628:	f109 0910 	add.w	r9, r9, #16
1000062c:	7019      	strb	r1, [r3, #0]
1000062e:	4b60      	ldr	r3, [pc, #384]	@ (100007b0 <irq_add_shared_handler+0x1d0>)
10000630:	00bf      	lsls	r7, r7, #2
10000632:	689b      	ldr	r3, [r3, #8]
10000634:	f853 0029 	ldr.w	r0, [r3, r9, lsl #2]
10000638:	0063      	lsls	r3, r4, #1
1000063a:	1b41      	subs	r1, r0, r5
1000063c:	292f      	cmp	r1, #47	@ 0x2f
1000063e:	d92f      	bls.n	100006a0 <irq_add_shared_handler+0xc0>
10000640:	495c      	ldr	r1, [pc, #368]	@ (100007b4 <irq_add_shared_handler+0x1d4>)
10000642:	4288      	cmp	r0, r1
10000644:	f040 80a4 	bne.w	10000790 <irq_add_shared_handler+0x1b0>
10000648:	441c      	add	r4, r3
1000064a:	4b5b      	ldr	r3, [pc, #364]	@ (100007b8 <irq_add_shared_handler+0x1d8>)
1000064c:	3702      	adds	r7, #2
1000064e:	442f      	add	r7, r5
10000650:	3b04      	subs	r3, #4
10000652:	1bdb      	subs	r3, r3, r7
10000654:	f3c3 034a 	ubfx	r3, r3, #1, #11
10000658:	ea6f 43c3 	mvn.w	r3, r3, lsl #19
1000065c:	f44f 4121 	mov.w	r1, #41216	@ 0xa100
10000660:	ea6f 43d3 	mvn.w	r3, r3, lsr #19
10000664:	f825 1024 	strh.w	r1, [r5, r4, lsl #2]
10000668:	eb05 0484 	add.w	r4, r5, r4, lsl #2
1000066c:	8063      	strh	r3, [r4, #2]
1000066e:	f64b 5301 	movw	r3, #48385	@ 0xbd01
10000672:	80a3      	strh	r3, [r4, #4]
10000674:	23ff      	movs	r3, #255	@ 0xff
10000676:	f048 0001 	orr.w	r0, r8, #1
1000067a:	71e6      	strb	r6, [r4, #7]
1000067c:	f8c4 b008 	str.w	fp, [r4, #8]
10000680:	71a3      	strb	r3, [r4, #6]
10000682:	4b4b      	ldr	r3, [pc, #300]	@ (100007b0 <irq_add_shared_handler+0x1d0>)
10000684:	689b      	ldr	r3, [r3, #8]
10000686:	f843 0029 	str.w	r0, [r3, r9, lsl #2]
1000068a:	f3bf 8f5f 	dmb	sy
1000068e:	2300      	movs	r3, #0
10000690:	e8ca 3f8f 	stlb	r3, [sl]
10000694:	9b00      	ldr	r3, [sp, #0]
10000696:	f383 8810 	msr	PRIMASK, r3
1000069a:	b003      	add	sp, #12
1000069c:	e8bd 8ff0 	ldmia.w	sp!, {r4, r5, r6, r7, r8, r9, sl, fp, pc}
100006a0:	f020 0e01 	bic.w	lr, r0, #1
100006a4:	f89e 1007 	ldrb.w	r1, [lr, #7]
100006a8:	42b1      	cmp	r1, r6
100006aa:	d82e      	bhi.n	1000070a <irq_add_shared_handler+0x12a>
100006ac:	f44f 4321 	mov.w	r3, #41216	@ 0xa100
100006b0:	53eb      	strh	r3, [r5, r7]
100006b2:	4b41      	ldr	r3, [pc, #260]	@ (100007b8 <irq_add_shared_handler+0x1d8>)
100006b4:	1cb9      	adds	r1, r7, #2
100006b6:	4429      	add	r1, r5
100006b8:	3b04      	subs	r3, #4
100006ba:	3704      	adds	r7, #4
100006bc:	1a5b      	subs	r3, r3, r1
100006be:	442f      	add	r7, r5
100006c0:	f1ae 0104 	sub.w	r1, lr, #4
100006c4:	4c3d      	ldr	r4, [pc, #244]	@ (100007bc <irq_add_shared_handler+0x1dc>)
100006c6:	1bc9      	subs	r1, r1, r7
100006c8:	f3c1 014a 	ubfx	r1, r1, #1, #11
100006cc:	4321      	orrs	r1, r4
100006ce:	f8a8 1004 	strh.w	r1, [r8, #4]
100006d2:	f3c3 034a 	ubfx	r3, r3, #1, #11
100006d6:	493a      	ldr	r1, [pc, #232]	@ (100007c0 <irq_add_shared_handler+0x1e0>)
100006d8:	4323      	orrs	r3, r4
100006da:	f8a8 3002 	strh.w	r3, [r8, #2]
100006de:	f64a 20aa 	movw	r0, #43690	@ 0xaaaa
100006e2:	4673      	mov	r3, lr
100006e4:	1b5b      	subs	r3, r3, r5
100006e6:	415b      	adcs	r3, r3
100006e8:	4358      	muls	r0, r3
100006ea:	0d00      	lsrs	r0, r0, #20
100006ec:	f888 6007 	strb.w	r6, [r8, #7]
100006f0:	f888 0006 	strb.w	r0, [r8, #6]
100006f4:	f8c8 b008 	str.w	fp, [r8, #8]
100006f8:	f048 0001 	orr.w	r0, r8, #1
100006fc:	f8ce 1000 	str.w	r1, [lr]
10000700:	e7bf      	b.n	10000682 <irq_add_shared_handler+0xa2>
10000702:	79d1      	ldrb	r1, [r2, #7]
10000704:	42b1      	cmp	r1, r6
10000706:	d92e      	bls.n	10000766 <irq_add_shared_handler+0x186>
10000708:	4696      	mov	lr, r2
1000070a:	f99e c006 	ldrsb.w	ip, [lr, #6]
1000070e:	eb0c 024c 	add.w	r2, ip, ip, lsl #1
10000712:	f1bc 0f00 	cmp.w	ip, #0
10000716:	eb05 0282 	add.w	r2, r5, r2, lsl #2
1000071a:	daf2      	bge.n	10000702 <irq_add_shared_handler+0x122>
1000071c:	f64b 5101 	movw	r1, #48385	@ 0xbd01
10000720:	f10e 0204 	add.w	r2, lr, #4
10000724:	f1a8 0704 	sub.w	r7, r8, #4
10000728:	1abf      	subs	r7, r7, r2
1000072a:	f3c7 074a 	ubfx	r7, r7, #1, #11
1000072e:	ea6f 47c7 	mvn.w	r7, r7, lsl #19
10000732:	ea6f 47d7 	mvn.w	r7, r7, lsr #19
10000736:	f88e 4006 	strb.w	r4, [lr, #6]
1000073a:	eb03 0804 	add.w	r8, r3, r4
1000073e:	4c20      	ldr	r4, [pc, #128]	@ (100007c0 <irq_add_shared_handler+0x1e0>)
10000740:	eb05 0388 	add.w	r3, r5, r8, lsl #2
10000744:	f8ae 7004 	strh.w	r7, [lr, #4]
10000748:	f845 4028 	str.w	r4, [r5, r8, lsl #2]
1000074c:	8099      	strh	r1, [r3, #4]
1000074e:	f883 c006 	strb.w	ip, [r3, #6]
10000752:	71de      	strb	r6, [r3, #7]
10000754:	f8c3 b008 	str.w	fp, [r3, #8]
10000758:	e793      	b.n	10000682 <irq_add_shared_handler+0xa2>
1000075a:	f000 ff4f 	bl	100015fc <hard_assertion_failure>
1000075e:	4b12      	ldr	r3, [pc, #72]	@ (100007a8 <irq_add_shared_handler+0x1c8>)
10000760:	f993 4000 	ldrsb.w	r4, [r3]
10000764:	e759      	b.n	1000061a <irq_add_shared_handler+0x3a>
10000766:	4672      	mov	r2, lr
10000768:	f832 1f04 	ldrh.w	r1, [r2, #4]!
1000076c:	0549      	lsls	r1, r1, #21
1000076e:	d414      	bmi.n	1000079a <irq_add_shared_handler+0x1ba>
10000770:	1549      	asrs	r1, r1, #21
10000772:	3102      	adds	r1, #2
10000774:	eb02 0141 	add.w	r1, r2, r1, lsl #1
10000778:	9101      	str	r1, [sp, #4]
1000077a:	f06f 0107 	mvn.w	r1, #7
1000077e:	1bc9      	subs	r1, r1, r7
10000780:	9f01      	ldr	r7, [sp, #4]
10000782:	1b49      	subs	r1, r1, r5
10000784:	4439      	add	r1, r7
10000786:	f3c1 014a 	ubfx	r1, r1, #1, #11
1000078a:	f441 4160 	orr.w	r1, r1, #57344	@ 0xe000
1000078e:	e7c9      	b.n	10000724 <irq_add_shared_handler+0x144>
10000790:	9301      	str	r3, [sp, #4]
10000792:	f000 ff33 	bl	100015fc <hard_assertion_failure>
10000796:	9b01      	ldr	r3, [sp, #4]
10000798:	e756      	b.n	10000648 <irq_add_shared_handler+0x68>
1000079a:	f501 11ff 	add.w	r1, r1, #2088960	@ 0x1fe000
1000079e:	f501 51ff 	add.w	r1, r1, #8160	@ 0x1fe0
100007a2:	311f      	adds	r1, #31
100007a4:	e7e4      	b.n	10000770 <irq_add_shared_handler+0x190>
100007a6:	bf00      	nop
100007a8:	2000196f 	.word	0x2000196f
100007ac:	20000dac 	.word	0x20000dac
100007b0:	e000ed00 	.word	0xe000ed00
100007b4:	10000111 	.word	0x10000111
100007b8:	20000ddc 	.word	0x20000ddc
100007bc:	ffffe000 	.word	0xffffe000
100007c0:	47804801 	.word	0x47804801
100007c4:	20001221 	.word	0x20001221

100007c8 <irq_remove_handler>:
100007c8:	e92d 4ff0 	stmdb	sp!, {r4, r5, r6, r7, r8, r9, sl, fp, lr}
100007cc:	b083      	sub	sp, #12
100007ce:	f3ef 8a10 	mrs	sl, PRIMASK
100007d2:	b672      	cpsid	i
100007d4:	4e74      	ldr	r6, [pc, #464]	@ (100009a8 <irq_remove_handler+0x1e0>)
100007d6:	e8d6 2fcf 	ldaexb	r2, [r6]
100007da:	2301      	movs	r3, #1
100007dc:	2a00      	cmp	r2, #0
100007de:	d1fa      	bne.n	100007d6 <irq_remove_handler+0xe>
100007e0:	e8c6 3f42 	strexb	r2, r3, [r6]
100007e4:	2a00      	cmp	r2, #0
100007e6:	d1f6      	bne.n	100007d6 <irq_remove_handler+0xe>
100007e8:	f3bf 8f5f 	dmb	sy
100007ec:	4b6f      	ldr	r3, [pc, #444]	@ (100009ac <irq_remove_handler+0x1e4>)
100007ee:	f100 0810 	add.w	r8, r0, #16
100007f2:	689b      	ldr	r3, [r3, #8]
100007f4:	4a6e      	ldr	r2, [pc, #440]	@ (100009b0 <irq_remove_handler+0x1e8>)
100007f6:	f853 5028 	ldr.w	r5, [r3, r8, lsl #2]
100007fa:	4295      	cmp	r5, r2
100007fc:	d03f      	beq.n	1000087e <irq_remove_handler+0xb6>
100007fe:	428d      	cmp	r5, r1
10000800:	460c      	mov	r4, r1
10000802:	d04a      	beq.n	1000089a <irq_remove_handler+0xd2>
10000804:	4f6b      	ldr	r7, [pc, #428]	@ (100009b4 <irq_remove_handler+0x1ec>)
10000806:	1beb      	subs	r3, r5, r7
10000808:	2b2f      	cmp	r3, #47	@ 0x2f
1000080a:	d838      	bhi.n	1000087e <irq_remove_handler+0xb6>
1000080c:	2101      	movs	r1, #1
1000080e:	ea4f 1950 	mov.w	r9, r0, lsr #5
10000812:	ea4f 0989 	mov.w	r9, r9, lsl #2
10000816:	f109 4960 	add.w	r9, r9, #3758096384	@ 0xe0000000
1000081a:	f509 4961 	add.w	r9, r9, #57600	@ 0xe100
1000081e:	f000 031f 	and.w	r3, r0, #31
10000822:	fa01 f003 	lsl.w	r0, r1, r3
10000826:	f8d9 3000 	ldr.w	r3, [r9]
1000082a:	f8c9 0080 	str.w	r0, [r9, #128]	@ 0x80
1000082e:	ea00 0b03 	and.w	fp, r0, r3
10000832:	f3bf 8f5f 	dmb	sy
10000836:	f3ef 8105 	mrs	r1, IPSR
1000083a:	b2c9      	uxtb	r1, r1
1000083c:	b379      	cbz	r1, 1000089e <irq_remove_handler+0xd6>
1000083e:	4588      	cmp	r8, r1
10000840:	d177      	bne.n	10000932 <irq_remove_handler+0x16a>
10000842:	f025 0e01 	bic.w	lr, r5, #1
10000846:	f8de c008 	ldr.w	ip, [lr, #8]
1000084a:	4564      	cmp	r4, ip
1000084c:	d105      	bne.n	1000085a <irq_remove_handler+0x92>
1000084e:	e07c      	b.n	1000094a <irq_remove_handler+0x182>
10000850:	f8d3 c008 	ldr.w	ip, [r3, #8]
10000854:	4564      	cmp	r4, ip
10000856:	d032      	beq.n	100008be <irq_remove_handler+0xf6>
10000858:	469e      	mov	lr, r3
1000085a:	f99e 2006 	ldrsb.w	r2, [lr, #6]
1000085e:	eb02 0342 	add.w	r3, r2, r2, lsl #1
10000862:	2a00      	cmp	r2, #0
10000864:	eb07 0383 	add.w	r3, r7, r3, lsl #2
10000868:	daf2      	bge.n	10000850 <irq_remove_handler+0x88>
1000086a:	4564      	cmp	r4, ip
1000086c:	f000 8081 	beq.w	10000972 <irq_remove_handler+0x1aa>
10000870:	f1bb 0f00 	cmp.w	fp, #0
10000874:	d020      	beq.n	100008b8 <irq_remove_handler+0xf0>
10000876:	f8c9 0180 	str.w	r0, [r9, #384]	@ 0x180
1000087a:	f8c9 0000 	str.w	r0, [r9]
1000087e:	4b4b      	ldr	r3, [pc, #300]	@ (100009ac <irq_remove_handler+0x1e4>)
10000880:	689b      	ldr	r3, [r3, #8]
10000882:	f843 5028 	str.w	r5, [r3, r8, lsl #2]
10000886:	f3bf 8f5f 	dmb	sy
1000088a:	2300      	movs	r3, #0
1000088c:	e8c6 3f8f 	stlb	r3, [r6]
10000890:	f38a 8810 	msr	PRIMASK, sl
10000894:	b003      	add	sp, #12
10000896:	e8bd 8ff0 	ldmia.w	sp!, {r4, r5, r6, r7, r8, r9, sl, fp, pc}
1000089a:	4615      	mov	r5, r2
1000089c:	e7ef      	b.n	1000087e <irq_remove_handler+0xb6>
1000089e:	f025 0e01 	bic.w	lr, r5, #1
100008a2:	f8de c008 	ldr.w	ip, [lr, #8]
100008a6:	4564      	cmp	r4, ip
100008a8:	d1d7      	bne.n	1000085a <irq_remove_handler+0x92>
100008aa:	f99e 4006 	ldrsb.w	r4, [lr, #6]
100008ae:	4673      	mov	r3, lr
100008b0:	2c00      	cmp	r4, #0
100008b2:	da08      	bge.n	100008c6 <irq_remove_handler+0xfe>
100008b4:	4615      	mov	r5, r2
100008b6:	e066      	b.n	10000986 <irq_remove_handler+0x1be>
100008b8:	f8c9 0080 	str.w	r0, [r9, #128]	@ 0x80
100008bc:	e7df      	b.n	1000087e <irq_remove_handler+0xb6>
100008be:	f993 4006 	ldrsb.w	r4, [r3, #6]
100008c2:	2c00      	cmp	r4, #0
100008c4:	db56      	blt.n	10000974 <irq_remove_handler+0x1ac>
100008c6:	eb04 0c44 	add.w	ip, r4, r4, lsl #1
100008ca:	eb07 0c8c 	add.w	ip, r7, ip, lsl #2
100008ce:	f8dc 2008 	ldr.w	r2, [ip, #8]
100008d2:	0061      	lsls	r1, r4, #1
100008d4:	609a      	str	r2, [r3, #8]
100008d6:	f89c 2007 	ldrb.w	r2, [ip, #7]
100008da:	71da      	strb	r2, [r3, #7]
100008dc:	f99c 2006 	ldrsb.w	r2, [ip, #6]
100008e0:	2a00      	cmp	r2, #0
100008e2:	719a      	strb	r2, [r3, #6]
100008e4:	db5d      	blt.n	100009a2 <irq_remove_handler+0x1da>
100008e6:	f8bc 2004 	ldrh.w	r2, [ip, #4]
100008ea:	0552      	lsls	r2, r2, #21
100008ec:	d504      	bpl.n	100008f8 <irq_remove_handler+0x130>
100008ee:	f502 12ff 	add.w	r2, r2, #2088960	@ 0x1fe000
100008f2:	f502 52ff 	add.w	r2, r2, #8160	@ 0x1fe0
100008f6:	321f      	adds	r2, #31
100008f8:	1552      	asrs	r2, r2, #21
100008fa:	f102 0c02 	add.w	ip, r2, #2
100008fe:	f04f 0e04 	mov.w	lr, #4
10000902:	220c      	movs	r2, #12
10000904:	fb12 e204 	smlabb	r2, r2, r4, lr
10000908:	eb02 024c 	add.w	r2, r2, ip, lsl #1
1000090c:	f06f 0c07 	mvn.w	ip, #7
10000910:	443a      	add	r2, r7
10000912:	ebac 0c03 	sub.w	ip, ip, r3
10000916:	4462      	add	r2, ip
10000918:	f3c2 024a 	ubfx	r2, r2, #1, #11
1000091c:	f442 4260 	orr.w	r2, r2, #57344	@ 0xe000
10000920:	809a      	strh	r2, [r3, #4]
10000922:	4b25      	ldr	r3, [pc, #148]	@ (100009b8 <irq_remove_handler+0x1f0>)
10000924:	4421      	add	r1, r4
10000926:	781a      	ldrb	r2, [r3, #0]
10000928:	eb07 0181 	add.w	r1, r7, r1, lsl #2
1000092c:	701c      	strb	r4, [r3, #0]
1000092e:	718a      	strb	r2, [r1, #6]
10000930:	e79e      	b.n	10000870 <irq_remove_handler+0xa8>
10000932:	e9cd 0100 	strd	r0, r1, [sp]
10000936:	f000 fe61 	bl	100015fc <hard_assertion_failure>
1000093a:	e9dd 0100 	ldrd	r0, r1, [sp]
1000093e:	f025 0e01 	bic.w	lr, r5, #1
10000942:	f8de c008 	ldr.w	ip, [lr, #8]
10000946:	4564      	cmp	r4, ip
10000948:	d187      	bne.n	1000085a <irq_remove_handler+0x92>
1000094a:	f99e 4006 	ldrsb.w	r4, [lr, #6]
1000094e:	4673      	mov	r3, lr
10000950:	2c00      	cmp	r4, #0
10000952:	dab8      	bge.n	100008c6 <irq_remove_handler+0xfe>
10000954:	4a19      	ldr	r2, [pc, #100]	@ (100009bc <irq_remove_handler+0x1f4>)
10000956:	4c1a      	ldr	r4, [pc, #104]	@ (100009c0 <irq_remove_handler+0x1f8>)
10000958:	1ad2      	subs	r2, r2, r3
1000095a:	3a08      	subs	r2, #8
1000095c:	f3c2 310a 	ubfx	r1, r2, #12, #11
10000960:	ea6f 5101 	mvn.w	r1, r1, lsl #20
10000964:	ea6f 5111 	mvn.w	r1, r1, lsr #20
10000968:	ea44 0252 	orr.w	r2, r4, r2, lsr #1
1000096c:	80da      	strh	r2, [r3, #6]
1000096e:	8099      	strh	r1, [r3, #4]
10000970:	e77e      	b.n	10000870 <irq_remove_handler+0xa8>
10000972:	4673      	mov	r3, lr
10000974:	2900      	cmp	r1, #0
10000976:	d1ed      	bne.n	10000954 <irq_remove_handler+0x18c>
10000978:	22ff      	movs	r2, #255	@ 0xff
1000097a:	f88e 2006 	strb.w	r2, [lr, #6]
1000097e:	f64b 5201 	movw	r2, #48385	@ 0xbd01
10000982:	f8ae 2004 	strh.w	r2, [lr, #4]
10000986:	4c0c      	ldr	r4, [pc, #48]	@ (100009b8 <irq_remove_handler+0x1f0>)
10000988:	f64a 22aa 	movw	r2, #43690	@ 0xaaaa
1000098c:	f894 c000 	ldrb.w	ip, [r4]
10000990:	4619      	mov	r1, r3
10000992:	1bc9      	subs	r1, r1, r7
10000994:	4149      	adcs	r1, r1
10000996:	434a      	muls	r2, r1
10000998:	0d12      	lsrs	r2, r2, #20
1000099a:	f883 c006 	strb.w	ip, [r3, #6]
1000099e:	7022      	strb	r2, [r4, #0]
100009a0:	e766      	b.n	10000870 <irq_remove_handler+0xa8>
100009a2:	f64b 5201 	movw	r2, #48385	@ 0xbd01
100009a6:	e7bb      	b.n	10000920 <irq_remove_handler+0x158>
100009a8:	20001221 	.word	0x20001221
100009ac:	e000ed00 	.word	0xe000ed00
100009b0:	10000111 	.word	0x10000111
100009b4:	20000dac 	.word	0x20000dac
100009b8:	2000196f 	.word	0x2000196f
100009bc:	20000de6 	.word	0x20000de6
100009c0:	fffff800 	.word	0xfffff800

100009c4 <irq_add_tail_to_free_list>:
100009c4:	b5f0      	push	{r4, r5, r6, r7, lr}
100009c6:	f3ef 8505 	mrs	r5, IPSR
100009ca:	b2ed      	uxtb	r5, r5
100009cc:	f3ef 8c10 	mrs	ip, PRIMASK
100009d0:	b672      	cpsid	i
100009d2:	4926      	ldr	r1, [pc, #152]	@ (10000a6c <irq_add_tail_to_free_list+0xa8>)
100009d4:	e8d1 2fcf 	ldaexb	r2, [r1]
100009d8:	2301      	movs	r3, #1
100009da:	2a00      	cmp	r2, #0
100009dc:	d1fa      	bne.n	100009d4 <irq_add_tail_to_free_list+0x10>
100009de:	e8c1 3f42 	strexb	r2, r3, [r1]
100009e2:	2a00      	cmp	r2, #0
100009e4:	d1f6      	bne.n	100009d4 <irq_add_tail_to_free_list+0x10>
100009e6:	f3bf 8f5f 	dmb	sy
100009ea:	4e21      	ldr	r6, [pc, #132]	@ (10000a70 <irq_add_tail_to_free_list+0xac>)
100009ec:	f040 0e01 	orr.w	lr, r0, #1
100009f0:	68b4      	ldr	r4, [r6, #8]
100009f2:	f64a 23aa 	movw	r3, #43690	@ 0xaaaa
100009f6:	f854 7025 	ldr.w	r7, [r4, r5, lsl #2]
100009fa:	4a1e      	ldr	r2, [pc, #120]	@ (10000a74 <irq_add_tail_to_free_list+0xb0>)
100009fc:	4604      	mov	r4, r0
100009fe:	1aa4      	subs	r4, r4, r2
10000a00:	4164      	adcs	r4, r4
10000a02:	4363      	muls	r3, r4
10000a04:	0d1b      	lsrs	r3, r3, #20
10000a06:	4577      	cmp	r7, lr
10000a08:	b25b      	sxtb	r3, r3
10000a0a:	d01b      	beq.n	10000a44 <irq_add_tail_to_free_list+0x80>
10000a0c:	f992 4006 	ldrsb.w	r4, [r2, #6]
10000a10:	429c      	cmp	r4, r3
10000a12:	d01c      	beq.n	10000a4e <irq_add_tail_to_free_list+0x8a>
10000a14:	f992 4012 	ldrsb.w	r4, [r2, #18]
10000a18:	429c      	cmp	r4, r3
10000a1a:	d023      	beq.n	10000a64 <irq_add_tail_to_free_list+0xa0>
10000a1c:	f992 401e 	ldrsb.w	r4, [r2, #30]
10000a20:	429c      	cmp	r4, r3
10000a22:	d021      	beq.n	10000a68 <irq_add_tail_to_free_list+0xa4>
10000a24:	f992 402a 	ldrsb.w	r4, [r2, #42]	@ 0x2a
10000a28:	429c      	cmp	r4, r3
10000a2a:	bf08      	it	eq
10000a2c:	2403      	moveq	r4, #3
10000a2e:	d00f      	beq.n	10000a50 <irq_add_tail_to_free_list+0x8c>
10000a30:	4a11      	ldr	r2, [pc, #68]	@ (10000a78 <irq_add_tail_to_free_list+0xb4>)
10000a32:	2400      	movs	r4, #0
10000a34:	7815      	ldrb	r5, [r2, #0]
10000a36:	7013      	strb	r3, [r2, #0]
10000a38:	7185      	strb	r5, [r0, #6]
10000a3a:	e8c1 4f8f 	stlb	r4, [r1]
10000a3e:	f38c 8810 	msr	PRIMASK, ip
10000a42:	bdf0      	pop	{r4, r5, r6, r7, pc}
10000a44:	68b2      	ldr	r2, [r6, #8]
10000a46:	4c0d      	ldr	r4, [pc, #52]	@ (10000a7c <irq_add_tail_to_free_list+0xb8>)
10000a48:	f842 4025 	str.w	r4, [r2, r5, lsl #2]
10000a4c:	e7f0      	b.n	10000a30 <irq_add_tail_to_free_list+0x6c>
10000a4e:	2400      	movs	r4, #0
10000a50:	eb04 0444 	add.w	r4, r4, r4, lsl #1
10000a54:	eb02 0284 	add.w	r2, r2, r4, lsl #2
10000a58:	24ff      	movs	r4, #255	@ 0xff
10000a5a:	7194      	strb	r4, [r2, #6]
10000a5c:	f64b 5401 	movw	r4, #48385	@ 0xbd01
10000a60:	8094      	strh	r4, [r2, #4]
10000a62:	e7e5      	b.n	10000a30 <irq_add_tail_to_free_list+0x6c>
10000a64:	2401      	movs	r4, #1
10000a66:	e7f3      	b.n	10000a50 <irq_add_tail_to_free_list+0x8c>
10000a68:	2402      	movs	r4, #2
10000a6a:	e7f1      	b.n	10000a50 <irq_add_tail_to_free_list+0x8c>
10000a6c:	20001221 	.word	0x20001221
10000a70:	e000ed00 	.word	0xe000ed00
10000a74:	20000dac 	.word	0x20000dac
10000a78:	2000196f 	.word	0x2000196f
10000a7c:	10000111 	.word	0x10000111

10000a80 <lock_init>:
10000a80:	4b01      	ldr	r3, [pc, #4]	@ (10000a88 <lock_init+0x8>)
10000a82:	440b      	add	r3, r1
10000a84:	6003      	str	r3, [r0, #0]
10000a86:	4770      	bx	lr
10000a88:	20001218 	.word	0x20001218

10000a8c <runtime_init_mutex>:
10000a8c:	b570      	push	{r4, r5, r6, lr}
10000a8e:	4c10      	ldr	r4, [pc, #64]	@ (10000ad0 <runtime_init_mutex+0x44>)
10000a90:	4d10      	ldr	r5, [pc, #64]	@ (10000ad4 <runtime_init_mutex+0x48>)
10000a92:	42ac      	cmp	r4, r5
10000a94:	d20e      	bcs.n	10000ab4 <runtime_init_mutex+0x28>
10000a96:	26ff      	movs	r6, #255	@ 0xff
10000a98:	6823      	ldr	r3, [r4, #0]
10000a9a:	b163      	cbz	r3, 10000ab6 <runtime_init_mutex+0x2a>
10000a9c:	f7ff fd0a 	bl	100004b4 <next_striped_spin_lock_num>
10000aa0:	4601      	mov	r1, r0
10000aa2:	4620      	mov	r0, r4
10000aa4:	f7ff ffec 	bl	10000a80 <lock_init>
10000aa8:	80a6      	strh	r6, [r4, #4]
10000aaa:	f3bf 8f5f 	dmb	sy
10000aae:	3408      	adds	r4, #8
10000ab0:	42ac      	cmp	r4, r5
10000ab2:	d3f1      	bcc.n	10000a98 <runtime_init_mutex+0xc>
10000ab4:	bd70      	pop	{r4, r5, r6, pc}
10000ab6:	f7ff fcfd 	bl	100004b4 <next_striped_spin_lock_num>
10000aba:	4601      	mov	r1, r0
10000abc:	4620      	mov	r0, r4
10000abe:	f7ff ffdf 	bl	10000a80 <lock_init>
10000ac2:	7126      	strb	r6, [r4, #4]
10000ac4:	f3bf 8f5f 	dmb	sy
10000ac8:	3408      	adds	r4, #8
10000aca:	42ac      	cmp	r4, r5
10000acc:	d3e4      	bcc.n	10000a98 <runtime_init_mutex+0xc>
10000ace:	bd70      	pop	{r4, r5, r6, pc}
10000ad0:	20000e44 	.word	0x20000e44
10000ad4:	20000e4c 	.word	0x20000e4c

10000ad8 <mutex_init>:
10000ad8:	b510      	push	{r4, lr}
10000ada:	4604      	mov	r4, r0
10000adc:	f7ff fcea 	bl	100004b4 <next_striped_spin_lock_num>
10000ae0:	4601      	mov	r1, r0
10000ae2:	4620      	mov	r0, r4
10000ae4:	f7ff ffcc 	bl	10000a80 <lock_init>
10000ae8:	23ff      	movs	r3, #255	@ 0xff
10000aea:	7123      	strb	r3, [r4, #4]
10000aec:	f3bf 8f5f 	dmb	sy
10000af0:	bd10      	pop	{r4, pc}
10000af2:	bf00      	nop

10000af4 <critical_section_init>:
10000af4:	b510      	push	{r4, lr}
10000af6:	4604      	mov	r4, r0
10000af8:	2001      	movs	r0, #1
10000afa:	f7ff fce7 	bl	100004cc <spin_lock_claim_unused>
10000afe:	4b03      	ldr	r3, [pc, #12]	@ (10000b0c <critical_section_init+0x18>)
10000b00:	4403      	add	r3, r0
10000b02:	6023      	str	r3, [r4, #0]
10000b04:	f3bf 8f5f 	dmb	sy
10000b08:	bd10      	pop	{r4, pc}
10000b0a:	bf00      	nop
10000b0c:	20001218 	.word	0x20001218

10000b10 <sleep_until_callback>:
10000b10:	4b0d      	ldr	r3, [pc, #52]	@ (10000b48 <sleep_until_callback+0x38>)
10000b12:	681a      	ldr	r2, [r3, #0]
10000b14:	f3ef 8110 	mrs	r1, PRIMASK
10000b18:	b672      	cpsid	i
10000b1a:	e8d2 cfcf 	ldaexb	ip, [r2]
10000b1e:	2001      	movs	r0, #1
10000b20:	f1bc 0f00 	cmp.w	ip, #0
10000b24:	d1f9      	bne.n	10000b1a <sleep_until_callback+0xa>
10000b26:	e8c2 0f4c 	strexb	ip, r0, [r2]
10000b2a:	f1bc 0f00 	cmp.w	ip, #0
10000b2e:	d1f4      	bne.n	10000b1a <sleep_until_callback+0xa>
10000b30:	f3bf 8f5f 	dmb	sy
10000b34:	2200      	movs	r2, #0
10000b36:	681b      	ldr	r3, [r3, #0]
10000b38:	e8c3 2f8f 	stlb	r2, [r3]
10000b3c:	f381 8810 	msr	PRIMASK, r1
10000b40:	bf40      	sev
10000b42:	2000      	movs	r0, #0
10000b44:	2100      	movs	r1, #0
10000b46:	4770      	bx	lr
10000b48:	20001960 	.word	0x20001960
10000b4c:	00000000 	.word	0x00000000

10000b50 <alarm_pool_irq_handler>:
10000b50:	e92d 4ff0 	stmdb	sp!, {r4, r5, r6, r7, r8, r9, sl, fp, lr}
10000b54:	ed2d 8b02 	vpush	{d8}
10000b58:	b085      	sub	sp, #20
10000b5a:	f3ef 8305 	mrs	r3, IPSR
10000b5e:	b2db      	uxtb	r3, r3
10000b60:	3b10      	subs	r3, #16
10000b62:	089a      	lsrs	r2, r3, #2
10000b64:	bf18      	it	ne
10000b66:	2201      	movne	r2, #1
10000b68:	f04f 0101 	mov.w	r1, #1
10000b6c:	f003 0003 	and.w	r0, r3, #3
10000b70:	bf18      	it	ne
10000b72:	4daf      	ldrne	r5, [pc, #700]	@ (10000e30 <alarm_pool_irq_handler+0x2e0>)
10000b74:	4baf      	ldr	r3, [pc, #700]	@ (10000e34 <alarm_pool_irq_handler+0x2e4>)
10000b76:	bf08      	it	eq
10000b78:	4daf      	ldreq	r5, [pc, #700]	@ (10000e38 <alarm_pool_irq_handler+0x2e8>)
10000b7a:	eb00 0282 	add.w	r2, r0, r2, lsl #2
10000b7e:	f853 6022 	ldr.w	r6, [r3, r2, lsl #2]
10000b82:	fa01 fb00 	lsl.w	fp, r1, r0
10000b86:	f505 5341 	add.w	r3, r5, #12352	@ 0x3040
10000b8a:	ed9f 8ba7 	vldr	d8, [pc, #668]	@ 10000e28 <alarm_pool_irq_handler+0x2d8>
10000b8e:	9001      	str	r0, [sp, #4]
10000b90:	f8c3 b004 	str.w	fp, [r3, #4]
10000b94:	e02e      	b.n	10000bf4 <alarm_pool_irq_handler+0xa4>
10000b96:	88b3      	ldrh	r3, [r6, #4]
10000b98:	0418      	lsls	r0, r3, #16
10000b9a:	f140 8092 	bpl.w	10000cc2 <alarm_pool_irq_handler+0x172>
10000b9e:	79b3      	ldrb	r3, [r6, #6]
10000ba0:	2b00      	cmp	r3, #0
10000ba2:	f040 80dc 	bne.w	10000d5e <alarm_pool_irq_handler+0x20e>
10000ba6:	f9b6 1008 	ldrsh.w	r1, [r6, #8]
10000baa:	2900      	cmp	r1, #0
10000bac:	f2c0 811d 	blt.w	10000dea <alarm_pool_irq_handler+0x29a>
10000bb0:	6973      	ldr	r3, [r6, #20]
10000bb2:	eb01 0141 	add.w	r1, r1, r1, lsl #1
10000bb6:	eb03 03c1 	add.w	r3, r3, r1, lsl #3
10000bba:	e9d3 4702 	ldrd	r4, r7, [r3, #8]
10000bbe:	f1b7 3fff 	cmp.w	r7, #4294967295	@ 0xffffffff
10000bc2:	bf08      	it	eq
10000bc4:	f1b4 3fff 	cmpeq.w	r4, #4294967295	@ 0xffffffff
10000bc8:	d00d      	beq.n	10000be6 <alarm_pool_irq_handler+0x96>
10000bca:	9b01      	ldr	r3, [sp, #4]
10000bcc:	eb05 0183 	add.w	r1, r5, r3, lsl #2
10000bd0:	6aab      	ldr	r3, [r5, #40]	@ 0x28
10000bd2:	690a      	ldr	r2, [r1, #16]
10000bd4:	1ad2      	subs	r2, r2, r3
10000bd6:	1ae3      	subs	r3, r4, r3
10000bd8:	4293      	cmp	r3, r2
10000bda:	d303      	bcc.n	10000be4 <alarm_pool_irq_handler+0x94>
10000bdc:	6a2b      	ldr	r3, [r5, #32]
10000bde:	ea13 0f0b 	tst.w	r3, fp
10000be2:	d100      	bne.n	10000be6 <alarm_pool_irq_handler+0x96>
10000be4:	610c      	str	r4, [r1, #16]
10000be6:	4628      	mov	r0, r5
10000be8:	f000 fb32 	bl	10001250 <timer_time_us_64>
10000bec:	42a0      	cmp	r0, r4
10000bee:	41b9      	sbcs	r1, r7
10000bf0:	f2c0 80fb 	blt.w	10000dea <alarm_pool_irq_handler+0x29a>
10000bf4:	f9b6 3008 	ldrsh.w	r3, [r6, #8]
10000bf8:	f8c5 b03c 	str.w	fp, [r5, #60]	@ 0x3c
10000bfc:	2b00      	cmp	r3, #0
10000bfe:	9300      	str	r3, [sp, #0]
10000c00:	dbc9      	blt.n	10000b96 <alarm_pool_irq_handler+0x46>
10000c02:	f8d6 9014 	ldr.w	r9, [r6, #20]
10000c06:	eb03 0a43 	add.w	sl, r3, r3, lsl #1
10000c0a:	4628      	mov	r0, r5
10000c0c:	eb09 07ca 	add.w	r7, r9, sl, lsl #3
10000c10:	e9d7 4802 	ldrd	r4, r8, [r7, #8]
10000c14:	f000 fb1c 	bl	10001250 <timer_time_us_64>
10000c18:	42a0      	cmp	r0, r4
10000c1a:	eb71 0108 	sbcs.w	r1, r1, r8
10000c1e:	dbba      	blt.n	10000b96 <alarm_pool_irq_handler+0x46>
10000c20:	f1b8 0f00 	cmp.w	r8, #0
10000c24:	f2c0 80c3 	blt.w	10000dae <alarm_pool_irq_handler+0x25e>
10000c28:	e9d7 3104 	ldrd	r3, r1, [r7, #16]
10000c2c:	4a83      	ldr	r2, [pc, #524]	@ (10000e3c <alarm_pool_irq_handler+0x2ec>)
10000c2e:	4293      	cmp	r3, r2
10000c30:	f000 80ed 	beq.w	10000e0e <alarm_pool_irq_handler+0x2be>
10000c34:	887a      	ldrh	r2, [r7, #2]
10000c36:	f9b6 0008 	ldrsh.w	r0, [r6, #8]
10000c3a:	b292      	uxth	r2, r2
10000c3c:	ea42 4000 	orr.w	r0, r2, r0, lsl #16
10000c40:	4798      	blx	r3
10000c42:	4602      	mov	r2, r0
10000c44:	460b      	mov	r3, r1
10000c46:	ea52 0103 	orrs.w	r1, r2, r3
10000c4a:	f000 80b0 	beq.w	10000dae <alarm_pool_irq_handler+0x25e>
10000c4e:	2b00      	cmp	r3, #0
10000c50:	f280 80d1 	bge.w	10000df6 <alarm_pool_irq_handler+0x2a6>
10000c54:	ebb4 0e02 	subs.w	lr, r4, r2
10000c58:	eb68 0803 	sbc.w	r8, r8, r3
10000c5c:	f939 303a 	ldrsh.w	r3, [r9, sl, lsl #3]
10000c60:	e9c7 e802 	strd	lr, r8, [r7, #8]
10000c64:	2b00      	cmp	r3, #0
10000c66:	db96      	blt.n	10000b96 <alarm_pool_irq_handler+0x46>
10000c68:	6971      	ldr	r1, [r6, #20]
10000c6a:	eb03 0243 	add.w	r2, r3, r3, lsl #1
10000c6e:	eb01 02c2 	add.w	r2, r1, r2, lsl #3
10000c72:	e9d2 7002 	ldrd	r7, r0, [r2, #8]
10000c76:	45be      	cmp	lr, r7
10000c78:	eb78 0c00 	sbcs.w	ip, r8, r0
10000c7c:	ea4f 0243 	mov.w	r2, r3, lsl #1
10000c80:	db89      	blt.n	10000b96 <alarm_pool_irq_handler+0x46>
10000c82:	46b4      	mov	ip, r6
10000c84:	f82c 3f08 	strh.w	r3, [ip, #8]!
10000c88:	e00b      	b.n	10000ca2 <alarm_pool_irq_handler+0x152>
10000c8a:	f931 3032 	ldrsh.w	r3, [r1, r2, lsl #3]
10000c8e:	46a4      	mov	ip, r4
10000c90:	2b00      	cmp	r3, #0
10000c92:	db0d      	blt.n	10000cb0 <alarm_pool_irq_handler+0x160>
10000c94:	eb03 0043 	add.w	r0, r3, r3, lsl #1
10000c98:	eb01 00c0 	add.w	r0, r1, r0, lsl #3
10000c9c:	005a      	lsls	r2, r3, #1
10000c9e:	e9d0 7002 	ldrd	r7, r0, [r0, #8]
10000ca2:	45be      	cmp	lr, r7
10000ca4:	441a      	add	r2, r3
10000ca6:	eb78 0000 	sbcs.w	r0, r8, r0
10000caa:	eb01 04c2 	add.w	r4, r1, r2, lsl #3
10000cae:	daec      	bge.n	10000c8a <alarm_pool_irq_handler+0x13a>
10000cb0:	f829 303a 	strh.w	r3, [r9, sl, lsl #3]
10000cb4:	9b00      	ldr	r3, [sp, #0]
10000cb6:	f8ac 3000 	strh.w	r3, [ip]
10000cba:	88b3      	ldrh	r3, [r6, #4]
10000cbc:	0418      	lsls	r0, r3, #16
10000cbe:	f53f af6e 	bmi.w	10000b9e <alarm_pool_irq_handler+0x4e>
10000cc2:	6933      	ldr	r3, [r6, #16]
10000cc4:	f3ef 8210 	mrs	r2, PRIMASK
10000cc8:	b672      	cpsid	i
10000cca:	e8d3 0fcf 	ldaexb	r0, [r3]
10000cce:	2101      	movs	r1, #1
10000cd0:	2800      	cmp	r0, #0
10000cd2:	d1fa      	bne.n	10000cca <alarm_pool_irq_handler+0x17a>
10000cd4:	e8c3 1f40 	strexb	r0, r1, [r3]
10000cd8:	2800      	cmp	r0, #0
10000cda:	d1f6      	bne.n	10000cca <alarm_pool_irq_handler+0x17a>
10000cdc:	f3bf 8f5f 	dmb	sy
10000ce0:	f64f 74ff 	movw	r4, #65535	@ 0xffff
10000ce4:	88b0      	ldrh	r0, [r6, #4]
10000ce6:	2300      	movs	r3, #0
10000ce8:	6931      	ldr	r1, [r6, #16]
10000cea:	b200      	sxth	r0, r0
10000cec:	80b4      	strh	r4, [r6, #4]
10000cee:	e8c1 3f8f 	stlb	r3, [r1]
10000cf2:	f382 8810 	msr	PRIMASK, r2
10000cf6:	4298      	cmp	r0, r3
10000cf8:	f6ff af51 	blt.w	10000b9e <alarm_pool_irq_handler+0x4e>
10000cfc:	4607      	mov	r7, r0
10000cfe:	46a9      	mov	r9, r5
10000d00:	6974      	ldr	r4, [r6, #20]
10000d02:	f106 0808 	add.w	r8, r6, #8
10000d06:	eb07 0e47 	add.w	lr, r7, r7, lsl #1
10000d0a:	eb04 03ce 	add.w	r3, r4, lr, lsl #3
10000d0e:	e9d3 5002 	ldrd	r5, r0, [r3, #8]
10000d12:	f9b6 3008 	ldrsh.w	r3, [r6, #8]
10000d16:	46c4      	mov	ip, r8
10000d18:	2b00      	cmp	r3, #0
10000d1a:	db13      	blt.n	10000d44 <alarm_pool_irq_handler+0x1f4>
10000d1c:	46b2      	mov	sl, r6
10000d1e:	9700      	str	r7, [sp, #0]
10000d20:	e004      	b.n	10000d2c <alarm_pool_irq_handler+0x1dc>
10000d22:	f934 3036 	ldrsh.w	r3, [r4, r6, lsl #3]
10000d26:	4694      	mov	ip, r2
10000d28:	2b00      	cmp	r3, #0
10000d2a:	db09      	blt.n	10000d40 <alarm_pool_irq_handler+0x1f0>
10000d2c:	eb03 0643 	add.w	r6, r3, r3, lsl #1
10000d30:	eb04 02c6 	add.w	r2, r4, r6, lsl #3
10000d34:	e9d2 7102 	ldrd	r7, r1, [r2, #8]
10000d38:	42bd      	cmp	r5, r7
10000d3a:	eb70 0101 	sbcs.w	r1, r0, r1
10000d3e:	daf0      	bge.n	10000d22 <alarm_pool_irq_handler+0x1d2>
10000d40:	4656      	mov	r6, sl
10000d42:	9f00      	ldr	r7, [sp, #0]
10000d44:	f8ac 7000 	strh.w	r7, [ip]
10000d48:	f934 703e 	ldrsh.w	r7, [r4, lr, lsl #3]
10000d4c:	f824 303e 	strh.w	r3, [r4, lr, lsl #3]
10000d50:	2f00      	cmp	r7, #0
10000d52:	dad8      	bge.n	10000d06 <alarm_pool_irq_handler+0x1b6>
10000d54:	79b3      	ldrb	r3, [r6, #6]
10000d56:	464d      	mov	r5, r9
10000d58:	2b00      	cmp	r3, #0
10000d5a:	f43f af24 	beq.w	10000ba6 <alarm_pool_irq_handler+0x56>
10000d5e:	2300      	movs	r3, #0
10000d60:	71b3      	strb	r3, [r6, #6]
10000d62:	f9b6 3008 	ldrsh.w	r3, [r6, #8]
10000d66:	f106 0808 	add.w	r8, r6, #8
10000d6a:	1c59      	adds	r1, r3, #1
10000d6c:	d03d      	beq.n	10000dea <alarm_pool_irq_handler+0x29a>
10000d6e:	4619      	mov	r1, r3
10000d70:	6977      	ldr	r7, [r6, #20]
10000d72:	e003      	b.n	10000d7c <alarm_pool_irq_handler+0x22c>
10000d74:	4680      	mov	r8, r0
10000d76:	1c5a      	adds	r2, r3, #1
10000d78:	f43f af17 	beq.w	10000baa <alarm_pool_irq_handler+0x5a>
10000d7c:	eb03 0243 	add.w	r2, r3, r3, lsl #1
10000d80:	eb07 00c2 	add.w	r0, r7, r2, lsl #3
10000d84:	f8b0 c002 	ldrh.w	ip, [r0, #2]
10000d88:	461c      	mov	r4, r3
10000d8a:	f41c 4f00 	tst.w	ip, #32768	@ 0x8000
10000d8e:	469e      	mov	lr, r3
10000d90:	f937 3032 	ldrsh.w	r3, [r7, r2, lsl #3]
10000d94:	d0ee      	beq.n	10000d74 <alarm_pool_irq_handler+0x224>
10000d96:	428c      	cmp	r4, r1
10000d98:	ed80 8b02 	vstr	d8, [r0, #8]
10000d9c:	d005      	beq.n	10000daa <alarm_pool_irq_handler+0x25a>
10000d9e:	f8a8 3000 	strh.w	r3, [r8]
10000da2:	8931      	ldrh	r1, [r6, #8]
10000da4:	f827 1032 	strh.w	r1, [r7, r2, lsl #3]
10000da8:	8134      	strh	r4, [r6, #8]
10000daa:	4671      	mov	r1, lr
10000dac:	e7e3      	b.n	10000d76 <alarm_pool_irq_handler+0x226>
10000dae:	f839 303a 	ldrh.w	r3, [r9, sl, lsl #3]
10000db2:	8133      	strh	r3, [r6, #8]
10000db4:	6933      	ldr	r3, [r6, #16]
10000db6:	f3ef 8210 	mrs	r2, PRIMASK
10000dba:	b672      	cpsid	i
10000dbc:	e8d3 0fcf 	ldaexb	r0, [r3]
10000dc0:	2101      	movs	r1, #1
10000dc2:	2800      	cmp	r0, #0
10000dc4:	d1fa      	bne.n	10000dbc <alarm_pool_irq_handler+0x26c>
10000dc6:	e8c3 1f40 	strexb	r0, r1, [r3]
10000dca:	2800      	cmp	r0, #0
10000dcc:	d1f6      	bne.n	10000dbc <alarm_pool_irq_handler+0x26c>
10000dce:	f3bf 8f5f 	dmb	sy
10000dd2:	8873      	ldrh	r3, [r6, #2]
10000dd4:	6931      	ldr	r1, [r6, #16]
10000dd6:	f829 303a 	strh.w	r3, [r9, sl, lsl #3]
10000dda:	9b00      	ldr	r3, [sp, #0]
10000ddc:	8073      	strh	r3, [r6, #2]
10000dde:	2300      	movs	r3, #0
10000de0:	e8c1 3f8f 	stlb	r3, [r1]
10000de4:	f382 8810 	msr	PRIMASK, r2
10000de8:	e6d5      	b.n	10000b96 <alarm_pool_irq_handler+0x46>
10000dea:	bf40      	sev
10000dec:	b005      	add	sp, #20
10000dee:	ecbd 8b02 	vpop	{d8}
10000df2:	e8bd 8ff0 	ldmia.w	sp!, {r4, r5, r6, r7, r8, r9, sl, fp, pc}
10000df6:	4628      	mov	r0, r5
10000df8:	e9cd 2302 	strd	r2, r3, [sp, #8]
10000dfc:	f000 fa28 	bl	10001250 <timer_time_us_64>
10000e00:	9a02      	ldr	r2, [sp, #8]
10000e02:	9b03      	ldr	r3, [sp, #12]
10000e04:	eb10 0e02 	adds.w	lr, r0, r2
10000e08:	eb43 0801 	adc.w	r8, r3, r1
10000e0c:	e726      	b.n	10000c5c <alarm_pool_irq_handler+0x10c>
10000e0e:	4608      	mov	r0, r1
10000e10:	690b      	ldr	r3, [r1, #16]
10000e12:	9102      	str	r1, [sp, #8]
10000e14:	4798      	blx	r3
10000e16:	2800      	cmp	r0, #0
10000e18:	d0c9      	beq.n	10000dae <alarm_pool_irq_handler+0x25e>
10000e1a:	9902      	ldr	r1, [sp, #8]
10000e1c:	e9d1 2300 	ldrd	r2, r3, [r1]
10000e20:	e711      	b.n	10000c46 <alarm_pool_irq_handler+0xf6>
10000e22:	bf00      	nop
10000e24:	f3af 8000 	nop.w
10000e28:	ffffffff 	.word	0xffffffff
10000e2c:	ffffffff 	.word	0xffffffff
10000e30:	400b8000 	.word	0x400b8000
10000e34:	200018f8 	.word	0x200018f8
10000e38:	400b0000 	.word	0x400b0000
10000e3c:	10000b51 	.word	0x10000b51

10000e40 <runtime_init_default_alarm_pool>:
10000e40:	e92d 4ff8 	stmdb	sp!, {r3, r4, r5, r6, r7, r8, r9, sl, fp, lr}
10000e44:	4c36      	ldr	r4, [pc, #216]	@ (10000f20 <runtime_init_default_alarm_pool+0xe0>)
10000e46:	6925      	ldr	r5, [r4, #16]
10000e48:	b12d      	cbz	r5, 10000e56 <runtime_init_default_alarm_pool+0x16>
10000e4a:	e8bd 4ff8 	ldmia.w	sp!, {r3, r4, r5, r6, r7, r8, r9, sl, fp, lr}
10000e4e:	210a      	movs	r1, #10
10000e50:	4834      	ldr	r0, [pc, #208]	@ (10000f24 <runtime_init_default_alarm_pool+0xe4>)
10000e52:	f7ff be15 	b.w	10000a80 <lock_init>
10000e56:	f8df 80e4 	ldr.w	r8, [pc, #228]	@ 10000f3c <runtime_init_default_alarm_pool+0xfc>
10000e5a:	2103      	movs	r1, #3
10000e5c:	4640      	mov	r0, r8
10000e5e:	f000 f9e5 	bl	1000122c <timer_hardware_alarm_claim>
10000e62:	2603      	movs	r6, #3
10000e64:	f8c4 800c 	str.w	r8, [r4, #12]
10000e68:	f7ff fb24 	bl	100004b4 <next_striped_spin_lock_num>
10000e6c:	f04f 4c50 	mov.w	ip, #3489660928	@ 0xd0000000
10000e70:	4b2d      	ldr	r3, [pc, #180]	@ (10000f28 <runtime_init_default_alarm_pool+0xe8>)
10000e72:	7026      	strb	r6, [r4, #0]
10000e74:	4403      	add	r3, r0
10000e76:	6123      	str	r3, [r4, #16]
10000e78:	f8dc 3000 	ldr.w	r3, [ip]
10000e7c:	210f      	movs	r1, #15
10000e7e:	7063      	strb	r3, [r4, #1]
10000e80:	6963      	ldr	r3, [r4, #20]
10000e82:	8061      	strh	r1, [r4, #2]
10000e84:	831d      	strh	r5, [r3, #24]
10000e86:	f04f 0504 	mov.w	r5, #4
10000e8a:	f8a3 5078 	strh.w	r5, [r3, #120]	@ 0x78
10000e8e:	f04f 0505 	mov.w	r5, #5
10000e92:	f8a3 5090 	strh.w	r5, [r3, #144]	@ 0x90
10000e96:	f04f 0506 	mov.w	r5, #6
10000e9a:	f8a3 50a8 	strh.w	r5, [r3, #168]	@ 0xa8
10000e9e:	f04f 0507 	mov.w	r5, #7
10000ea2:	210e      	movs	r1, #14
10000ea4:	f64f 72ff 	movw	r2, #65535	@ 0xffff
10000ea8:	2708      	movs	r7, #8
10000eaa:	f04f 0e0a 	mov.w	lr, #10
10000eae:	f8a3 50c0 	strh.w	r5, [r3, #192]	@ 0xc0
10000eb2:	f04f 0901 	mov.w	r9, #1
10000eb6:	f04f 0c0c 	mov.w	ip, #12
10000eba:	f04f 0b02 	mov.w	fp, #2
10000ebe:	f04f 0a09 	mov.w	sl, #9
10000ec2:	200d      	movs	r0, #13
10000ec4:	f04f 050b 	mov.w	r5, #11
10000ec8:	f8a3 1168 	strh.w	r1, [r3, #360]	@ 0x168
10000ecc:	4917      	ldr	r1, [pc, #92]	@ (10000f2c <runtime_init_default_alarm_pool+0xec>)
10000ece:	80a2      	strh	r2, [r4, #4]
10000ed0:	f8a3 e108 	strh.w	lr, [r3, #264]	@ 0x108
10000ed4:	60a1      	str	r1, [r4, #8]
10000ed6:	f8a3 b048 	strh.w	fp, [r3, #72]	@ 0x48
10000eda:	f8a3 a0f0 	strh.w	sl, [r3, #240]	@ 0xf0
10000ede:	f8a3 5120 	strh.w	r5, [r3, #288]	@ 0x120
10000ee2:	f8a3 c138 	strh.w	ip, [r3, #312]	@ 0x138
10000ee6:	f8a3 0150 	strh.w	r0, [r3, #336]	@ 0x150
10000eea:	f8a3 9030 	strh.w	r9, [r3, #48]	@ 0x30
10000eee:	f8a3 6060 	strh.w	r6, [r3, #96]	@ 0x60
10000ef2:	f8a3 70d8 	strh.w	r7, [r3, #216]	@ 0xd8
10000ef6:	801a      	strh	r2, [r3, #0]
10000ef8:	4b0d      	ldr	r3, [pc, #52]	@ (10000f30 <runtime_init_default_alarm_pool+0xf0>)
10000efa:	4630      	mov	r0, r6
10000efc:	f8c8 7020 	str.w	r7, [r8, #32]
10000f00:	490c      	ldr	r1, [pc, #48]	@ (10000f34 <runtime_init_default_alarm_pool+0xf4>)
10000f02:	60dc      	str	r4, [r3, #12]
10000f04:	f7ff fb3c 	bl	10000580 <irq_set_exclusive_handler>
10000f08:	4649      	mov	r1, r9
10000f0a:	4630      	mov	r0, r6
10000f0c:	f7ff fb22 	bl	10000554 <irq_set_enabled>
10000f10:	4b09      	ldr	r3, [pc, #36]	@ (10000f38 <runtime_init_default_alarm_pool+0xf8>)
10000f12:	210a      	movs	r1, #10
10000f14:	641f      	str	r7, [r3, #64]	@ 0x40
10000f16:	4803      	ldr	r0, [pc, #12]	@ (10000f24 <runtime_init_default_alarm_pool+0xe4>)
10000f18:	e8bd 4ff8 	ldmia.w	sp!, {r3, r4, r5, r6, r7, r8, r9, sl, fp, lr}
10000f1c:	f7ff bdb0 	b.w	10000a80 <lock_init>
10000f20:	20000df4 	.word	0x20000df4
10000f24:	20001960 	.word	0x20001960
10000f28:	20001218 	.word	0x20001218
10000f2c:	0010ffff 	.word	0x0010ffff
10000f30:	200018f8 	.word	0x200018f8
10000f34:	10000b51 	.word	0x10000b51
10000f38:	400b2000 	.word	0x400b2000
10000f3c:	400b0000 	.word	0x400b0000

10000f40 <alarm_pool_add_alarm_at_force_in_context>:
10000f40:	4601      	mov	r1, r0
10000f42:	b5f0      	push	{r4, r5, r6, r7, lr}
10000f44:	6900      	ldr	r0, [r0, #16]
10000f46:	f3ef 8710 	mrs	r7, PRIMASK
10000f4a:	b672      	cpsid	i
10000f4c:	e8d0 5fcf 	ldaexb	r5, [r0]
10000f50:	2401      	movs	r4, #1
10000f52:	2d00      	cmp	r5, #0
10000f54:	d1fa      	bne.n	10000f4c <alarm_pool_add_alarm_at_force_in_context+0xc>
10000f56:	e8c0 4f45 	strexb	r5, r4, [r0]
10000f5a:	2d00      	cmp	r5, #0
10000f5c:	d1f6      	bne.n	10000f4c <alarm_pool_add_alarm_at_force_in_context+0xc>
10000f5e:	f3bf 8f5f 	dmb	sy
10000f62:	f9b1 e002 	ldrsh.w	lr, [r1, #2]
10000f66:	694c      	ldr	r4, [r1, #20]
10000f68:	eb0e 0c4e 	add.w	ip, lr, lr, lsl #1
10000f6c:	f1be 0f00 	cmp.w	lr, #0
10000f70:	ea4f 05cc 	mov.w	r5, ip, lsl #3
10000f74:	eb04 0ccc 	add.w	ip, r4, ip, lsl #3
10000f78:	db3d      	blt.n	10000ff6 <alarm_pool_add_alarm_at_force_in_context+0xb6>
10000f7a:	5b60      	ldrh	r0, [r4, r5]
10000f7c:	2600      	movs	r6, #0
10000f7e:	8048      	strh	r0, [r1, #2]
10000f80:	6908      	ldr	r0, [r1, #16]
10000f82:	e8c0 6f8f 	stlb	r6, [r0]
10000f86:	f387 8810 	msr	PRIMASK, r7
10000f8a:	f8bc 0002 	ldrh.w	r0, [ip, #2]
10000f8e:	e9cc 2302 	strd	r2, r3, [ip, #8]
10000f92:	3001      	adds	r0, #1
10000f94:	f3c0 000e 	ubfx	r0, r0, #0, #15
10000f98:	2801      	cmp	r0, #1
10000f9a:	bf38      	it	cc
10000f9c:	2001      	movcc	r0, #1
10000f9e:	9b05      	ldr	r3, [sp, #20]
10000fa0:	f8ac 0002 	strh.w	r0, [ip, #2]
10000fa4:	f8cc 3010 	str.w	r3, [ip, #16]
10000fa8:	9b06      	ldr	r3, [sp, #24]
10000faa:	ea40 400e 	orr.w	r0, r0, lr, lsl #16
10000fae:	f8cc 3014 	str.w	r3, [ip, #20]
10000fb2:	690b      	ldr	r3, [r1, #16]
10000fb4:	f3ef 8210 	mrs	r2, PRIMASK
10000fb8:	b672      	cpsid	i
10000fba:	e8d3 cfcf 	ldaexb	ip, [r3]
10000fbe:	2701      	movs	r7, #1
10000fc0:	f1bc 0f00 	cmp.w	ip, #0
10000fc4:	d1f9      	bne.n	10000fba <alarm_pool_add_alarm_at_force_in_context+0x7a>
10000fc6:	e8c3 7f4c 	strexb	ip, r7, [r3]
10000fca:	f1bc 0f00 	cmp.w	ip, #0
10000fce:	d1f4      	bne.n	10000fba <alarm_pool_add_alarm_at_force_in_context+0x7a>
10000fd0:	f3bf 8f5f 	dmb	sy
10000fd4:	888b      	ldrh	r3, [r1, #4]
10000fd6:	5363      	strh	r3, [r4, r5]
10000fd8:	f8a1 e004 	strh.w	lr, [r1, #4]
10000fdc:	690b      	ldr	r3, [r1, #16]
10000fde:	e8c3 6f8f 	stlb	r6, [r3]
10000fe2:	f382 8810 	msr	PRIMASK, r2
10000fe6:	2201      	movs	r2, #1
10000fe8:	68cb      	ldr	r3, [r1, #12]
10000fea:	7809      	ldrb	r1, [r1, #0]
10000fec:	f503 5301 	add.w	r3, r3, #8256	@ 0x2040
10000ff0:	408a      	lsls	r2, r1
10000ff2:	605a      	str	r2, [r3, #4]
10000ff4:	bdf0      	pop	{r4, r5, r6, r7, pc}
10000ff6:	2300      	movs	r3, #0
10000ff8:	690a      	ldr	r2, [r1, #16]
10000ffa:	e8c2 3f8f 	stlb	r3, [r2]
10000ffe:	f387 8810 	msr	PRIMASK, r7
10001002:	f04f 30ff 	mov.w	r0, #4294967295	@ 0xffffffff
10001006:	bdf0      	pop	{r4, r5, r6, r7, pc}

10001008 <alarm_pool_cancel_alarm>:
10001008:	4603      	mov	r3, r0
1000100a:	8940      	ldrh	r0, [r0, #10]
1000100c:	ebb0 4f21 	cmp.w	r0, r1, asr #16
10001010:	dd37      	ble.n	10001082 <alarm_pool_cancel_alarm+0x7a>
10001012:	6958      	ldr	r0, [r3, #20]
10001014:	140a      	asrs	r2, r1, #16
10001016:	eb02 0242 	add.w	r2, r2, r2, lsl #1
1000101a:	b510      	push	{r4, lr}
1000101c:	eb00 00c2 	add.w	r0, r0, r2, lsl #3
10001020:	691c      	ldr	r4, [r3, #16]
10001022:	f3ef 8c10 	mrs	ip, PRIMASK
10001026:	b672      	cpsid	i
10001028:	e8d4 efcf 	ldaexb	lr, [r4]
1000102c:	2201      	movs	r2, #1
1000102e:	f1be 0f00 	cmp.w	lr, #0
10001032:	d1f9      	bne.n	10001028 <alarm_pool_cancel_alarm+0x20>
10001034:	e8c4 2f4e 	strexb	lr, r2, [r4]
10001038:	f1be 0f00 	cmp.w	lr, #0
1000103c:	d1f4      	bne.n	10001028 <alarm_pool_cancel_alarm+0x20>
1000103e:	f3bf 8f5f 	dmb	sy
10001042:	8842      	ldrh	r2, [r0, #2]
10001044:	b289      	uxth	r1, r1
10001046:	b292      	uxth	r2, r2
10001048:	428a      	cmp	r2, r1
1000104a:	d007      	beq.n	1000105c <alarm_pool_cancel_alarm+0x54>
1000104c:	2200      	movs	r2, #0
1000104e:	691b      	ldr	r3, [r3, #16]
10001050:	e8c3 2f8f 	stlb	r2, [r3]
10001054:	f38c 8810 	msr	PRIMASK, ip
10001058:	2000      	movs	r0, #0
1000105a:	bd10      	pop	{r4, pc}
1000105c:	f442 4200 	orr.w	r2, r2, #32768	@ 0x8000
10001060:	8042      	strh	r2, [r0, #2]
10001062:	2101      	movs	r1, #1
10001064:	2200      	movs	r2, #0
10001066:	6918      	ldr	r0, [r3, #16]
10001068:	7199      	strb	r1, [r3, #6]
1000106a:	e8c0 2f8f 	stlb	r2, [r0]
1000106e:	f38c 8810 	msr	PRIMASK, ip
10001072:	781c      	ldrb	r4, [r3, #0]
10001074:	68da      	ldr	r2, [r3, #12]
10001076:	4608      	mov	r0, r1
10001078:	f502 5301 	add.w	r3, r2, #8256	@ 0x2040
1000107c:	40a1      	lsls	r1, r4
1000107e:	6059      	str	r1, [r3, #4]
10001080:	bd10      	pop	{r4, pc}
10001082:	2000      	movs	r0, #0
10001084:	4770      	bx	lr
10001086:	bf00      	nop

10001088 <sleep_until>:
10001088:	e92d 41f0 	stmdb	sp!, {r4, r5, r6, r7, r8, lr}
1000108c:	1f86      	subs	r6, r0, #6
1000108e:	f141 35ff 	adc.w	r5, r1, #4294967295	@ 0xffffffff
10001092:	42b0      	cmp	r0, r6
10001094:	eb71 0305 	sbcs.w	r3, r1, r5
10001098:	bf38      	it	cc
1000109a:	2600      	movcc	r6, #0
1000109c:	b082      	sub	sp, #8
1000109e:	bf38      	it	cc
100010a0:	4635      	movcc	r5, r6
100010a2:	4604      	mov	r4, r0
100010a4:	460f      	mov	r7, r1
100010a6:	f000 f8db 	bl	10001260 <time_us_64>
100010aa:	1a30      	subs	r0, r6, r0
100010ac:	eb65 0301 	sbc.w	r3, r5, r1
100010b0:	2801      	cmp	r0, #1
100010b2:	f173 0300 	sbcs.w	r3, r3, #0
100010b6:	da06      	bge.n	100010c6 <sleep_until+0x3e>
100010b8:	4620      	mov	r0, r4
100010ba:	4639      	mov	r1, r7
100010bc:	b002      	add	sp, #8
100010be:	e8bd 41f0 	ldmia.w	sp!, {r4, r5, r6, r7, r8, lr}
100010c2:	f000 b909 	b.w	100012d8 <busy_wait_until>
100010c6:	f000 f8cb 	bl	10001260 <time_us_64>
100010ca:	4286      	cmp	r6, r0
100010cc:	eb65 0101 	sbc.w	r1, r5, r1
100010d0:	2900      	cmp	r1, #0
100010d2:	db0a      	blt.n	100010ea <sleep_until+0x62>
100010d4:	2100      	movs	r1, #0
100010d6:	4b17      	ldr	r3, [pc, #92]	@ (10001134 <sleep_until+0xac>)
100010d8:	4632      	mov	r2, r6
100010da:	9300      	str	r3, [sp, #0]
100010dc:	4816      	ldr	r0, [pc, #88]	@ (10001138 <sleep_until+0xb0>)
100010de:	462b      	mov	r3, r5
100010e0:	9101      	str	r1, [sp, #4]
100010e2:	f7ff ff2d 	bl	10000f40 <alarm_pool_add_alarm_at_force_in_context>
100010e6:	2800      	cmp	r0, #0
100010e8:	dbe6      	blt.n	100010b8 <sleep_until+0x30>
100010ea:	f04f 0c00 	mov.w	ip, #0
100010ee:	4813      	ldr	r0, [pc, #76]	@ (1000113c <sleep_until+0xb4>)
100010f0:	4a13      	ldr	r2, [pc, #76]	@ (10001140 <sleep_until+0xb8>)
100010f2:	6a43      	ldr	r3, [r0, #36]	@ 0x24
100010f4:	429d      	cmp	r5, r3
100010f6:	d804      	bhi.n	10001102 <sleep_until+0x7a>
100010f8:	6a81      	ldr	r1, [r0, #40]	@ 0x28
100010fa:	42b1      	cmp	r1, r6
100010fc:	d2dc      	bcs.n	100010b8 <sleep_until+0x30>
100010fe:	429d      	cmp	r5, r3
10001100:	d1da      	bne.n	100010b8 <sleep_until+0x30>
10001102:	6813      	ldr	r3, [r2, #0]
10001104:	f3ef 8110 	mrs	r1, PRIMASK
10001108:	b672      	cpsid	i
1000110a:	e8d3 8fcf 	ldaexb	r8, [r3]
1000110e:	f05f 0e01 	movs.w	lr, #1
10001112:	f1b8 0f00 	cmp.w	r8, #0
10001116:	d1f8      	bne.n	1000110a <sleep_until+0x82>
10001118:	e8c3 ef48 	strexb	r8, lr, [r3]
1000111c:	f1b8 0f00 	cmp.w	r8, #0
10001120:	d1f3      	bne.n	1000110a <sleep_until+0x82>
10001122:	f3bf 8f5f 	dmb	sy
10001126:	6813      	ldr	r3, [r2, #0]
10001128:	e8c3 cf8f 	stlb	ip, [r3]
1000112c:	f381 8810 	msr	PRIMASK, r1
10001130:	bf20      	wfe
10001132:	e7de      	b.n	100010f2 <sleep_until+0x6a>
10001134:	10000b11 	.word	0x10000b11
10001138:	20000df4 	.word	0x20000df4
1000113c:	400b0000 	.word	0x400b0000
10001140:	20001960 	.word	0x20001960

10001144 <sleep_ms>:
10001144:	b510      	push	{r4, lr}
10001146:	4604      	mov	r4, r0
10001148:	f000 f88a 	bl	10001260 <time_us_64>
1000114c:	f44f 737a 	mov.w	r3, #1000	@ 0x3e8
10001150:	f04f 3cff 	mov.w	ip, #4294967295	@ 0xffffffff
10001154:	f06f 4200 	mvn.w	r2, #2147483648	@ 0x80000000
10001158:	fbe4 0103 	umlal	r0, r1, r4, r3
1000115c:	e8bd 4010 	ldmia.w	sp!, {r4, lr}
10001160:	4584      	cmp	ip, r0
10001162:	eb72 0301 	sbcs.w	r3, r2, r1
10001166:	bf3c      	itt	cc
10001168:	4660      	movcc	r0, ip
1000116a:	4611      	movcc	r1, r2
1000116c:	f7ff bf8c 	b.w	10001088 <sleep_until>

10001170 <best_effort_wfe_or_timeout>:
10001170:	e92d 43f0 	stmdb	sp!, {r4, r5, r6, r7, r8, r9, lr}
10001174:	4606      	mov	r6, r0
10001176:	460d      	mov	r5, r1
10001178:	b083      	sub	sp, #12
1000117a:	f3ef 8405 	mrs	r4, IPSR
1000117e:	b2e4      	uxtb	r4, r4
10001180:	b13c      	cbz	r4, 10001192 <best_effort_wfe_or_timeout+0x22>
10001182:	4b27      	ldr	r3, [pc, #156]	@ (10001220 <best_effort_wfe_or_timeout+0xb0>)
10001184:	6a58      	ldr	r0, [r3, #36]	@ 0x24
10001186:	42a8      	cmp	r0, r5
10001188:	d21c      	bcs.n	100011c4 <best_effort_wfe_or_timeout+0x54>
1000118a:	2000      	movs	r0, #0
1000118c:	b003      	add	sp, #12
1000118e:	e8bd 83f0 	ldmia.w	sp!, {r4, r5, r6, r7, r8, r9, pc}
10001192:	4f24      	ldr	r7, [pc, #144]	@ (10001224 <best_effort_wfe_or_timeout+0xb4>)
10001194:	f8d7 900c 	ldr.w	r9, [r7, #12]
10001198:	f897 8000 	ldrb.w	r8, [r7]
1000119c:	4648      	mov	r0, r9
1000119e:	f000 f857 	bl	10001250 <timer_time_us_64>
100011a2:	f108 0804 	add.w	r8, r8, #4
100011a6:	f859 3028 	ldr.w	r3, [r9, r8, lsl #2]
100011aa:	1a1b      	subs	r3, r3, r0
100011ac:	1a30      	subs	r0, r6, r0
100011ae:	eb65 0101 	sbc.w	r1, r5, r1
100011b2:	4298      	cmp	r0, r3
100011b4:	f171 0100 	sbcs.w	r1, r1, #0
100011b8:	db11      	blt.n	100011de <best_effort_wfe_or_timeout+0x6e>
100011ba:	bf20      	wfe
100011bc:	4b18      	ldr	r3, [pc, #96]	@ (10001220 <best_effort_wfe_or_timeout+0xb0>)
100011be:	6a58      	ldr	r0, [r3, #36]	@ 0x24
100011c0:	42a8      	cmp	r0, r5
100011c2:	d3e2      	bcc.n	1000118a <best_effort_wfe_or_timeout+0x1a>
100011c4:	6a9b      	ldr	r3, [r3, #40]	@ 0x28
100011c6:	42b3      	cmp	r3, r6
100011c8:	d303      	bcc.n	100011d2 <best_effort_wfe_or_timeout+0x62>
100011ca:	2001      	movs	r0, #1
100011cc:	b003      	add	sp, #12
100011ce:	e8bd 83f0 	ldmia.w	sp!, {r4, r5, r6, r7, r8, r9, pc}
100011d2:	1b40      	subs	r0, r0, r5
100011d4:	bf18      	it	ne
100011d6:	2001      	movne	r0, #1
100011d8:	b003      	add	sp, #12
100011da:	e8bd 83f0 	ldmia.w	sp!, {r4, r5, r6, r7, r8, r9, pc}
100011de:	f000 f83f 	bl	10001260 <time_us_64>
100011e2:	4286      	cmp	r6, r0
100011e4:	eb65 0101 	sbc.w	r1, r5, r1
100011e8:	2900      	cmp	r1, #0
100011ea:	dbca      	blt.n	10001182 <best_effort_wfe_or_timeout+0x12>
100011ec:	4b0e      	ldr	r3, [pc, #56]	@ (10001228 <best_effort_wfe_or_timeout+0xb8>)
100011ee:	4638      	mov	r0, r7
100011f0:	e9cd 3400 	strd	r3, r4, [sp]
100011f4:	4632      	mov	r2, r6
100011f6:	462b      	mov	r3, r5
100011f8:	f7ff fea2 	bl	10000f40 <alarm_pool_add_alarm_at_force_in_context>
100011fc:	1e01      	subs	r1, r0, #0
100011fe:	ddc0      	ble.n	10001182 <best_effort_wfe_or_timeout+0x12>
10001200:	4b07      	ldr	r3, [pc, #28]	@ (10001220 <best_effort_wfe_or_timeout+0xb0>)
10001202:	6a5a      	ldr	r2, [r3, #36]	@ 0x24
10001204:	42aa      	cmp	r2, r5
10001206:	d308      	bcc.n	1000121a <best_effort_wfe_or_timeout+0xaa>
10001208:	6a9b      	ldr	r3, [r3, #40]	@ 0x28
1000120a:	42b3      	cmp	r3, r6
1000120c:	d303      	bcc.n	10001216 <best_effort_wfe_or_timeout+0xa6>
1000120e:	4805      	ldr	r0, [pc, #20]	@ (10001224 <best_effort_wfe_or_timeout+0xb4>)
10001210:	f7ff fefa 	bl	10001008 <alarm_pool_cancel_alarm>
10001214:	e7b5      	b.n	10001182 <best_effort_wfe_or_timeout+0x12>
10001216:	42aa      	cmp	r2, r5
10001218:	d1f9      	bne.n	1000120e <best_effort_wfe_or_timeout+0x9e>
1000121a:	bf20      	wfe
1000121c:	e7f7      	b.n	1000120e <best_effort_wfe_or_timeout+0x9e>
1000121e:	bf00      	nop
10001220:	400b0000 	.word	0x400b0000
10001224:	20000df4 	.word	0x20000df4
10001228:	10000b11 	.word	0x10000b11

1000122c <timer_hardware_alarm_claim>:
1000122c:	b410      	push	{r4}
1000122e:	4b05      	ldr	r3, [pc, #20]	@ (10001244 <timer_hardware_alarm_claim+0x18>)
10001230:	4c05      	ldr	r4, [pc, #20]	@ (10001248 <timer_hardware_alarm_claim+0x1c>)
10001232:	4a06      	ldr	r2, [pc, #24]	@ (1000124c <timer_hardware_alarm_claim+0x20>)
10001234:	42a0      	cmp	r0, r4
10001236:	bf14      	ite	ne
10001238:	4618      	movne	r0, r3
1000123a:	1c58      	addeq	r0, r3, #1
1000123c:	f85d 4b04 	ldr.w	r4, [sp], #4
10001240:	f7ff b8be 	b.w	100003c0 <hw_claim_or_assert>
10001244:	200014b8 	.word	0x200014b8
10001248:	400b8000 	.word	0x400b8000
1000124c:	10003b98 	.word	0x10003b98

10001250 <timer_time_us_64>:
10001250:	4603      	mov	r3, r0
10001252:	6a41      	ldr	r1, [r0, #36]	@ 0x24
10001254:	460a      	mov	r2, r1
10001256:	6a98      	ldr	r0, [r3, #40]	@ 0x28
10001258:	6a59      	ldr	r1, [r3, #36]	@ 0x24
1000125a:	428a      	cmp	r2, r1
1000125c:	d1fa      	bne.n	10001254 <timer_time_us_64+0x4>
1000125e:	4770      	bx	lr

10001260 <time_us_64>:
10001260:	4b03      	ldr	r3, [pc, #12]	@ (10001270 <time_us_64+0x10>)
10001262:	6a59      	ldr	r1, [r3, #36]	@ 0x24
10001264:	460a      	mov	r2, r1
10001266:	6a98      	ldr	r0, [r3, #40]	@ 0x28
10001268:	6a59      	ldr	r1, [r3, #36]	@ 0x24
1000126a:	4291      	cmp	r1, r2
1000126c:	d1fa      	bne.n	10001264 <time_us_64+0x4>
1000126e:	4770      	bx	lr
10001270:	400b0000 	.word	0x400b0000

10001274 <busy_wait_us>:
10001274:	b410      	push	{r4}
10001276:	4a17      	ldr	r2, [pc, #92]	@ (100012d4 <busy_wait_us+0x60>)
10001278:	6a53      	ldr	r3, [r2, #36]	@ 0x24
1000127a:	469c      	mov	ip, r3
1000127c:	6a94      	ldr	r4, [r2, #40]	@ 0x28
1000127e:	6a53      	ldr	r3, [r2, #36]	@ 0x24
10001280:	4563      	cmp	r3, ip
10001282:	d1fa      	bne.n	1000127a <busy_wait_us+0x6>
10001284:	1900      	adds	r0, r0, r4
10001286:	4159      	adcs	r1, r3
10001288:	f04f 0200 	mov.w	r2, #0
1000128c:	bf28      	it	cs
1000128e:	2201      	movcs	r2, #1
10001290:	4603      	mov	r3, r0
10001292:	b1ca      	cbz	r2, 100012c8 <busy_wait_us+0x54>
10001294:	4b0f      	ldr	r3, [pc, #60]	@ (100012d4 <busy_wait_us+0x60>)
10001296:	6a59      	ldr	r1, [r3, #36]	@ 0x24
10001298:	1c4b      	adds	r3, r1, #1
1000129a:	bf08      	it	eq
1000129c:	460b      	moveq	r3, r1
1000129e:	d008      	beq.n	100012b2 <busy_wait_us+0x3e>
100012a0:	f04f 31ff 	mov.w	r1, #4294967295	@ 0xffffffff
100012a4:	460b      	mov	r3, r1
100012a6:	480b      	ldr	r0, [pc, #44]	@ (100012d4 <busy_wait_us+0x60>)
100012a8:	6a42      	ldr	r2, [r0, #36]	@ 0x24
100012aa:	428a      	cmp	r2, r1
100012ac:	d3fc      	bcc.n	100012a8 <busy_wait_us+0x34>
100012ae:	428a      	cmp	r2, r1
100012b0:	d107      	bne.n	100012c2 <busy_wait_us+0x4e>
100012b2:	4a08      	ldr	r2, [pc, #32]	@ (100012d4 <busy_wait_us+0x60>)
100012b4:	e002      	b.n	100012bc <busy_wait_us+0x48>
100012b6:	6a50      	ldr	r0, [r2, #36]	@ 0x24
100012b8:	4288      	cmp	r0, r1
100012ba:	d102      	bne.n	100012c2 <busy_wait_us+0x4e>
100012bc:	6a90      	ldr	r0, [r2, #40]	@ 0x28
100012be:	4298      	cmp	r0, r3
100012c0:	d3f9      	bcc.n	100012b6 <busy_wait_us+0x42>
100012c2:	f85d 4b04 	ldr.w	r4, [sp], #4
100012c6:	4770      	bx	lr
100012c8:	4a02      	ldr	r2, [pc, #8]	@ (100012d4 <busy_wait_us+0x60>)
100012ca:	6a52      	ldr	r2, [r2, #36]	@ 0x24
100012cc:	4291      	cmp	r1, r2
100012ce:	d8ea      	bhi.n	100012a6 <busy_wait_us+0x32>
100012d0:	e7ed      	b.n	100012ae <busy_wait_us+0x3a>
100012d2:	bf00      	nop
100012d4:	400b0000 	.word	0x400b0000

100012d8 <busy_wait_until>:
100012d8:	4a07      	ldr	r2, [pc, #28]	@ (100012f8 <busy_wait_until+0x20>)
100012da:	6a53      	ldr	r3, [r2, #36]	@ 0x24
100012dc:	4299      	cmp	r1, r3
100012de:	d8fc      	bhi.n	100012da <busy_wait_until+0x2>
100012e0:	4299      	cmp	r1, r3
100012e2:	d107      	bne.n	100012f4 <busy_wait_until+0x1c>
100012e4:	4b04      	ldr	r3, [pc, #16]	@ (100012f8 <busy_wait_until+0x20>)
100012e6:	e002      	b.n	100012ee <busy_wait_until+0x16>
100012e8:	6a5a      	ldr	r2, [r3, #36]	@ 0x24
100012ea:	4291      	cmp	r1, r2
100012ec:	d102      	bne.n	100012f4 <busy_wait_until+0x1c>
100012ee:	6a9a      	ldr	r2, [r3, #40]	@ 0x28
100012f0:	4282      	cmp	r2, r0
100012f2:	d3f9      	bcc.n	100012e8 <busy_wait_until+0x10>
100012f4:	4770      	bx	lr
100012f6:	bf00      	nop
100012f8:	400b0000 	.word	0x400b0000

100012fc <uart_init>:
100012fc:	b5f8      	push	{r3, r4, r5, r6, r7, lr}
100012fe:	4605      	mov	r5, r0
10001300:	2006      	movs	r0, #6
10001302:	460e      	mov	r6, r1
10001304:	f000 f8e4 	bl	100014d0 <clock_get_hz>
10001308:	2800      	cmp	r0, #0
1000130a:	d042      	beq.n	10001392 <uart_init+0x96>
1000130c:	4a35      	ldr	r2, [pc, #212]	@ (100013e4 <uart_init+0xe8>)
1000130e:	4836      	ldr	r0, [pc, #216]	@ (100013e8 <uart_init+0xec>)
10001310:	4295      	cmp	r5, r2
10001312:	bf14      	ite	ne
10001314:	f04f 6280 	movne.w	r2, #67108864	@ 0x4000000
10001318:	f04f 6200 	moveq.w	r2, #134217728	@ 0x8000000
1000131c:	4b33      	ldr	r3, [pc, #204]	@ (100013ec <uart_init+0xf0>)
1000131e:	4934      	ldr	r1, [pc, #208]	@ (100013f0 <uart_init+0xf4>)
10001320:	6002      	str	r2, [r0, #0]
10001322:	601a      	str	r2, [r3, #0]
10001324:	688c      	ldr	r4, [r1, #8]
10001326:	ea32 0404 	bics.w	r4, r2, r4
1000132a:	d1fb      	bne.n	10001324 <uart_init+0x28>
1000132c:	4b2d      	ldr	r3, [pc, #180]	@ (100013e4 <uart_init+0xe8>)
1000132e:	f44f 7180 	mov.w	r1, #256	@ 0x100
10001332:	1aeb      	subs	r3, r5, r3
10001334:	fab3 f383 	clz	r3, r3
10001338:	4a2e      	ldr	r2, [pc, #184]	@ (100013f4 <uart_init+0xf8>)
1000133a:	095b      	lsrs	r3, r3, #5
1000133c:	2006      	movs	r0, #6
1000133e:	f822 1013 	strh.w	r1, [r2, r3, lsl #1]
10001342:	f000 f8c5 	bl	100014d0 <clock_get_hz>
10001346:	00c3      	lsls	r3, r0, #3
10001348:	fbb3 f3f6 	udiv	r3, r3, r6
1000134c:	3301      	adds	r3, #1
1000134e:	09da      	lsrs	r2, r3, #7
10001350:	d120      	bne.n	10001394 <uart_init+0x98>
10001352:	2640      	movs	r6, #64	@ 0x40
10001354:	2101      	movs	r1, #1
10001356:	6269      	str	r1, [r5, #36]	@ 0x24
10001358:	62aa      	str	r2, [r5, #40]	@ 0x28
1000135a:	6b2f      	ldr	r7, [r5, #48]	@ 0x30
1000135c:	07fb      	lsls	r3, r7, #31
1000135e:	d422      	bmi.n	100013a6 <uart_init+0xaa>
10001360:	462b      	mov	r3, r5
10001362:	2200      	movs	r2, #0
10001364:	f853 1f2c 	ldr.w	r1, [r3, #44]!
10001368:	2006      	movs	r0, #6
1000136a:	f503 5480 	add.w	r4, r3, #4096	@ 0x1000
1000136e:	6022      	str	r2, [r4, #0]
10001370:	632f      	str	r7, [r5, #48]	@ 0x30
10001372:	f000 f8ad 	bl	100014d0 <clock_get_hz>
10001376:	f240 3101 	movw	r1, #769	@ 0x301
1000137a:	2203      	movs	r2, #3
1000137c:	0080      	lsls	r0, r0, #2
1000137e:	fbb0 f0f6 	udiv	r0, r0, r6
10001382:	6aeb      	ldr	r3, [r5, #44]	@ 0x2c
10001384:	f083 0370 	eor.w	r3, r3, #112	@ 0x70
10001388:	f003 037e 	and.w	r3, r3, #126	@ 0x7e
1000138c:	6023      	str	r3, [r4, #0]
1000138e:	6329      	str	r1, [r5, #48]	@ 0x30
10001390:	64aa      	str	r2, [r5, #72]	@ 0x48
10001392:	bdf8      	pop	{r3, r4, r5, r6, r7, pc}
10001394:	f64f 71fe 	movw	r1, #65534	@ 0xfffe
10001398:	428a      	cmp	r2, r1
1000139a:	d91b      	bls.n	100013d4 <uart_init+0xd8>
1000139c:	4622      	mov	r2, r4
1000139e:	f64f 71ff 	movw	r1, #65535	@ 0xffff
100013a2:	4e15      	ldr	r6, [pc, #84]	@ (100013f8 <uart_init+0xfc>)
100013a4:	e7d7      	b.n	10001356 <uart_init+0x5a>
100013a6:	f240 3201 	movw	r2, #769	@ 0x301
100013aa:	f505 5340 	add.w	r3, r5, #12288	@ 0x3000
100013ae:	631a      	str	r2, [r3, #48]	@ 0x30
100013b0:	6a6b      	ldr	r3, [r5, #36]	@ 0x24
100013b2:	6aac      	ldr	r4, [r5, #40]	@ 0x28
100013b4:	2006      	movs	r0, #6
100013b6:	eb04 1483 	add.w	r4, r4, r3, lsl #6
100013ba:	f000 f889 	bl	100014d0 <clock_get_hz>
100013be:	4b0f      	ldr	r3, [pc, #60]	@ (100013fc <uart_init+0x100>)
100013c0:	02a4      	lsls	r4, r4, #10
100013c2:	fba3 2300 	umull	r2, r3, r3, r0
100013c6:	0adb      	lsrs	r3, r3, #11
100013c8:	2100      	movs	r1, #0
100013ca:	fbb4 f0f3 	udiv	r0, r4, r3
100013ce:	f7ff ff51 	bl	10001274 <busy_wait_us>
100013d2:	e7c5      	b.n	10001360 <uart_init+0x64>
100013d4:	f3c3 0345 	ubfx	r3, r3, #1, #6
100013d8:	4611      	mov	r1, r2
100013da:	eb03 1682 	add.w	r6, r3, r2, lsl #6
100013de:	461a      	mov	r2, r3
100013e0:	e7b9      	b.n	10001356 <uart_init+0x5a>
100013e2:	bf00      	nop
100013e4:	40078000 	.word	0x40078000
100013e8:	40022000 	.word	0x40022000
100013ec:	40023000 	.word	0x40023000
100013f0:	40020000 	.word	0x40020000
100013f4:	20001964 	.word	0x20001964
100013f8:	003fffc0 	.word	0x003fffc0
100013fc:	8f2b7b75 	.word	0x8f2b7b75

10001400 <clock_configure_undivided>:
10001400:	eb00 0c40 	add.w	ip, r0, r0, lsl #1
10001404:	ea4f 0c8c 	mov.w	ip, ip, lsl #2
10001408:	f10c 4c80 	add.w	ip, ip, #1073741824	@ 0x40000000
1000140c:	f50c 3c80 	add.w	ip, ip, #65536	@ 0x10000
10001410:	b5f0      	push	{r4, r5, r6, r7, lr}
10001412:	4616      	mov	r6, r2
10001414:	f8dc 2004 	ldr.w	r2, [ip, #4]
10001418:	1f05      	subs	r5, r0, #4
1000141a:	f5b2 3f80 	cmp.w	r2, #65536	@ 0x10000
1000141e:	bf38      	it	cc
10001420:	f44f 3280 	movcc.w	r2, #65536	@ 0x10000
10001424:	b2ed      	uxtb	r5, r5
10001426:	bf38      	it	cc
10001428:	f8cc 2004 	strcc.w	r2, [ip, #4]
1000142c:	2d01      	cmp	r5, #1
1000142e:	d92a      	bls.n	10001486 <clock_configure_undivided+0x86>
10001430:	f44f 6700 	mov.w	r7, #2048	@ 0x800
10001434:	4c25      	ldr	r4, [pc, #148]	@ (100014cc <clock_configure_undivided+0xcc>)
10001436:	f50c 5240 	add.w	r2, ip, #12288	@ 0x3000
1000143a:	6017      	str	r7, [r2, #0]
1000143c:	f854 2020 	ldr.w	r2, [r4, r0, lsl #2]
10001440:	b9b2      	cbnz	r2, 10001470 <clock_configure_undivided+0x70>
10001442:	f8dc 2000 	ldr.w	r2, [ip]
10001446:	2d01      	cmp	r5, #1
10001448:	ea82 1246 	eor.w	r2, r2, r6, lsl #5
1000144c:	f002 02e0 	and.w	r2, r2, #224	@ 0xe0
10001450:	f50c 5680 	add.w	r6, ip, #4096	@ 0x1000
10001454:	6032      	str	r2, [r6, #0]
10001456:	d92a      	bls.n	100014ae <clock_configure_undivided+0xae>
10001458:	f44f 6100 	mov.w	r1, #2048	@ 0x800
1000145c:	f844 3020 	str.w	r3, [r4, r0, lsl #2]
10001460:	f44f 3380 	mov.w	r3, #65536	@ 0x10000
10001464:	f50c 5200 	add.w	r2, ip, #8192	@ 0x2000
10001468:	6011      	str	r1, [r2, #0]
1000146a:	f8cc 3004 	str.w	r3, [ip, #4]
1000146e:	bdf0      	pop	{r4, r5, r6, r7, pc}
10001470:	6967      	ldr	r7, [r4, #20]
10001472:	fbb7 fef2 	udiv	lr, r7, r2
10001476:	f10e 0e01 	add.w	lr, lr, #1
1000147a:	eb0e 0e4e 	add.w	lr, lr, lr, lsl #1
1000147e:	f1be 0e03 	subs.w	lr, lr, #3
10001482:	d2fc      	bcs.n	1000147e <clock_configure_undivided+0x7e>
10001484:	e7dd      	b.n	10001442 <clock_configure_undivided+0x42>
10001486:	2901      	cmp	r1, #1
10001488:	d1d2      	bne.n	10001430 <clock_configure_undivided+0x30>
1000148a:	2403      	movs	r4, #3
1000148c:	f50c 5240 	add.w	r2, ip, #12288	@ 0x3000
10001490:	6014      	str	r4, [r2, #0]
10001492:	f8dc 2008 	ldr.w	r2, [ip, #8]
10001496:	07d2      	lsls	r2, r2, #31
10001498:	d5fb      	bpl.n	10001492 <clock_configure_undivided+0x92>
1000149a:	f8dc 2000 	ldr.w	r2, [ip]
1000149e:	4c0b      	ldr	r4, [pc, #44]	@ (100014cc <clock_configure_undivided+0xcc>)
100014a0:	ea82 1246 	eor.w	r2, r2, r6, lsl #5
100014a4:	f002 02e0 	and.w	r2, r2, #224	@ 0xe0
100014a8:	f50c 5680 	add.w	r6, ip, #4096	@ 0x1000
100014ac:	6032      	str	r2, [r6, #0]
100014ae:	2201      	movs	r2, #1
100014b0:	f8dc 5000 	ldr.w	r5, [ip]
100014b4:	404d      	eors	r5, r1
100014b6:	f005 0503 	and.w	r5, r5, #3
100014ba:	6035      	str	r5, [r6, #0]
100014bc:	fa02 f101 	lsl.w	r1, r2, r1
100014c0:	f8dc 2008 	ldr.w	r2, [ip, #8]
100014c4:	420a      	tst	r2, r1
100014c6:	d0fb      	beq.n	100014c0 <clock_configure_undivided+0xc0>
100014c8:	e7c6      	b.n	10001458 <clock_configure_undivided+0x58>
100014ca:	bf00      	nop
100014cc:	200014bc 	.word	0x200014bc

100014d0 <clock_get_hz>:
100014d0:	4b01      	ldr	r3, [pc, #4]	@ (100014d8 <clock_get_hz+0x8>)
100014d2:	f853 0020 	ldr.w	r0, [r3, r0, lsl #2]
100014d6:	4770      	bx	lr
100014d8:	200014bc 	.word	0x200014bc

100014dc <pll_init>:
100014dc:	b470      	push	{r4, r5, r6}
100014de:	9d03      	ldr	r5, [sp, #12]
100014e0:	6804      	ldr	r4, [r0, #0]
100014e2:	032d      	lsls	r5, r5, #12
100014e4:	ea45 4503 	orr.w	r5, r5, r3, lsl #16
100014e8:	4b1b      	ldr	r3, [pc, #108]	@ (10001558 <pll_init+0x7c>)
100014ea:	2c00      	cmp	r4, #0
100014ec:	fbb3 f3f1 	udiv	r3, r3, r1
100014f0:	fbb2 f6f3 	udiv	r6, r2, r3
100014f4:	db1f      	blt.n	10001536 <pll_init+0x5a>
100014f6:	4a19      	ldr	r2, [pc, #100]	@ (1000155c <pll_init+0x80>)
100014f8:	4b19      	ldr	r3, [pc, #100]	@ (10001560 <pll_init+0x84>)
100014fa:	4290      	cmp	r0, r2
100014fc:	bf14      	ite	ne
100014fe:	f44f 4280 	movne.w	r2, #16384	@ 0x4000
10001502:	f44f 4200 	moveq.w	r2, #32768	@ 0x8000
10001506:	4c17      	ldr	r4, [pc, #92]	@ (10001564 <pll_init+0x88>)
10001508:	601a      	str	r2, [r3, #0]
1000150a:	f503 5380 	add.w	r3, r3, #4096	@ 0x1000
1000150e:	601a      	str	r2, [r3, #0]
10001510:	68a3      	ldr	r3, [r4, #8]
10001512:	ea32 0303 	bics.w	r3, r2, r3
10001516:	d1fb      	bne.n	10001510 <pll_init+0x34>
10001518:	2221      	movs	r2, #33	@ 0x21
1000151a:	f500 5340 	add.w	r3, r0, #12288	@ 0x3000
1000151e:	3304      	adds	r3, #4
10001520:	6001      	str	r1, [r0, #0]
10001522:	6086      	str	r6, [r0, #8]
10001524:	601a      	str	r2, [r3, #0]
10001526:	6802      	ldr	r2, [r0, #0]
10001528:	2a00      	cmp	r2, #0
1000152a:	dafc      	bge.n	10001526 <pll_init+0x4a>
1000152c:	2208      	movs	r2, #8
1000152e:	60c5      	str	r5, [r0, #12]
10001530:	601a      	str	r2, [r3, #0]
10001532:	bc70      	pop	{r4, r5, r6}
10001534:	4770      	bx	lr
10001536:	6803      	ldr	r3, [r0, #0]
10001538:	f003 033f 	and.w	r3, r3, #63	@ 0x3f
1000153c:	428b      	cmp	r3, r1
1000153e:	d1da      	bne.n	100014f6 <pll_init+0x1a>
10001540:	6883      	ldr	r3, [r0, #8]
10001542:	f3c3 030b 	ubfx	r3, r3, #0, #12
10001546:	42b3      	cmp	r3, r6
10001548:	d1d5      	bne.n	100014f6 <pll_init+0x1a>
1000154a:	68c3      	ldr	r3, [r0, #12]
1000154c:	f403 23ee 	and.w	r3, r3, #487424	@ 0x77000
10001550:	42ab      	cmp	r3, r5
10001552:	d1d0      	bne.n	100014f6 <pll_init+0x1a>
10001554:	e7ed      	b.n	10001532 <pll_init+0x56>
10001556:	bf00      	nop
10001558:	00b71b00 	.word	0x00b71b00
1000155c:	40058000 	.word	0x40058000
10001560:	40022000 	.word	0x40022000
10001564:	40020000 	.word	0x40020000

10001568 <tick_start>:
10001568:	2301      	movs	r3, #1
1000156a:	eb00 0040 	add.w	r0, r0, r0, lsl #1
1000156e:	0080      	lsls	r0, r0, #2
10001570:	f100 4080 	add.w	r0, r0, #1073741824	@ 0x40000000
10001574:	f500 1084 	add.w	r0, r0, #1081344	@ 0x108000
10001578:	6041      	str	r1, [r0, #4]
1000157a:	6003      	str	r3, [r0, #0]
1000157c:	4770      	bx	lr
1000157e:	bf00      	nop

10001580 <rom_func_lookup>:
10001580:	2300      	movs	r3, #0
10001582:	8adb      	ldrh	r3, [r3, #22]
10001584:	2200      	movs	r2, #0
10001586:	e842 f200 	tt	r2, r2
1000158a:	0252      	lsls	r2, r2, #9
1000158c:	d401      	bmi.n	10001592 <rom_func_lookup+0x12>
1000158e:	2110      	movs	r1, #16
10001590:	4718      	bx	r3
10001592:	2104      	movs	r1, #4
10001594:	4718      	bx	r3
10001596:	bf00      	nop

10001598 <runtime_init_bootrom_locking_enable>:
10001598:	4a03      	ldr	r2, [pc, #12]	@ (100015a8 <runtime_init_bootrom_locking_enable+0x10>)
1000159a:	f8d2 3828 	ldr.w	r3, [r2, #2088]	@ 0x828
1000159e:	2b00      	cmp	r3, #0
100015a0:	d0fb      	beq.n	1000159a <runtime_init_bootrom_locking_enable+0x2>
100015a2:	f3bf 8f5f 	dmb	sy
100015a6:	4770      	bx	lr
100015a8:	400e0000 	.word	0x400e0000

100015ac <runtime_init_boot_locks_reset>:
100015ac:	2100      	movs	r1, #0
100015ae:	4b04      	ldr	r3, [pc, #16]	@ (100015c0 <runtime_init_boot_locks_reset+0x14>)
100015b0:	4a04      	ldr	r2, [pc, #16]	@ (100015c4 <runtime_init_boot_locks_reset+0x18>)
100015b2:	f3bf 8f5f 	dmb	sy
100015b6:	f843 1b04 	str.w	r1, [r3], #4
100015ba:	4293      	cmp	r3, r2
100015bc:	d1f9      	bne.n	100015b2 <runtime_init_boot_locks_reset+0x6>
100015be:	4770      	bx	lr
100015c0:	400e080c 	.word	0x400e080c
100015c4:	400e082c 	.word	0x400e082c

100015c8 <xosc_init>:
100015c8:	b410      	push	{r4}
100015ca:	f44f 708d 	mov.w	r0, #282	@ 0x11a
100015ce:	f44f 642a 	mov.w	r4, #2720	@ 0xaa0
100015d2:	4a06      	ldr	r2, [pc, #24]	@ (100015ec <xosc_init+0x24>)
100015d4:	4b06      	ldr	r3, [pc, #24]	@ (100015f0 <xosc_init+0x28>)
100015d6:	4907      	ldr	r1, [pc, #28]	@ (100015f4 <xosc_init+0x2c>)
100015d8:	6014      	str	r4, [r2, #0]
100015da:	60d0      	str	r0, [r2, #12]
100015dc:	6019      	str	r1, [r3, #0]
100015de:	6853      	ldr	r3, [r2, #4]
100015e0:	2b00      	cmp	r3, #0
100015e2:	dafc      	bge.n	100015de <xosc_init+0x16>
100015e4:	f85d 4b04 	ldr.w	r4, [sp], #4
100015e8:	4770      	bx	lr
100015ea:	bf00      	nop
100015ec:	40048000 	.word	0x40048000
100015f0:	4004a000 	.word	0x4004a000
100015f4:	00fab000 	.word	0x00fab000

100015f8 <first_per_core_initializer>:
100015f8:	4770      	bx	lr
100015fa:	bf00      	nop

100015fc <hard_assertion_failure>:
100015fc:	b508      	push	{r3, lr}
100015fe:	4801      	ldr	r0, [pc, #4]	@ (10001604 <hard_assertion_failure+0x8>)
10001600:	f7fe fec6 	bl	10000390 <panic>
10001604:	10003bbc 	.word	0x10003bbc

10001608 <runtime_run_initializers>:
10001608:	b538      	push	{r3, r4, r5, lr}
1000160a:	4c05      	ldr	r4, [pc, #20]	@ (10001620 <runtime_run_initializers+0x18>)
1000160c:	4d05      	ldr	r5, [pc, #20]	@ (10001624 <runtime_run_initializers+0x1c>)
1000160e:	42ac      	cmp	r4, r5
10001610:	d204      	bcs.n	1000161c <runtime_run_initializers+0x14>
10001612:	f854 3b04 	ldr.w	r3, [r4], #4
10001616:	4798      	blx	r3
10001618:	42ac      	cmp	r4, r5
1000161a:	d3fa      	bcc.n	10001612 <runtime_run_initializers+0xa>
1000161c:	bd38      	pop	{r3, r4, r5, pc}
1000161e:	bf00      	nop
10001620:	10003af0 	.word	0x10003af0
10001624:	10003b30 	.word	0x10003b30

10001628 <runtime_init_early_resets>:
10001628:	b410      	push	{r4}
1000162a:	4807      	ldr	r0, [pc, #28]	@ (10001648 <runtime_init_early_resets+0x20>)
1000162c:	4c07      	ldr	r4, [pc, #28]	@ (1000164c <runtime_init_early_resets+0x24>)
1000162e:	4b08      	ldr	r3, [pc, #32]	@ (10001650 <runtime_init_early_resets+0x28>)
10001630:	4a08      	ldr	r2, [pc, #32]	@ (10001654 <runtime_init_early_resets+0x2c>)
10001632:	4909      	ldr	r1, [pc, #36]	@ (10001658 <runtime_init_early_resets+0x30>)
10001634:	6004      	str	r4, [r0, #0]
10001636:	601a      	str	r2, [r3, #0]
10001638:	688b      	ldr	r3, [r1, #8]
1000163a:	ea32 0303 	bics.w	r3, r2, r3
1000163e:	d1fb      	bne.n	10001638 <runtime_init_early_resets+0x10>
10001640:	f85d 4b04 	ldr.w	r4, [sp], #4
10001644:	4770      	bx	lr
10001646:	bf00      	nop
10001648:	40022000 	.word	0x40022000
1000164c:	efef3b7f 	.word	0xefef3b7f
10001650:	40023000 	.word	0x40023000
10001654:	03f3fff6 	.word	0x03f3fff6
10001658:	40020000 	.word	0x40020000

1000165c <runtime_init_usb_power_down>:
1000165c:	4b04      	ldr	r3, [pc, #16]	@ (10001670 <runtime_init_usb_power_down+0x14>)
1000165e:	6cdb      	ldr	r3, [r3, #76]	@ 0x4c
10001660:	f5b3 4f00 	cmp.w	r3, #32768	@ 0x8000
10001664:	d103      	bne.n	1000166e <runtime_init_usb_power_down+0x12>
10001666:	f44f 2280 	mov.w	r2, #262144	@ 0x40000
1000166a:	4b02      	ldr	r3, [pc, #8]	@ (10001674 <runtime_init_usb_power_down+0x18>)
1000166c:	64da      	str	r2, [r3, #76]	@ 0x4c
1000166e:	4770      	bx	lr
10001670:	50110000 	.word	0x50110000
10001674:	50112000 	.word	0x50112000

10001678 <runtime_init_per_core_enable_coprocessors>:
10001678:	f04f 22e0 	mov.w	r2, #3758153728	@ 0xe000e000
1000167c:	4b04      	ldr	r3, [pc, #16]	@ (10001690 <runtime_init_per_core_enable_coprocessors+0x18>)
1000167e:	f8d2 1d88 	ldr.w	r1, [r2, #3464]	@ 0xd88
10001682:	430b      	orrs	r3, r1
10001684:	f8c2 3d88 	str.w	r3, [r2, #3464]	@ 0xd88
10001688:	ee10 0430 	dcp_rcmp r0
1000168c:	4770      	bx	lr
1000168e:	bf00      	nop
10001690:	00300303 	.word	0x00300303

10001694 <runtime_init_post_clock_resets>:
10001694:	f06f 4160 	mvn.w	r1, #3758096384	@ 0xe0000000
10001698:	4b04      	ldr	r3, [pc, #16]	@ (100016ac <runtime_init_post_clock_resets+0x18>)
1000169a:	4a05      	ldr	r2, [pc, #20]	@ (100016b0 <runtime_init_post_clock_resets+0x1c>)
1000169c:	6019      	str	r1, [r3, #0]
1000169e:	6893      	ldr	r3, [r2, #8]
100016a0:	43db      	mvns	r3, r3
100016a2:	f033 4360 	bics.w	r3, r3, #3758096384	@ 0xe0000000
100016a6:	d1fa      	bne.n	1000169e <runtime_init_post_clock_resets+0xa>
100016a8:	4770      	bx	lr
100016aa:	bf00      	nop
100016ac:	40023000 	.word	0x40023000
100016b0:	40020000 	.word	0x40020000

100016b4 <runtime_init_bootrom_reset>:
100016b4:	b510      	push	{r4, lr}
100016b6:	f245 2053 	movw	r0, #21075	@ 0x5253
100016ba:	f7ff ff61 	bl	10001580 <rom_func_lookup>
100016be:	e8bd 4010 	ldmia.w	sp!, {r4, lr}
100016c2:	4603      	mov	r3, r0
100016c4:	2004      	movs	r0, #4
100016c6:	4718      	bx	r3

100016c8 <runtime_init_per_core_bootrom_reset>:
100016c8:	b510      	push	{r4, lr}
100016ca:	f245 2053 	movw	r0, #21075	@ 0x5253
100016ce:	f7ff ff57 	bl	10001580 <rom_func_lookup>
100016d2:	e8bd 4010 	ldmia.w	sp!, {r4, lr}
100016d6:	4603      	mov	r3, r0
100016d8:	2001      	movs	r0, #1
100016da:	4718      	bx	r3

100016dc <runtime_init_spin_locks_reset>:
100016dc:	f7fe bf0e 	b.w	100004fc <spin_locks_reset>

100016e0 <runtime_init_install_ram_vector_table>:
100016e0:	b570      	push	{r4, r5, r6, lr}
100016e2:	4914      	ldr	r1, [pc, #80]	@ (10001734 <runtime_init_install_ram_vector_table+0x54>)
100016e4:	4c14      	ldr	r4, [pc, #80]	@ (10001738 <runtime_init_install_ram_vector_table+0x58>)
100016e6:	4d15      	ldr	r5, [pc, #84]	@ (1000173c <runtime_init_install_ram_vector_table+0x5c>)
100016e8:	1a64      	subs	r4, r4, r1
100016ea:	10a6      	asrs	r6, r4, #2
100016ec:	2e44      	cmp	r6, #68	@ 0x44
100016ee:	4632      	mov	r2, r6
100016f0:	bf28      	it	cs
100016f2:	2244      	movcs	r2, #68	@ 0x44
100016f4:	4628      	mov	r0, r5
100016f6:	0092      	lsls	r2, r2, #2
100016f8:	f002 f8de 	bl	100038b8 <memcpy>
100016fc:	f5b4 7f86 	cmp.w	r4, #268	@ 0x10c
10001700:	d813      	bhi.n	1000172a <runtime_init_install_ram_vector_table+0x4a>
10001702:	4a0f      	ldr	r2, [pc, #60]	@ (10001740 <runtime_init_install_ram_vector_table+0x60>)
10001704:	f1c6 0144 	rsb	r1, r6, #68	@ 0x44
10001708:	d012      	beq.n	10001730 <runtime_init_install_ram_vector_table+0x50>
1000170a:	192b      	adds	r3, r5, r4
1000170c:	0848      	lsrs	r0, r1, #1
1000170e:	eb03 00c0 	add.w	r0, r3, r0, lsl #3
10001712:	e9c3 2200 	strd	r2, r2, [r3]
10001716:	3308      	adds	r3, #8
10001718:	4283      	cmp	r3, r0
1000171a:	d1fa      	bne.n	10001712 <runtime_init_install_ram_vector_table+0x32>
1000171c:	07cb      	lsls	r3, r1, #31
1000171e:	d504      	bpl.n	1000172a <runtime_init_install_ram_vector_table+0x4a>
10001720:	f021 0301 	bic.w	r3, r1, #1
10001724:	4433      	add	r3, r6
10001726:	f845 2023 	str.w	r2, [r5, r3, lsl #2]
1000172a:	4b06      	ldr	r3, [pc, #24]	@ (10001744 <runtime_init_install_ram_vector_table+0x64>)
1000172c:	609d      	str	r5, [r3, #8]
1000172e:	bd70      	pop	{r4, r5, r6, pc}
10001730:	2343      	movs	r3, #67	@ 0x43
10001732:	e7f8      	b.n	10001726 <runtime_init_install_ram_vector_table+0x46>
10001734:	10000000 	.word	0x10000000
10001738:	10000110 	.word	0x10000110
1000173c:	20000000 	.word	0x20000000
10001740:	10000111 	.word	0x10000111
10001744:	e000ed00 	.word	0xe000ed00

10001748 <runtime_init_clocks>:
10001748:	2300      	movs	r3, #0
1000174a:	b570      	push	{r4, r5, r6, lr}
1000174c:	4c2b      	ldr	r4, [pc, #172]	@ (100017fc <runtime_init_clocks+0xb4>)
1000174e:	b082      	sub	sp, #8
10001750:	f8c4 3084 	str.w	r3, [r4, #132]	@ 0x84
10001754:	f7ff ff38 	bl	100015c8 <xosc_init>
10001758:	2201      	movs	r2, #1
1000175a:	4b29      	ldr	r3, [pc, #164]	@ (10001800 <runtime_init_clocks+0xb8>)
1000175c:	63da      	str	r2, [r3, #60]	@ 0x3c
1000175e:	6c63      	ldr	r3, [r4, #68]	@ 0x44
10001760:	2b01      	cmp	r3, #1
10001762:	d1fc      	bne.n	1000175e <runtime_init_clocks+0x16>
10001764:	2103      	movs	r1, #3
10001766:	4a26      	ldr	r2, [pc, #152]	@ (10001800 <runtime_init_clocks+0xb8>)
10001768:	4b24      	ldr	r3, [pc, #144]	@ (100017fc <runtime_init_clocks+0xb4>)
1000176a:	6311      	str	r1, [r2, #48]	@ 0x30
1000176c:	6b9c      	ldr	r4, [r3, #56]	@ 0x38
1000176e:	2c01      	cmp	r4, #1
10001770:	d1fc      	bne.n	1000176c <runtime_init_clocks+0x24>
10001772:	2602      	movs	r6, #2
10001774:	2505      	movs	r5, #5
10001776:	4621      	mov	r1, r4
10001778:	2305      	movs	r3, #5
1000177a:	4a22      	ldr	r2, [pc, #136]	@ (10001804 <runtime_init_clocks+0xbc>)
1000177c:	4822      	ldr	r0, [pc, #136]	@ (10001808 <runtime_init_clocks+0xc0>)
1000177e:	9600      	str	r6, [sp, #0]
10001780:	f7ff feac 	bl	100014dc <pll_init>
10001784:	4621      	mov	r1, r4
10001786:	462b      	mov	r3, r5
10001788:	4a20      	ldr	r2, [pc, #128]	@ (1000180c <runtime_init_clocks+0xc4>)
1000178a:	4821      	ldr	r0, [pc, #132]	@ (10001810 <runtime_init_clocks+0xc8>)
1000178c:	9500      	str	r5, [sp, #0]
1000178e:	f7ff fea5 	bl	100014dc <pll_init>
10001792:	2200      	movs	r2, #0
10001794:	2004      	movs	r0, #4
10001796:	4631      	mov	r1, r6
10001798:	4b1e      	ldr	r3, [pc, #120]	@ (10001814 <runtime_init_clocks+0xcc>)
1000179a:	f7ff fe31 	bl	10001400 <clock_configure_undivided>
1000179e:	4621      	mov	r1, r4
100017a0:	4628      	mov	r0, r5
100017a2:	2200      	movs	r2, #0
100017a4:	4b1c      	ldr	r3, [pc, #112]	@ (10001818 <runtime_init_clocks+0xd0>)
100017a6:	f7ff fe2b 	bl	10001400 <clock_configure_undivided>
100017aa:	2200      	movs	r2, #0
100017ac:	2008      	movs	r0, #8
100017ae:	4611      	mov	r1, r2
100017b0:	4b1a      	ldr	r3, [pc, #104]	@ (1000181c <runtime_init_clocks+0xd4>)
100017b2:	f7ff fe25 	bl	10001400 <clock_configure_undivided>
100017b6:	2200      	movs	r2, #0
100017b8:	2009      	movs	r0, #9
100017ba:	4611      	mov	r1, r2
100017bc:	4b17      	ldr	r3, [pc, #92]	@ (1000181c <runtime_init_clocks+0xd4>)
100017be:	f7ff fe1f 	bl	10001400 <clock_configure_undivided>
100017c2:	2200      	movs	r2, #0
100017c4:	2006      	movs	r0, #6
100017c6:	4611      	mov	r1, r2
100017c8:	4b13      	ldr	r3, [pc, #76]	@ (10001818 <runtime_init_clocks+0xd0>)
100017ca:	f7ff fe19 	bl	10001400 <clock_configure_undivided>
100017ce:	2200      	movs	r2, #0
100017d0:	4b11      	ldr	r3, [pc, #68]	@ (10001818 <runtime_init_clocks+0xd0>)
100017d2:	2007      	movs	r0, #7
100017d4:	4611      	mov	r1, r2
100017d6:	f7ff fe13 	bl	10001400 <clock_configure_undivided>
100017da:	2004      	movs	r0, #4
100017dc:	f7ff fe78 	bl	100014d0 <clock_get_hz>
100017e0:	2400      	movs	r4, #0
100017e2:	4b0f      	ldr	r3, [pc, #60]	@ (10001820 <runtime_init_clocks+0xd8>)
100017e4:	fba3 3500 	umull	r3, r5, r3, r0
100017e8:	0cad      	lsrs	r5, r5, #18
100017ea:	b2e0      	uxtb	r0, r4
100017ec:	4629      	mov	r1, r5
100017ee:	3401      	adds	r4, #1
100017f0:	f7ff feba 	bl	10001568 <tick_start>
100017f4:	2c06      	cmp	r4, #6
100017f6:	d1f8      	bne.n	100017ea <runtime_init_clocks+0xa2>
100017f8:	b002      	add	sp, #8
100017fa:	bd70      	pop	{r4, r5, r6, pc}
100017fc:	40010000 	.word	0x40010000
10001800:	40013000 	.word	0x40013000
10001804:	59682f00 	.word	0x59682f00
10001808:	40050000 	.word	0x40050000
1000180c:	47868c00 	.word	0x47868c00
10001810:	40058000 	.word	0x40058000
10001814:	00b71b00 	.word	0x00b71b00
10001818:	08f0d180 	.word	0x08f0d180
1000181c:	02dc6c00 	.word	0x02dc6c00
10001820:	431bde83 	.word	0x431bde83

10001824 <_out_char>:
10001824:	b900      	cbnz	r0, 10001828 <_out_char+0x4>
10001826:	4770      	bx	lr
10001828:	f000 b920 	b.w	10001a6c <__wrap_putchar>

1000182c <weak_raw_vprintf>:
1000182c:	b510      	push	{r4, lr}
1000182e:	4b09      	ldr	r3, [pc, #36]	@ (10001854 <weak_raw_vprintf+0x28>)
10001830:	b084      	sub	sp, #16
10001832:	681c      	ldr	r4, [r3, #0]
10001834:	b14c      	cbz	r4, 1000184a <weak_raw_vprintf+0x1e>
10001836:	4603      	mov	r3, r0
10001838:	9100      	str	r1, [sp, #0]
1000183a:	f04f 32ff 	mov.w	r2, #4294967295	@ 0xffffffff
1000183e:	a903      	add	r1, sp, #12
10001840:	4805      	ldr	r0, [pc, #20]	@ (10001858 <weak_raw_vprintf+0x2c>)
10001842:	47a0      	blx	r4
10001844:	2001      	movs	r0, #1
10001846:	b004      	add	sp, #16
10001848:	bd10      	pop	{r4, pc}
1000184a:	f000 f951 	bl	10001af0 <__wrap_puts>
1000184e:	4620      	mov	r0, r4
10001850:	b004      	add	sp, #16
10001852:	bd10      	pop	{r4, pc}
10001854:	200018f0 	.word	0x200018f0
10001858:	10001825 	.word	0x10001825

1000185c <_exit>:
1000185c:	be00      	bkpt	0x0000
1000185e:	e7fd      	b.n	1000185c <_exit>

10001860 <exit>:
10001860:	b508      	push	{r3, lr}
10001862:	f7ff fffb 	bl	1000185c <_exit>
10001866:	bf00      	nop

10001868 <runtime_init>:
10001868:	b538      	push	{r3, r4, r5, lr}
1000186a:	4c06      	ldr	r4, [pc, #24]	@ (10001884 <runtime_init+0x1c>)
1000186c:	4d06      	ldr	r5, [pc, #24]	@ (10001888 <runtime_init+0x20>)
1000186e:	f7ff fecb 	bl	10001608 <runtime_run_initializers>
10001872:	42ac      	cmp	r4, r5
10001874:	d204      	bcs.n	10001880 <runtime_init+0x18>
10001876:	f854 3b04 	ldr.w	r3, [r4], #4
1000187a:	4798      	blx	r3
1000187c:	42ac      	cmp	r4, r5
1000187e:	d3fa      	bcc.n	10001876 <runtime_init+0xe>
10001880:	bd38      	pop	{r3, r4, r5, pc}
10001882:	bf00      	nop
10001884:	10003b30 	.word	0x10003b30
10001888:	10003b3c 	.word	0x10003b3c

1000188c <stdio_out_chars_no_crlf>:
1000188c:	6803      	ldr	r3, [r0, #0]
1000188e:	4608      	mov	r0, r1
10001890:	4611      	mov	r1, r2
10001892:	4718      	bx	r3

10001894 <stdio_out_chars_crlf>:
10001894:	7d43      	ldrb	r3, [r0, #21]
10001896:	e92d 47f0 	stmdb	sp!, {r4, r5, r6, r7, r8, r9, sl, lr}
1000189a:	4681      	mov	r9, r0
1000189c:	460f      	mov	r7, r1
1000189e:	4616      	mov	r6, r2
100018a0:	2b00      	cmp	r3, #0
100018a2:	d043      	beq.n	1000192c <stdio_out_chars_crlf+0x98>
100018a4:	2a00      	cmp	r2, #0
100018a6:	dd3b      	ble.n	10001920 <stdio_out_chars_crlf+0x8c>
100018a8:	7d03      	ldrb	r3, [r0, #20]
100018aa:	2000      	movs	r0, #0
100018ac:	1e4d      	subs	r5, r1, #1
100018ae:	4601      	mov	r1, r0
100018b0:	f815 2f01 	ldrb.w	r2, [r5, #1]!
100018b4:	f8df 8084 	ldr.w	r8, [pc, #132]	@ 1000193c <stdio_out_chars_crlf+0xa8>
100018b8:	2a0a      	cmp	r2, #10
100018ba:	f101 0401 	add.w	r4, r1, #1
100018be:	d00e      	beq.n	100018de <stdio_out_chars_crlf+0x4a>
100018c0:	42a6      	cmp	r6, r4
100018c2:	d01c      	beq.n	100018fe <stdio_out_chars_crlf+0x6a>
100018c4:	782b      	ldrb	r3, [r5, #0]
100018c6:	4621      	mov	r1, r4
100018c8:	f1a3 030d 	sub.w	r3, r3, #13
100018cc:	fab3 f383 	clz	r3, r3
100018d0:	f815 2f01 	ldrb.w	r2, [r5, #1]!
100018d4:	095b      	lsrs	r3, r3, #5
100018d6:	2a0a      	cmp	r2, #10
100018d8:	f101 0401 	add.w	r4, r1, #1
100018dc:	d1f0      	bne.n	100018c0 <stdio_out_chars_crlf+0x2c>
100018de:	2b00      	cmp	r3, #0
100018e0:	d1ee      	bne.n	100018c0 <stdio_out_chars_crlf+0x2c>
100018e2:	4281      	cmp	r1, r0
100018e4:	eba1 0100 	sub.w	r1, r1, r0
100018e8:	4438      	add	r0, r7
100018ea:	dc1b      	bgt.n	10001924 <stdio_out_chars_crlf+0x90>
100018ec:	2102      	movs	r1, #2
100018ee:	4640      	mov	r0, r8
100018f0:	f8d9 3000 	ldr.w	r3, [r9]
100018f4:	4798      	blx	r3
100018f6:	42a6      	cmp	r6, r4
100018f8:	d008      	beq.n	1000190c <stdio_out_chars_crlf+0x78>
100018fa:	4620      	mov	r0, r4
100018fc:	e7e2      	b.n	100018c4 <stdio_out_chars_crlf+0x30>
100018fe:	4286      	cmp	r6, r0
10001900:	dd04      	ble.n	1000190c <stdio_out_chars_crlf+0x78>
10001902:	1a31      	subs	r1, r6, r0
10001904:	f8d9 3000 	ldr.w	r3, [r9]
10001908:	4438      	add	r0, r7
1000190a:	4798      	blx	r3
1000190c:	4437      	add	r7, r6
1000190e:	f817 3c01 	ldrb.w	r3, [r7, #-1]
10001912:	f1a3 030d 	sub.w	r3, r3, #13
10001916:	fab3 f383 	clz	r3, r3
1000191a:	095b      	lsrs	r3, r3, #5
1000191c:	f889 3014 	strb.w	r3, [r9, #20]
10001920:	e8bd 87f0 	ldmia.w	sp!, {r4, r5, r6, r7, r8, r9, sl, pc}
10001924:	f8d9 3000 	ldr.w	r3, [r9]
10001928:	4798      	blx	r3
1000192a:	e7df      	b.n	100018ec <stdio_out_chars_crlf+0x58>
1000192c:	4638      	mov	r0, r7
1000192e:	f8d9 3000 	ldr.w	r3, [r9]
10001932:	4611      	mov	r1, r2
10001934:	e8bd 47f0 	ldmia.w	sp!, {r4, r5, r6, r7, r8, r9, sl, lr}
10001938:	4718      	bx	r3
1000193a:	bf00      	nop
1000193c:	10003d34 	.word	0x10003d34

10001940 <stdio_put_string>:
10001940:	e92d 47f0 	stmdb	sp!, {r4, r5, r6, r7, r8, r9, sl, lr}
10001944:	b082      	sub	sp, #8
10001946:	460d      	mov	r5, r1
10001948:	4692      	mov	sl, r2
1000194a:	4699      	mov	r9, r3
1000194c:	4607      	mov	r7, r0
1000194e:	f7ff fc87 	bl	10001260 <time_us_64>
10001952:	f04f 36ff 	mov.w	r6, #4294967295	@ 0xffffffff
10001956:	f06f 4400 	mvn.w	r4, #2147483648	@ 0x80000000
1000195a:	4a2f      	ldr	r2, [pc, #188]	@ (10001a18 <stdio_put_string+0xd8>)
1000195c:	1882      	adds	r2, r0, r2
1000195e:	f141 0300 	adc.w	r3, r1, #0
10001962:	4296      	cmp	r6, r2
10001964:	eb74 0103 	sbcs.w	r1, r4, r3
10001968:	bf3c      	itt	cc
1000196a:	4632      	movcc	r2, r6
1000196c:	4623      	movcc	r3, r4
1000196e:	482b      	ldr	r0, [pc, #172]	@ (10001a1c <stdio_put_string+0xdc>)
10001970:	f002 f8b6 	bl	10003ae0 <__mutex_try_enter_block_until_veneer>
10001974:	1c6b      	adds	r3, r5, #1
10001976:	4680      	mov	r8, r0
10001978:	d103      	bne.n	10001982 <stdio_put_string+0x42>
1000197a:	4638      	mov	r0, r7
1000197c:	f002 f818 	bl	100039b0 <strlen>
10001980:	4605      	mov	r5, r0
10001982:	4b27      	ldr	r3, [pc, #156]	@ (10001a20 <stdio_put_string+0xe0>)
10001984:	4e27      	ldr	r6, [pc, #156]	@ (10001a24 <stdio_put_string+0xe4>)
10001986:	681c      	ldr	r4, [r3, #0]
10001988:	4b27      	ldr	r3, [pc, #156]	@ (10001a28 <stdio_put_string+0xe8>)
1000198a:	f1b9 0f00 	cmp.w	r9, #0
1000198e:	bf18      	it	ne
10001990:	461e      	movne	r6, r3
10001992:	b1b4      	cbz	r4, 100019c2 <stdio_put_string+0x82>
10001994:	f1ba 0f00 	cmp.w	sl, #0
10001998:	d11a      	bne.n	100019d0 <stdio_put_string+0x90>
1000199a:	f8df 9090 	ldr.w	r9, [pc, #144]	@ 10001a2c <stdio_put_string+0xec>
1000199e:	e001      	b.n	100019a4 <stdio_put_string+0x64>
100019a0:	6924      	ldr	r4, [r4, #16]
100019a2:	b174      	cbz	r4, 100019c2 <stdio_put_string+0x82>
100019a4:	6823      	ldr	r3, [r4, #0]
100019a6:	2b00      	cmp	r3, #0
100019a8:	d0fa      	beq.n	100019a0 <stdio_put_string+0x60>
100019aa:	f8d9 3000 	ldr.w	r3, [r9]
100019ae:	b10b      	cbz	r3, 100019b4 <stdio_put_string+0x74>
100019b0:	429c      	cmp	r4, r3
100019b2:	d1f5      	bne.n	100019a0 <stdio_put_string+0x60>
100019b4:	4620      	mov	r0, r4
100019b6:	462a      	mov	r2, r5
100019b8:	4639      	mov	r1, r7
100019ba:	47b0      	blx	r6
100019bc:	6924      	ldr	r4, [r4, #16]
100019be:	2c00      	cmp	r4, #0
100019c0:	d1f0      	bne.n	100019a4 <stdio_put_string+0x64>
100019c2:	f1b8 0f00 	cmp.w	r8, #0
100019c6:	d11f      	bne.n	10001a08 <stdio_put_string+0xc8>
100019c8:	4628      	mov	r0, r5
100019ca:	b002      	add	sp, #8
100019cc:	e8bd 87f0 	ldmia.w	sp!, {r4, r5, r6, r7, r8, r9, sl, pc}
100019d0:	f04f 0a0a 	mov.w	sl, #10
100019d4:	f8df 9054 	ldr.w	r9, [pc, #84]	@ 10001a2c <stdio_put_string+0xec>
100019d8:	e002      	b.n	100019e0 <stdio_put_string+0xa0>
100019da:	6924      	ldr	r4, [r4, #16]
100019dc:	2c00      	cmp	r4, #0
100019de:	d0f0      	beq.n	100019c2 <stdio_put_string+0x82>
100019e0:	6823      	ldr	r3, [r4, #0]
100019e2:	2b00      	cmp	r3, #0
100019e4:	d0f9      	beq.n	100019da <stdio_put_string+0x9a>
100019e6:	f8d9 3000 	ldr.w	r3, [r9]
100019ea:	b10b      	cbz	r3, 100019f0 <stdio_put_string+0xb0>
100019ec:	42a3      	cmp	r3, r4
100019ee:	d1f4      	bne.n	100019da <stdio_put_string+0x9a>
100019f0:	462a      	mov	r2, r5
100019f2:	4639      	mov	r1, r7
100019f4:	4620      	mov	r0, r4
100019f6:	47b0      	blx	r6
100019f8:	2201      	movs	r2, #1
100019fa:	4620      	mov	r0, r4
100019fc:	f10d 0107 	add.w	r1, sp, #7
10001a00:	f88d a007 	strb.w	sl, [sp, #7]
10001a04:	47b0      	blx	r6
10001a06:	e7e8      	b.n	100019da <stdio_put_string+0x9a>
10001a08:	4804      	ldr	r0, [pc, #16]	@ (10001a1c <stdio_put_string+0xdc>)
10001a0a:	f002 f85d 	bl	10003ac8 <__mutex_exit_veneer>
10001a0e:	4628      	mov	r0, r5
10001a10:	b002      	add	sp, #8
10001a12:	e8bd 87f0 	ldmia.w	sp!, {r4, r5, r6, r7, r8, r9, sl, pc}
10001a16:	bf00      	nop
10001a18:	000f4240 	.word	0x000f4240
10001a1c:	20000e44 	.word	0x20000e44
10001a20:	200014e4 	.word	0x200014e4
10001a24:	1000188d 	.word	0x1000188d
10001a28:	10001895 	.word	0x10001895
10001a2c:	200014ec 	.word	0x200014ec

10001a30 <stdio_set_driver_enabled>:
10001a30:	4a0a      	ldr	r2, [pc, #40]	@ (10001a5c <stdio_set_driver_enabled+0x2c>)
10001a32:	6813      	ldr	r3, [r2, #0]
10001a34:	b14b      	cbz	r3, 10001a4a <stdio_set_driver_enabled+0x1a>
10001a36:	4283      	cmp	r3, r0
10001a38:	d102      	bne.n	10001a40 <stdio_set_driver_enabled+0x10>
10001a3a:	e009      	b.n	10001a50 <stdio_set_driver_enabled+0x20>
10001a3c:	4298      	cmp	r0, r3
10001a3e:	d007      	beq.n	10001a50 <stdio_set_driver_enabled+0x20>
10001a40:	f103 0210 	add.w	r2, r3, #16
10001a44:	691b      	ldr	r3, [r3, #16]
10001a46:	2b00      	cmp	r3, #0
10001a48:	d1f8      	bne.n	10001a3c <stdio_set_driver_enabled+0xc>
10001a4a:	b101      	cbz	r1, 10001a4e <stdio_set_driver_enabled+0x1e>
10001a4c:	6010      	str	r0, [r2, #0]
10001a4e:	4770      	bx	lr
10001a50:	2900      	cmp	r1, #0
10001a52:	d1fc      	bne.n	10001a4e <stdio_set_driver_enabled+0x1e>
10001a54:	6903      	ldr	r3, [r0, #16]
10001a56:	6013      	str	r3, [r2, #0]
10001a58:	6101      	str	r1, [r0, #16]
10001a5a:	4770      	bx	lr
10001a5c:	200014e4 	.word	0x200014e4

10001a60 <stdio_init_all>:
10001a60:	b508      	push	{r3, lr}
10001a62:	f000 f933 	bl	10001ccc <stdio_uart_init>
10001a66:	2001      	movs	r0, #1
10001a68:	bd08      	pop	{r3, pc}
10001a6a:	bf00      	nop

10001a6c <__wrap_putchar>:
10001a6c:	b5f0      	push	{r4, r5, r6, r7, lr}
10001a6e:	b083      	sub	sp, #12
10001a70:	4606      	mov	r6, r0
10001a72:	f88d 0007 	strb.w	r0, [sp, #7]
10001a76:	f7ff fbf3 	bl	10001260 <time_us_64>
10001a7a:	f04f 35ff 	mov.w	r5, #4294967295	@ 0xffffffff
10001a7e:	f06f 4400 	mvn.w	r4, #2147483648	@ 0x80000000
10001a82:	4a17      	ldr	r2, [pc, #92]	@ (10001ae0 <__wrap_putchar+0x74>)
10001a84:	1882      	adds	r2, r0, r2
10001a86:	f141 0300 	adc.w	r3, r1, #0
10001a8a:	4295      	cmp	r5, r2
10001a8c:	eb74 0103 	sbcs.w	r1, r4, r3
10001a90:	bf3c      	itt	cc
10001a92:	4623      	movcc	r3, r4
10001a94:	462a      	movcc	r2, r5
10001a96:	4813      	ldr	r0, [pc, #76]	@ (10001ae4 <__wrap_putchar+0x78>)
10001a98:	f002 f822 	bl	10003ae0 <__mutex_try_enter_block_until_veneer>
10001a9c:	4b12      	ldr	r3, [pc, #72]	@ (10001ae8 <__wrap_putchar+0x7c>)
10001a9e:	4607      	mov	r7, r0
10001aa0:	681c      	ldr	r4, [r3, #0]
10001aa2:	b19c      	cbz	r4, 10001acc <__wrap_putchar+0x60>
10001aa4:	4d11      	ldr	r5, [pc, #68]	@ (10001aec <__wrap_putchar+0x80>)
10001aa6:	e001      	b.n	10001aac <__wrap_putchar+0x40>
10001aa8:	6924      	ldr	r4, [r4, #16]
10001aaa:	b17c      	cbz	r4, 10001acc <__wrap_putchar+0x60>
10001aac:	6823      	ldr	r3, [r4, #0]
10001aae:	2b00      	cmp	r3, #0
10001ab0:	d0fa      	beq.n	10001aa8 <__wrap_putchar+0x3c>
10001ab2:	682b      	ldr	r3, [r5, #0]
10001ab4:	b10b      	cbz	r3, 10001aba <__wrap_putchar+0x4e>
10001ab6:	429c      	cmp	r4, r3
10001ab8:	d1f6      	bne.n	10001aa8 <__wrap_putchar+0x3c>
10001aba:	4620      	mov	r0, r4
10001abc:	2201      	movs	r2, #1
10001abe:	f10d 0107 	add.w	r1, sp, #7
10001ac2:	f7ff fee7 	bl	10001894 <stdio_out_chars_crlf>
10001ac6:	6924      	ldr	r4, [r4, #16]
10001ac8:	2c00      	cmp	r4, #0
10001aca:	d1ef      	bne.n	10001aac <__wrap_putchar+0x40>
10001acc:	b917      	cbnz	r7, 10001ad4 <__wrap_putchar+0x68>
10001ace:	4630      	mov	r0, r6
10001ad0:	b003      	add	sp, #12
10001ad2:	bdf0      	pop	{r4, r5, r6, r7, pc}
10001ad4:	4803      	ldr	r0, [pc, #12]	@ (10001ae4 <__wrap_putchar+0x78>)
10001ad6:	f001 fff7 	bl	10003ac8 <__mutex_exit_veneer>
10001ada:	4630      	mov	r0, r6
10001adc:	b003      	add	sp, #12
10001ade:	bdf0      	pop	{r4, r5, r6, r7, pc}
10001ae0:	000f4240 	.word	0x000f4240
10001ae4:	20000e44 	.word	0x20000e44
10001ae8:	200014e4 	.word	0x200014e4
10001aec:	200014ec 	.word	0x200014ec

10001af0 <__wrap_puts>:
10001af0:	b538      	push	{r3, r4, r5, lr}
10001af2:	4604      	mov	r4, r0
10001af4:	f001 ff5c 	bl	100039b0 <strlen>
10001af8:	2301      	movs	r3, #1
10001afa:	4605      	mov	r5, r0
10001afc:	461a      	mov	r2, r3
10001afe:	4620      	mov	r0, r4
10001b00:	4629      	mov	r1, r5
10001b02:	f7ff ff1d 	bl	10001940 <stdio_put_string>
10001b06:	4b08      	ldr	r3, [pc, #32]	@ (10001b28 <__wrap_puts+0x38>)
10001b08:	681c      	ldr	r4, [r3, #0]
10001b0a:	b12c      	cbz	r4, 10001b18 <__wrap_puts+0x28>
10001b0c:	6863      	ldr	r3, [r4, #4]
10001b0e:	b12b      	cbz	r3, 10001b1c <__wrap_puts+0x2c>
10001b10:	4798      	blx	r3
10001b12:	6924      	ldr	r4, [r4, #16]
10001b14:	2c00      	cmp	r4, #0
10001b16:	d1f9      	bne.n	10001b0c <__wrap_puts+0x1c>
10001b18:	4628      	mov	r0, r5
10001b1a:	bd38      	pop	{r3, r4, r5, pc}
10001b1c:	6924      	ldr	r4, [r4, #16]
10001b1e:	2c00      	cmp	r4, #0
10001b20:	d1f4      	bne.n	10001b0c <__wrap_puts+0x1c>
10001b22:	4628      	mov	r0, r5
10001b24:	bd38      	pop	{r3, r4, r5, pc}
10001b26:	bf00      	nop
10001b28:	200014e4 	.word	0x200014e4

10001b2c <stdio_uart_out_chars>:
10001b2c:	f1b1 0c00 	subs.w	ip, r1, #0
10001b30:	dd1d      	ble.n	10001b6e <stdio_uart_out_chars+0x42>
10001b32:	4a0f      	ldr	r2, [pc, #60]	@ (10001b70 <stdio_uart_out_chars+0x44>)
10001b34:	4b0f      	ldr	r3, [pc, #60]	@ (10001b74 <stdio_uart_out_chars+0x48>)
10001b36:	6812      	ldr	r2, [r2, #0]
10001b38:	b530      	push	{r4, r5, lr}
10001b3a:	1ad3      	subs	r3, r2, r3
10001b3c:	fab3 f383 	clz	r3, r3
10001b40:	240d      	movs	r4, #13
10001b42:	4d0d      	ldr	r5, [pc, #52]	@ (10001b78 <stdio_uart_out_chars+0x4c>)
10001b44:	095b      	lsrs	r3, r3, #5
10001b46:	1e41      	subs	r1, r0, #1
10001b48:	f935 e013 	ldrsh.w	lr, [r5, r3, lsl #1]
10001b4c:	448c      	add	ip, r1
10001b4e:	f811 0f01 	ldrb.w	r0, [r1, #1]!
10001b52:	4586      	cmp	lr, r0
10001b54:	d006      	beq.n	10001b64 <stdio_uart_out_chars+0x38>
10001b56:	6993      	ldr	r3, [r2, #24]
10001b58:	069b      	lsls	r3, r3, #26
10001b5a:	d4fc      	bmi.n	10001b56 <stdio_uart_out_chars+0x2a>
10001b5c:	4561      	cmp	r1, ip
10001b5e:	6010      	str	r0, [r2, #0]
10001b60:	d1f5      	bne.n	10001b4e <stdio_uart_out_chars+0x22>
10001b62:	bd30      	pop	{r4, r5, pc}
10001b64:	6993      	ldr	r3, [r2, #24]
10001b66:	069d      	lsls	r5, r3, #26
10001b68:	d4fc      	bmi.n	10001b64 <stdio_uart_out_chars+0x38>
10001b6a:	6014      	str	r4, [r2, #0]
10001b6c:	e7f3      	b.n	10001b56 <stdio_uart_out_chars+0x2a>
10001b6e:	4770      	bx	lr
10001b70:	20001968 	.word	0x20001968
10001b74:	40078000 	.word	0x40078000
10001b78:	20001964 	.word	0x20001964

10001b7c <stdio_uart_in_chars>:
10001b7c:	4b22      	ldr	r3, [pc, #136]	@ (10001c08 <stdio_uart_in_chars+0x8c>)
10001b7e:	f1b1 0c00 	subs.w	ip, r1, #0
10001b82:	b410      	push	{r4}
10001b84:	681c      	ldr	r4, [r3, #0]
10001b86:	dd2e      	ble.n	10001be6 <stdio_uart_in_chars+0x6a>
10001b88:	4603      	mov	r3, r0
10001b8a:	2000      	movs	r0, #0
10001b8c:	4a1f      	ldr	r2, [pc, #124]	@ (10001c0c <stdio_uart_in_chars+0x90>)
10001b8e:	1e59      	subs	r1, r3, #1
10001b90:	6812      	ldr	r2, [r2, #0]
10001b92:	6993      	ldr	r3, [r2, #24]
10001b94:	06db      	lsls	r3, r3, #27
10001b96:	d417      	bmi.n	10001bc8 <stdio_uart_in_chars+0x4c>
10001b98:	3001      	adds	r0, #1
10001b9a:	6993      	ldr	r3, [r2, #24]
10001b9c:	06db      	lsls	r3, r3, #27
10001b9e:	d4fc      	bmi.n	10001b9a <stdio_uart_in_chars+0x1e>
10001ba0:	6813      	ldr	r3, [r2, #0]
10001ba2:	4584      	cmp	ip, r0
10001ba4:	f801 3f01 	strb.w	r3, [r1, #1]!
10001ba8:	d1f3      	bne.n	10001b92 <stdio_uart_in_chars+0x16>
10001baa:	b14c      	cbz	r4, 10001bc0 <stdio_uart_in_chars+0x44>
10001bac:	2150      	movs	r1, #80	@ 0x50
10001bae:	4613      	mov	r3, r2
10001bb0:	6391      	str	r1, [r2, #56]	@ 0x38
10001bb2:	f853 2f34 	ldr.w	r2, [r3, #52]!
10001bb6:	f002 0238 	and.w	r2, r2, #56	@ 0x38
10001bba:	f503 5380 	add.w	r3, r3, #4096	@ 0x1000
10001bbe:	601a      	str	r2, [r3, #0]
10001bc0:	4660      	mov	r0, ip
10001bc2:	f85d 4b04 	ldr.w	r4, [sp], #4
10001bc6:	4770      	bx	lr
10001bc8:	b14c      	cbz	r4, 10001bde <stdio_uart_in_chars+0x62>
10001bca:	2150      	movs	r1, #80	@ 0x50
10001bcc:	4613      	mov	r3, r2
10001bce:	6391      	str	r1, [r2, #56]	@ 0x38
10001bd0:	f853 2f34 	ldr.w	r2, [r3, #52]!
10001bd4:	f002 0238 	and.w	r2, r2, #56	@ 0x38
10001bd8:	f503 5380 	add.w	r3, r3, #4096	@ 0x1000
10001bdc:	601a      	str	r2, [r3, #0]
10001bde:	b178      	cbz	r0, 10001c00 <stdio_uart_in_chars+0x84>
10001be0:	f85d 4b04 	ldr.w	r4, [sp], #4
10001be4:	4770      	bx	lr
10001be6:	b15c      	cbz	r4, 10001c00 <stdio_uart_in_chars+0x84>
10001be8:	4b08      	ldr	r3, [pc, #32]	@ (10001c0c <stdio_uart_in_chars+0x90>)
10001bea:	2150      	movs	r1, #80	@ 0x50
10001bec:	681a      	ldr	r2, [r3, #0]
10001bee:	4613      	mov	r3, r2
10001bf0:	6391      	str	r1, [r2, #56]	@ 0x38
10001bf2:	f853 2f34 	ldr.w	r2, [r3, #52]!
10001bf6:	f002 0238 	and.w	r2, r2, #56	@ 0x38
10001bfa:	f503 5380 	add.w	r3, r3, #4096	@ 0x1000
10001bfe:	601a      	str	r2, [r3, #0]
10001c00:	f06f 0002 	mvn.w	r0, #2
10001c04:	e7ec      	b.n	10001be0 <stdio_uart_in_chars+0x64>
10001c06:	bf00      	nop
10001c08:	200014ac 	.word	0x200014ac
10001c0c:	20001968 	.word	0x20001968

10001c10 <on_uart_rx>:
10001c10:	4b05      	ldr	r3, [pc, #20]	@ (10001c28 <on_uart_rx+0x18>)
10001c12:	681b      	ldr	r3, [r3, #0]
10001c14:	b133      	cbz	r3, 10001c24 <on_uart_rx+0x14>
10001c16:	2100      	movs	r1, #0
10001c18:	4a04      	ldr	r2, [pc, #16]	@ (10001c2c <on_uart_rx+0x1c>)
10001c1a:	4805      	ldr	r0, [pc, #20]	@ (10001c30 <on_uart_rx+0x20>)
10001c1c:	6812      	ldr	r2, [r2, #0]
10001c1e:	6800      	ldr	r0, [r0, #0]
10001c20:	6391      	str	r1, [r2, #56]	@ 0x38
10001c22:	4718      	bx	r3
10001c24:	4770      	bx	lr
10001c26:	bf00      	nop
10001c28:	200014ac 	.word	0x200014ac
10001c2c:	20001968 	.word	0x20001968
10001c30:	200014b0 	.word	0x200014b0

10001c34 <stdio_uart_out_flush>:
10001c34:	4b02      	ldr	r3, [pc, #8]	@ (10001c40 <stdio_uart_out_flush+0xc>)
10001c36:	681a      	ldr	r2, [r3, #0]
10001c38:	6993      	ldr	r3, [r2, #24]
10001c3a:	071b      	lsls	r3, r3, #28
10001c3c:	d4fc      	bmi.n	10001c38 <stdio_uart_out_flush+0x4>
10001c3e:	4770      	bx	lr
10001c40:	20001968 	.word	0x20001968

10001c44 <stdio_uart_set_chars_available_callback>:
10001c44:	b5f8      	push	{r3, r4, r5, r6, r7, lr}
10001c46:	4f1c      	ldr	r7, [pc, #112]	@ (10001cb8 <stdio_uart_set_chars_available_callback+0x74>)
10001c48:	4d1c      	ldr	r5, [pc, #112]	@ (10001cbc <stdio_uart_set_chars_available_callback+0x78>)
10001c4a:	683a      	ldr	r2, [r7, #0]
10001c4c:	4e1c      	ldr	r6, [pc, #112]	@ (10001cc0 <stdio_uart_set_chars_available_callback+0x7c>)
10001c4e:	42aa      	cmp	r2, r5
10001c50:	bf14      	ite	ne
10001c52:	2521      	movne	r5, #33	@ 0x21
10001c54:	2522      	moveq	r5, #34	@ 0x22
10001c56:	4604      	mov	r4, r0
10001c58:	f8d6 c000 	ldr.w	ip, [r6]
10001c5c:	b118      	cbz	r0, 10001c66 <stdio_uart_set_chars_available_callback+0x22>
10001c5e:	f1bc 0f00 	cmp.w	ip, #0
10001c62:	d010      	beq.n	10001c86 <stdio_uart_set_chars_available_callback+0x42>
10001c64:	bdf8      	pop	{r3, r4, r5, r6, r7, pc}
10001c66:	f1bc 0f00 	cmp.w	ip, #0
10001c6a:	d0fb      	beq.n	10001c64 <stdio_uart_set_chars_available_callback+0x20>
10001c6c:	4601      	mov	r1, r0
10001c6e:	6390      	str	r0, [r2, #56]	@ 0x38
10001c70:	4628      	mov	r0, r5
10001c72:	f7fe fc6f 	bl	10000554 <irq_set_enabled>
10001c76:	4628      	mov	r0, r5
10001c78:	4912      	ldr	r1, [pc, #72]	@ (10001cc4 <stdio_uart_set_chars_available_callback+0x80>)
10001c7a:	f7fe fda5 	bl	100007c8 <irq_remove_handler>
10001c7e:	4b12      	ldr	r3, [pc, #72]	@ (10001cc8 <stdio_uart_set_chars_available_callback+0x84>)
10001c80:	6034      	str	r4, [r6, #0]
10001c82:	601c      	str	r4, [r3, #0]
10001c84:	bdf8      	pop	{r3, r4, r5, r6, r7, pc}
10001c86:	460b      	mov	r3, r1
10001c88:	4a0f      	ldr	r2, [pc, #60]	@ (10001cc8 <stdio_uart_set_chars_available_callback+0x84>)
10001c8a:	490e      	ldr	r1, [pc, #56]	@ (10001cc4 <stdio_uart_set_chars_available_callback+0x80>)
10001c8c:	6030      	str	r0, [r6, #0]
10001c8e:	4628      	mov	r0, r5
10001c90:	6013      	str	r3, [r2, #0]
10001c92:	f7fe fc75 	bl	10000580 <irq_set_exclusive_handler>
10001c96:	2101      	movs	r1, #1
10001c98:	4628      	mov	r0, r5
10001c9a:	f7fe fc5b 	bl	10000554 <irq_set_enabled>
10001c9e:	683a      	ldr	r2, [r7, #0]
10001ca0:	2150      	movs	r1, #80	@ 0x50
10001ca2:	4613      	mov	r3, r2
10001ca4:	6391      	str	r1, [r2, #56]	@ 0x38
10001ca6:	f853 2f34 	ldr.w	r2, [r3, #52]!
10001caa:	f002 0238 	and.w	r2, r2, #56	@ 0x38
10001cae:	f503 5380 	add.w	r3, r3, #4096	@ 0x1000
10001cb2:	601a      	str	r2, [r3, #0]
10001cb4:	bdf8      	pop	{r3, r4, r5, r6, r7, pc}
10001cb6:	bf00      	nop
10001cb8:	20001968 	.word	0x20001968
10001cbc:	40078000 	.word	0x40078000
10001cc0:	200014ac 	.word	0x200014ac
10001cc4:	10001c11 	.word	0x10001c11
10001cc8:	200014b0 	.word	0x200014b0

10001ccc <stdio_uart_init>:
10001ccc:	b510      	push	{r4, lr}
10001cce:	490e      	ldr	r1, [pc, #56]	@ (10001d08 <stdio_uart_init+0x3c>)
10001cd0:	4c0e      	ldr	r4, [pc, #56]	@ (10001d0c <stdio_uart_init+0x40>)
10001cd2:	480f      	ldr	r0, [pc, #60]	@ (10001d10 <stdio_uart_init+0x44>)
10001cd4:	4a0f      	ldr	r2, [pc, #60]	@ (10001d14 <stdio_uart_init+0x48>)
10001cd6:	4b10      	ldr	r3, [pc, #64]	@ (10001d18 <stdio_uart_init+0x4c>)
10001cd8:	7800      	ldrb	r0, [r0, #0]
10001cda:	6021      	str	r1, [r4, #0]
10001cdc:	2000      	movs	r0, #0
10001cde:	2102      	movs	r1, #2
10001ce0:	7812      	ldrb	r2, [r2, #0]
10001ce2:	781b      	ldrb	r3, [r3, #0]
10001ce4:	f7fe fb36 	bl	10000354 <gpio_set_function>
10001ce8:	2102      	movs	r1, #2
10001cea:	2001      	movs	r0, #1
10001cec:	f7fe fb32 	bl	10000354 <gpio_set_function>
10001cf0:	f44f 31e1 	mov.w	r1, #115200	@ 0x1c200
10001cf4:	6820      	ldr	r0, [r4, #0]
10001cf6:	f7ff fb01 	bl	100012fc <uart_init>
10001cfa:	e8bd 4010 	ldmia.w	sp!, {r4, lr}
10001cfe:	2101      	movs	r1, #1
10001d00:	4806      	ldr	r0, [pc, #24]	@ (10001d1c <stdio_uart_init+0x50>)
10001d02:	f7ff be95 	b.w	10001a30 <stdio_set_driver_enabled>
10001d06:	bf00      	nop
10001d08:	40070000 	.word	0x40070000
10001d0c:	20001968 	.word	0x20001968
10001d10:	10003dbc 	.word	0x10003dbc
10001d14:	10003db8 	.word	0x10003db8
10001d18:	10003db4 	.word	0x10003db4
10001d1c:	20000e0c 	.word	0x20000e0c

10001d20 <dcd_init>:
10001d20:	b570      	push	{r4, r5, r6, lr}
10001d22:	f000 f933 	bl	10001f8c <rp2040_usb_init>
10001d26:	230c      	movs	r3, #12
10001d28:	2640      	movs	r6, #64	@ 0x40
10001d2a:	4c1b      	ldr	r4, [pc, #108]	@ (10001d98 <dcd_init+0x78>)
10001d2c:	22ff      	movs	r2, #255	@ 0xff
10001d2e:	67a3      	str	r3, [r4, #120]	@ 0x78
10001d30:	200e      	movs	r0, #14
10001d32:	491a      	ldr	r1, [pc, #104]	@ (10001d9c <dcd_init+0x7c>)
10001d34:	f7fe fc54 	bl	100005e0 <irq_add_shared_handler>
10001d38:	4b19      	ldr	r3, [pc, #100]	@ (10001da0 <dcd_init+0x80>)
10001d3a:	4632      	mov	r2, r6
10001d3c:	2100      	movs	r1, #0
10001d3e:	4618      	mov	r0, r3
10001d40:	f001 fd68 	bl	10003814 <memset>
10001d44:	4603      	mov	r3, r0
10001d46:	2100      	movs	r1, #0
10001d48:	2501      	movs	r5, #1
10001d4a:	2080      	movs	r0, #128	@ 0x80
10001d4c:	4a15      	ldr	r2, [pc, #84]	@ (10001da4 <dcd_init+0x84>)
10001d4e:	8458      	strh	r0, [r3, #34]	@ 0x22
10001d50:	609a      	str	r2, [r3, #8]
10001d52:	3a84      	subs	r2, #132	@ 0x84
10001d54:	705d      	strb	r5, [r3, #1]
10001d56:	831e      	strh	r6, [r3, #24]
10001d58:	871e      	strh	r6, [r3, #56]	@ 0x38
10001d5a:	6059      	str	r1, [r3, #4]
10001d5c:	f8c2 1084 	str.w	r1, [r2, #132]	@ 0x84
10001d60:	f8c2 1080 	str.w	r1, [r2, #128]	@ 0x80
10001d64:	f502 7280 	add.w	r2, r2, #256	@ 0x100
10001d68:	60da      	str	r2, [r3, #12]
10001d6a:	62da      	str	r2, [r3, #44]	@ 0x2c
10001d6c:	3a80      	subs	r2, #128	@ 0x80
10001d6e:	f883 1021 	strb.w	r1, [r3, #33]	@ 0x21
10001d72:	f883 103b 	strb.w	r1, [r3, #59]	@ 0x3b
10001d76:	6259      	str	r1, [r3, #36]	@ 0x24
10001d78:	629a      	str	r2, [r3, #40]	@ 0x28
10001d7a:	f04f 5600 	mov.w	r6, #536870912	@ 0x20000000
10001d7e:	f001 fea7 	bl	10003ad0 <__reset_non_control_endpoints_veneer>
10001d82:	f44f 3280 	mov.w	r2, #65536	@ 0x10000
10001d86:	4908      	ldr	r1, [pc, #32]	@ (10001da8 <dcd_init+0x88>)
10001d88:	4b08      	ldr	r3, [pc, #32]	@ (10001dac <dcd_init+0x8c>)
10001d8a:	6425      	str	r5, [r4, #64]	@ 0x40
10001d8c:	4628      	mov	r0, r5
10001d8e:	64e6      	str	r6, [r4, #76]	@ 0x4c
10001d90:	f8c4 1090 	str.w	r1, [r4, #144]	@ 0x90
10001d94:	64da      	str	r2, [r3, #76]	@ 0x4c
10001d96:	bd70      	pop	{r4, r5, r6, pc}
10001d98:	50110000 	.word	0x50110000
10001d9c:	20000359 	.word	0x20000359
10001da0:	200014f0 	.word	0x200014f0
10001da4:	50100084 	.word	0x50100084
10001da8:	0001d010 	.word	0x0001d010
10001dac:	50112000 	.word	0x50112000

10001db0 <dcd_int_enable>:
10001db0:	2101      	movs	r1, #1
10001db2:	200e      	movs	r0, #14
10001db4:	f7fe bbce 	b.w	10000554 <irq_set_enabled>

10001db8 <dcd_set_address>:
10001db8:	2200      	movs	r2, #0
10001dba:	4802      	ldr	r0, [pc, #8]	@ (10001dc4 <dcd_set_address+0xc>)
10001dbc:	4611      	mov	r1, r2
10001dbe:	f000 b905 	b.w	10001fcc <hw_endpoint_xfer_start>
10001dc2:	bf00      	nop
10001dc4:	20001510 	.word	0x20001510

10001dc8 <dcd_sof_enable>:
10001dc8:	4b04      	ldr	r3, [pc, #16]	@ (10001ddc <dcd_sof_enable+0x14>)
10001dca:	7019      	strb	r1, [r3, #0]
10001dcc:	b121      	cbz	r1, 10001dd8 <dcd_sof_enable+0x10>
10001dce:	f44f 3200 	mov.w	r2, #131072	@ 0x20000
10001dd2:	4b03      	ldr	r3, [pc, #12]	@ (10001de0 <dcd_sof_enable+0x18>)
10001dd4:	f8c3 2090 	str.w	r2, [r3, #144]	@ 0x90
10001dd8:	4770      	bx	lr
10001dda:	bf00      	nop
10001ddc:	2000196d 	.word	0x2000196d
10001de0:	50112000 	.word	0x50112000

10001de4 <dcd_edpt0_status_complete>:
10001de4:	780b      	ldrb	r3, [r1, #0]
10001de6:	065b      	lsls	r3, r3, #25
10001de8:	d102      	bne.n	10001df0 <dcd_edpt0_status_complete+0xc>
10001dea:	784b      	ldrb	r3, [r1, #1]
10001dec:	2b05      	cmp	r3, #5
10001dee:	d000      	beq.n	10001df2 <dcd_edpt0_status_complete+0xe>
10001df0:	4770      	bx	lr
10001df2:	884b      	ldrh	r3, [r1, #2]
10001df4:	4a01      	ldr	r2, [pc, #4]	@ (10001dfc <dcd_edpt0_status_complete+0x18>)
10001df6:	b2db      	uxtb	r3, r3
10001df8:	6013      	str	r3, [r2, #0]
10001dfa:	4770      	bx	lr
10001dfc:	50110000 	.word	0x50110000

10001e00 <dcd_edpt_open>:
10001e00:	78cb      	ldrb	r3, [r1, #3]
10001e02:	e92d 41f0 	stmdb	sp!, {r4, r5, r6, r7, r8, lr}
10001e06:	f003 0e03 	and.w	lr, r3, #3
10001e0a:	f1be 0f01 	cmp.w	lr, #1
10001e0e:	f3c3 0001 	ubfx	r0, r3, #0, #2
10001e12:	d05d      	beq.n	10001ed0 <dcd_edpt_open+0xd0>
10001e14:	2700      	movs	r7, #0
10001e16:	f891 c002 	ldrb.w	ip, [r1, #2]
10001e1a:	4c35      	ldr	r4, [pc, #212]	@ (10001ef0 <dcd_edpt_open+0xf0>)
10001e1c:	f00c 037f 	and.w	r3, ip, #127	@ 0x7f
10001e20:	005e      	lsls	r6, r3, #1
10001e22:	8889      	ldrh	r1, [r1, #4]
10001e24:	eb06 12dc 	add.w	r2, r6, ip, lsr #7
10001e28:	eb04 1242 	add.w	r2, r4, r2, lsl #5
10001e2c:	ea4f 15dc 	mov.w	r5, ip, lsr #7
10001e30:	76d0      	strb	r0, [r2, #27]
10001e32:	f3c1 010a 	ubfx	r1, r1, #0, #11
10001e36:	f085 0001 	eor.w	r0, r5, #1
10001e3a:	7050      	strb	r0, [r2, #1]
10001e3c:	f882 c002 	strb.w	ip, [r2, #2]
10001e40:	8311      	strh	r1, [r2, #24]
10001e42:	70d7      	strb	r7, [r2, #3]
10001e44:	b218      	sxth	r0, r3
10001e46:	00da      	lsls	r2, r3, #3
10001e48:	bb8d      	cbnz	r5, 10001eae <dcd_edpt_open+0xae>
10001e4a:	482a      	ldr	r0, [pc, #168]	@ (10001ef4 <dcd_edpt_open+0xf4>)
10001e4c:	3204      	adds	r2, #4
10001e4e:	eb04 1c83 	add.w	ip, r4, r3, lsl #6
10001e52:	eb02 0800 	add.w	r8, r2, r0
10001e56:	f8cc 8008 	str.w	r8, [ip, #8]
10001e5a:	5017      	str	r7, [r2, r0]
10001e5c:	b38b      	cbz	r3, 10001ec2 <dcd_edpt_open+0xc2>
10001e5e:	4a26      	ldr	r2, [pc, #152]	@ (10001ef8 <dcd_edpt_open+0xf8>)
10001e60:	00db      	lsls	r3, r3, #3
10001e62:	441a      	add	r2, r3
10001e64:	f8cc 2004 	str.w	r2, [ip, #4]
10001e68:	4b24      	ldr	r3, [pc, #144]	@ (10001efc <dcd_edpt_open+0xfc>)
10001e6a:	313f      	adds	r1, #63	@ 0x3f
10001e6c:	681a      	ldr	r2, [r3, #0]
10001e6e:	f021 013f 	bic.w	r1, r1, #63	@ 0x3f
10001e72:	f1be 0f02 	cmp.w	lr, #2
10001e76:	bf08      	it	eq
10001e78:	0049      	lsleq	r1, r1, #1
10001e7a:	4411      	add	r1, r2
10001e7c:	6019      	str	r1, [r3, #0]
10001e7e:	4b20      	ldr	r3, [pc, #128]	@ (10001f00 <dcd_edpt_open+0x100>)
10001e80:	1977      	adds	r7, r6, r5
10001e82:	eb04 1747 	add.w	r7, r4, r7, lsl #5
10001e86:	4299      	cmp	r1, r3
10001e88:	60fa      	str	r2, [r7, #12]
10001e8a:	d82c      	bhi.n	10001ee6 <dcd_edpt_open+0xe6>
10001e8c:	442e      	add	r6, r5
10001e8e:	eb04 1346 	add.w	r3, r4, r6, lsl #5
10001e92:	7ed9      	ldrb	r1, [r3, #27]
10001e94:	f082 42a0 	eor.w	r2, r2, #1342177280	@ 0x50000000
10001e98:	f482 1280 	eor.w	r2, r2, #1048576	@ 0x100000
10001e9c:	685b      	ldr	r3, [r3, #4]
10001e9e:	ea42 6281 	orr.w	r2, r2, r1, lsl #26
10001ea2:	f042 4200 	orr.w	r2, r2, #2147483648	@ 0x80000000
10001ea6:	601a      	str	r2, [r3, #0]
10001ea8:	2001      	movs	r0, #1
10001eaa:	e8bd 81f0 	ldmia.w	sp!, {r4, r5, r6, r7, r8, pc}
10001eae:	f8df c044 	ldr.w	ip, [pc, #68]	@ 10001ef4 <dcd_edpt_open+0xf4>
10001eb2:	eb04 1883 	add.w	r8, r4, r3, lsl #6
10001eb6:	4462      	add	r2, ip
10001eb8:	f8c8 2028 	str.w	r2, [r8, #40]	@ 0x28
10001ebc:	f84c 7030 	str.w	r7, [ip, r0, lsl #3]
10001ec0:	b94b      	cbnz	r3, 10001ed6 <dcd_edpt_open+0xd6>
10001ec2:	2200      	movs	r2, #0
10001ec4:	490f      	ldr	r1, [pc, #60]	@ (10001f04 <dcd_edpt_open+0x104>)
10001ec6:	eb04 1345 	add.w	r3, r4, r5, lsl #5
10001eca:	60d9      	str	r1, [r3, #12]
10001ecc:	605a      	str	r2, [r3, #4]
10001ece:	e7eb      	b.n	10001ea8 <dcd_edpt_open+0xa8>
10001ed0:	2000      	movs	r0, #0
10001ed2:	e8bd 81f0 	ldmia.w	sp!, {r4, r5, r6, r7, r8, pc}
10001ed6:	00db      	lsls	r3, r3, #3
10001ed8:	f103 43a0 	add.w	r3, r3, #1342177280	@ 0x50000000
10001edc:	f503 1380 	add.w	r3, r3, #1048576	@ 0x100000
10001ee0:	f8c8 3024 	str.w	r3, [r8, #36]	@ 0x24
10001ee4:	e7c0      	b.n	10001e68 <dcd_edpt_open+0x68>
10001ee6:	f7ff fb89 	bl	100015fc <hard_assertion_failure>
10001eea:	68fa      	ldr	r2, [r7, #12]
10001eec:	e7ce      	b.n	10001e8c <dcd_edpt_open+0x8c>
10001eee:	bf00      	nop
10001ef0:	200014f0 	.word	0x200014f0
10001ef4:	50100080 	.word	0x50100080
10001ef8:	50100004 	.word	0x50100004
10001efc:	200018f4 	.word	0x200018f4
10001f00:	50100fff 	.word	0x50100fff
10001f04:	50100100 	.word	0x50100100

10001f08 <dcd_edpt_close_all>:
10001f08:	f001 bde2 	b.w	10003ad0 <__reset_non_control_endpoints_veneer>

10001f0c <dcd_edpt_xfer>:
10001f0c:	468c      	mov	ip, r1
10001f0e:	b508      	push	{r3, lr}
10001f10:	4611      	mov	r1, r2
10001f12:	4807      	ldr	r0, [pc, #28]	@ (10001f30 <dcd_edpt_xfer+0x24>)
10001f14:	461a      	mov	r2, r3
10001f16:	f00c 037f 	and.w	r3, ip, #127	@ 0x7f
10001f1a:	ea4f 1cdc 	mov.w	ip, ip, lsr #7
10001f1e:	eb0c 0c43 	add.w	ip, ip, r3, lsl #1
10001f22:	eb00 104c 	add.w	r0, r0, ip, lsl #5
10001f26:	f000 f851 	bl	10001fcc <hw_endpoint_xfer_start>
10001f2a:	2001      	movs	r0, #1
10001f2c:	bd08      	pop	{r3, pc}
10001f2e:	bf00      	nop
10001f30:	200014f0 	.word	0x200014f0

10001f34 <dcd_edpt_stall>:
10001f34:	09cb      	lsrs	r3, r1, #7
10001f36:	f011 017f 	ands.w	r1, r1, #127	@ 0x7f
10001f3a:	d103      	bne.n	10001f44 <dcd_edpt_stall+0x10>
10001f3c:	4a06      	ldr	r2, [pc, #24]	@ (10001f58 <dcd_edpt_stall+0x24>)
10001f3e:	f1c3 0002 	rsb	r0, r3, #2
10001f42:	6690      	str	r0, [r2, #104]	@ 0x68
10001f44:	4805      	ldr	r0, [pc, #20]	@ (10001f5c <dcd_edpt_stall+0x28>)
10001f46:	eb03 0341 	add.w	r3, r3, r1, lsl #1
10001f4a:	f44f 6200 	mov.w	r2, #2048	@ 0x800
10001f4e:	2100      	movs	r1, #0
10001f50:	eb00 1043 	add.w	r0, r0, r3, lsl #5
10001f54:	f001 bdc0 	b.w	10003ad8 <___hw_endpoint_buffer_control_update32_veneer>
10001f58:	50112000 	.word	0x50112000
10001f5c:	200014f0 	.word	0x200014f0

10001f60 <dcd_edpt_clear_stall>:
10001f60:	f011 037f 	ands.w	r3, r1, #127	@ 0x7f
10001f64:	d100      	bne.n	10001f68 <dcd_edpt_clear_stall+0x8>
10001f66:	4770      	bx	lr
10001f68:	2200      	movs	r2, #0
10001f6a:	b410      	push	{r4}
10001f6c:	09c8      	lsrs	r0, r1, #7
10001f6e:	4c06      	ldr	r4, [pc, #24]	@ (10001f88 <dcd_edpt_clear_stall+0x28>)
10001f70:	eb00 0043 	add.w	r0, r0, r3, lsl #1
10001f74:	eb04 1340 	add.w	r3, r4, r0, lsl #5
10001f78:	f46f 6100 	mvn.w	r1, #2048	@ 0x800
10001f7c:	4618      	mov	r0, r3
10001f7e:	f85d 4b04 	ldr.w	r4, [sp], #4
10001f82:	70da      	strb	r2, [r3, #3]
10001f84:	f001 bda8 	b.w	10003ad8 <___hw_endpoint_buffer_control_update32_veneer>
10001f88:	200014f0 	.word	0x200014f0

10001f8c <rp2040_usb_init>:
10001f8c:	f04f 5280 	mov.w	r2, #268435456	@ 0x10000000
10001f90:	4809      	ldr	r0, [pc, #36]	@ (10001fb8 <rp2040_usb_init+0x2c>)
10001f92:	490a      	ldr	r1, [pc, #40]	@ (10001fbc <rp2040_usb_init+0x30>)
10001f94:	b508      	push	{r3, lr}
10001f96:	4b0a      	ldr	r3, [pc, #40]	@ (10001fc0 <rp2040_usb_init+0x34>)
10001f98:	6002      	str	r2, [r0, #0]
10001f9a:	600a      	str	r2, [r1, #0]
10001f9c:	6899      	ldr	r1, [r3, #8]
10001f9e:	43c9      	mvns	r1, r1
10001fa0:	f011 5180 	ands.w	r1, r1, #268435456	@ 0x10000000
10001fa4:	d1fa      	bne.n	10001f9c <rp2040_usb_init+0x10>
10001fa6:	f44f 5280 	mov.w	r2, #4096	@ 0x1000
10001faa:	4806      	ldr	r0, [pc, #24]	@ (10001fc4 <rp2040_usb_init+0x38>)
10001fac:	f001 fc32 	bl	10003814 <memset>
10001fb0:	2209      	movs	r2, #9
10001fb2:	4b05      	ldr	r3, [pc, #20]	@ (10001fc8 <rp2040_usb_init+0x3c>)
10001fb4:	675a      	str	r2, [r3, #116]	@ 0x74
10001fb6:	bd08      	pop	{r3, pc}
10001fb8:	40022000 	.word	0x40022000
10001fbc:	40023000 	.word	0x40023000
10001fc0:	40020000 	.word	0x40020000
10001fc4:	50100000 	.word	0x50100000
10001fc8:	50110000 	.word	0x50110000

10001fcc <hw_endpoint_xfer_start>:
10001fcc:	2300      	movs	r3, #0
10001fce:	f04f 0c01 	mov.w	ip, #1
10001fd2:	b510      	push	{r4, lr}
10001fd4:	f880 c01a 	strb.w	ip, [r0, #26]
10001fd8:	8282      	strh	r2, [r0, #20]
10001fda:	82c3      	strh	r3, [r0, #22]
10001fdc:	6101      	str	r1, [r0, #16]
10001fde:	4604      	mov	r4, r0
10001fe0:	f001 fd66 	bl	10003ab0 <__e15_is_bulkin_ep_veneer>
10001fe4:	b120      	cbz	r0, 10001ff0 <hw_endpoint_xfer_start+0x24>
10001fe6:	f44f 3200 	mov.w	r2, #131072	@ 0x20000
10001fea:	4b07      	ldr	r3, [pc, #28]	@ (10002008 <hw_endpoint_xfer_start+0x3c>)
10001fec:	f8c3 2090 	str.w	r2, [r3, #144]	@ 0x90
10001ff0:	4620      	mov	r0, r4
10001ff2:	f001 fd79 	bl	10003ae8 <__e15_is_critical_frame_period_veneer>
10001ff6:	b110      	cbz	r0, 10001ffe <hw_endpoint_xfer_start+0x32>
10001ff8:	2301      	movs	r3, #1
10001ffa:	7723      	strb	r3, [r4, #28]
10001ffc:	bd10      	pop	{r4, pc}
10001ffe:	4620      	mov	r0, r4
10002000:	e8bd 4010 	ldmia.w	sp!, {r4, lr}
10002004:	f001 bd5c 	b.w	10003ac0 <__hw_endpoint_start_next_buffer_veneer>
10002008:	50112000 	.word	0x50112000

1000200c <tud_vendor_control_xfer_cb>:
1000200c:	2000      	movs	r0, #0
1000200e:	4770      	bx	lr

10002010 <configuration_reset>:
10002010:	e92d 41f0 	stmdb	sp!, {r4, r5, r6, r7, r8, lr}
10002014:	f04f 0800 	mov.w	r8, #0
10002018:	4d1c      	ldr	r5, [pc, #112]	@ (1000208c <configuration_reset+0x7c>)
1000201a:	4604      	mov	r4, r0
1000201c:	4642      	mov	r2, r8
1000201e:	782b      	ldrb	r3, [r5, #0]
10002020:	4f1b      	ldr	r7, [pc, #108]	@ (10002090 <configuration_reset+0x80>)
10002022:	4e1c      	ldr	r6, [pc, #112]	@ (10002094 <configuration_reset+0x84>)
10002024:	e00d      	b.n	10002042 <configuration_reset+0x32>
10002026:	6833      	ldr	r3, [r6, #0]
10002028:	eb13 1342 	adds.w	r3, r3, r2, lsl #5
1000202c:	d025      	beq.n	1000207a <configuration_reset+0x6a>
1000202e:	68db      	ldr	r3, [r3, #12]
10002030:	4620      	mov	r0, r4
10002032:	4798      	blx	r3
10002034:	f108 0801 	add.w	r8, r8, #1
10002038:	782b      	ldrb	r3, [r5, #0]
1000203a:	fa5f f288 	uxtb.w	r2, r8
1000203e:	4293      	cmp	r3, r2
10002040:	d306      	bcc.n	10002050 <configuration_reset+0x40>
10002042:	4293      	cmp	r3, r2
10002044:	eba2 0303 	sub.w	r3, r2, r3
10002048:	d8ed      	bhi.n	10002026 <configuration_reset+0x16>
1000204a:	eb07 1343 	add.w	r3, r7, r3, lsl #5
1000204e:	e7ee      	b.n	1000202e <configuration_reset+0x1e>
10002050:	4c11      	ldr	r4, [pc, #68]	@ (10002098 <configuration_reset+0x88>)
10002052:	2254      	movs	r2, #84	@ 0x54
10002054:	2100      	movs	r1, #0
10002056:	4620      	mov	r0, r4
10002058:	f001 fbdc 	bl	10003814 <memset>
1000205c:	f04f 33ff 	mov.w	r3, #4294967295	@ 0xffffffff
10002060:	1d25      	adds	r5, r4, #4
10002062:	6063      	str	r3, [r4, #4]
10002064:	e9c5 3301 	strd	r3, r3, [r5, #4]
10002068:	60eb      	str	r3, [r5, #12]
1000206a:	f104 0014 	add.w	r0, r4, #20
1000206e:	2220      	movs	r2, #32
10002070:	e8bd 41f0 	ldmia.w	sp!, {r4, r5, r6, r7, r8, lr}
10002074:	21ff      	movs	r1, #255	@ 0xff
10002076:	f001 bbcd 	b.w	10003814 <memset>
1000207a:	f04f 23e0 	mov.w	r3, #3758153728	@ 0xe000e000
1000207e:	f8d3 3df0 	ldr.w	r3, [r3, #3568]	@ 0xdf0
10002082:	07db      	lsls	r3, r3, #31
10002084:	d500      	bpl.n	10002088 <configuration_reset+0x78>
10002086:	be00      	bkpt	0x0000
10002088:	e8bd 81f0 	ldmia.w	sp!, {r4, r5, r6, r7, r8, pc}
1000208c:	2000196c 	.word	0x2000196c
10002090:	10003d54 	.word	0x10003d54
10002094:	20001180 	.word	0x20001180
10002098:	20001244 	.word	0x20001244

1000209c <tud_event_hook_cb>:
1000209c:	4770      	bx	lr
1000209e:	bf00      	nop

100020a0 <tud_sof_cb>:
100020a0:	4770      	bx	lr
100020a2:	bf00      	nop

100020a4 <tud_descriptor_bos_cb>:
100020a4:	2000      	movs	r0, #0
100020a6:	4770      	bx	lr

100020a8 <tud_descriptor_device_qualifier_cb>:
100020a8:	2000      	movs	r0, #0
100020aa:	4770      	bx	lr

100020ac <tud_descriptor_other_speed_configuration_cb>:
100020ac:	2000      	movs	r0, #0
100020ae:	4770      	bx	lr

100020b0 <tud_mount_cb>:
100020b0:	4770      	bx	lr
100020b2:	bf00      	nop

100020b4 <tud_umount_cb>:
100020b4:	4770      	bx	lr
100020b6:	bf00      	nop

100020b8 <tud_suspend_cb>:
100020b8:	4770      	bx	lr
100020ba:	bf00      	nop

100020bc <tud_resume_cb>:
100020bc:	4770      	bx	lr
100020be:	bf00      	nop

100020c0 <tud_rhport_init>:
100020c0:	e92d 47f0 	stmdb	sp!, {r4, r5, r6, r7, r8, r9, sl, lr}
100020c4:	f8df 90e8 	ldr.w	r9, [pc, #232]	@ 100021b0 <tud_rhport_init+0xf0>
100020c8:	f899 3000 	ldrb.w	r3, [r9]
100020cc:	2bff      	cmp	r3, #255	@ 0xff
100020ce:	d002      	beq.n	100020d6 <tud_rhport_init+0x16>
100020d0:	2001      	movs	r0, #1
100020d2:	e8bd 87f0 	ldmia.w	sp!, {r4, r5, r6, r7, r8, r9, sl, pc}
100020d6:	460d      	mov	r5, r1
100020d8:	2900      	cmp	r1, #0
100020da:	d03d      	beq.n	10002158 <tud_rhport_init+0x98>
100020dc:	2100      	movs	r1, #0
100020de:	2254      	movs	r2, #84	@ 0x54
100020e0:	4606      	mov	r6, r0
100020e2:	4829      	ldr	r0, [pc, #164]	@ (10002188 <tud_rhport_init+0xc8>)
100020e4:	f001 fb96 	bl	10003814 <memset>
100020e8:	2200      	movs	r2, #0
100020ea:	4c28      	ldr	r4, [pc, #160]	@ (1000218c <tud_rhport_init+0xcc>)
100020ec:	4b28      	ldr	r3, [pc, #160]	@ (10002190 <tud_rhport_init+0xd0>)
100020ee:	4620      	mov	r0, r4
100020f0:	701a      	strb	r2, [r3, #0]
100020f2:	f7fe fcf1 	bl	10000ad8 <mutex_init>
100020f6:	4b27      	ldr	r3, [pc, #156]	@ (10002194 <tud_rhport_init+0xd4>)
100020f8:	4827      	ldr	r0, [pc, #156]	@ (10002198 <tud_rhport_init+0xd8>)
100020fa:	601c      	str	r4, [r3, #0]
100020fc:	4c27      	ldr	r4, [pc, #156]	@ (1000219c <tud_rhport_init+0xdc>)
100020fe:	f7fe fcf9 	bl	10000af4 <critical_section_init>
10002102:	4620      	mov	r0, r4
10002104:	f001 fb52 	bl	100037ac <tu_fifo_clear>
10002108:	4a25      	ldr	r2, [pc, #148]	@ (100021a0 <tud_rhport_init+0xe0>)
1000210a:	4b26      	ldr	r3, [pc, #152]	@ (100021a4 <tud_rhport_init+0xe4>)
1000210c:	6014      	str	r4, [r2, #0]
1000210e:	4c26      	ldr	r4, [pc, #152]	@ (100021a8 <tud_rhport_init+0xe8>)
10002110:	b35b      	cbz	r3, 1000216a <tud_rhport_init+0xaa>
10002112:	4620      	mov	r0, r4
10002114:	f3af 8000 	nop.w
10002118:	4b24      	ldr	r3, [pc, #144]	@ (100021ac <tud_rhport_init+0xec>)
1000211a:	7822      	ldrb	r2, [r4, #0]
1000211c:	6018      	str	r0, [r3, #0]
1000211e:	f04f 0a00 	mov.w	sl, #0
10002122:	f8df 8090 	ldr.w	r8, [pc, #144]	@ 100021b4 <tud_rhport_init+0xf4>
10002126:	4653      	mov	r3, sl
10002128:	4f20      	ldr	r7, [pc, #128]	@ (100021ac <tud_rhport_init+0xec>)
1000212a:	e00d      	b.n	10002148 <tud_rhport_init+0x88>
1000212c:	683a      	ldr	r2, [r7, #0]
1000212e:	eb12 1343 	adds.w	r3, r2, r3, lsl #5
10002132:	d011      	beq.n	10002158 <tud_rhport_init+0x98>
10002134:	685b      	ldr	r3, [r3, #4]
10002136:	b17b      	cbz	r3, 10002158 <tud_rhport_init+0x98>
10002138:	4798      	blx	r3
1000213a:	f10a 0a01 	add.w	sl, sl, #1
1000213e:	7822      	ldrb	r2, [r4, #0]
10002140:	fa5f f38a 	uxtb.w	r3, sl
10002144:	429a      	cmp	r2, r3
10002146:	d312      	bcc.n	1000216e <tud_rhport_init+0xae>
10002148:	4293      	cmp	r3, r2
1000214a:	d3ef      	bcc.n	1000212c <tud_rhport_init+0x6c>
1000214c:	1a9b      	subs	r3, r3, r2
1000214e:	eb08 1343 	add.w	r3, r8, r3, lsl #5
10002152:	685b      	ldr	r3, [r3, #4]
10002154:	2b00      	cmp	r3, #0
10002156:	d1ef      	bne.n	10002138 <tud_rhport_init+0x78>
10002158:	f04f 23e0 	mov.w	r3, #3758153728	@ 0xe000e000
1000215c:	f8d3 3df0 	ldr.w	r3, [r3, #3568]	@ 0xdf0
10002160:	07db      	lsls	r3, r3, #31
10002162:	d500      	bpl.n	10002166 <tud_rhport_init+0xa6>
10002164:	be00      	bkpt	0x0000
10002166:	2000      	movs	r0, #0
10002168:	e7b3      	b.n	100020d2 <tud_rhport_init+0x12>
1000216a:	7822      	ldrb	r2, [r4, #0]
1000216c:	e7d7      	b.n	1000211e <tud_rhport_init+0x5e>
1000216e:	4629      	mov	r1, r5
10002170:	4630      	mov	r0, r6
10002172:	f889 6000 	strb.w	r6, [r9]
10002176:	f7ff fdd3 	bl	10001d20 <dcd_init>
1000217a:	2800      	cmp	r0, #0
1000217c:	d0ec      	beq.n	10002158 <tud_rhport_init+0x98>
1000217e:	4630      	mov	r0, r6
10002180:	f7ff fe16 	bl	10001db0 <dcd_int_enable>
10002184:	e7a4      	b.n	100020d0 <tud_rhport_init+0x10>
10002186:	bf00      	nop
10002188:	20001244 	.word	0x20001244
1000218c:	2000123c 	.word	0x2000123c
10002190:	2000196e 	.word	0x2000196e
10002194:	20001298 	.word	0x20001298
10002198:	20000e38 	.word	0x20000e38
1000219c:	20000e24 	.word	0x20000e24
100021a0:	2000129c 	.word	0x2000129c
100021a4:	00000000 	.word	0x00000000
100021a8:	2000196c 	.word	0x2000196c
100021ac:	20001180 	.word	0x20001180
100021b0:	20000e40 	.word	0x20000e40
100021b4:	10003d54 	.word	0x10003d54

100021b8 <tud_task_ext>:
100021b8:	e92d 4ff0 	stmdb	sp!, {r4, r5, r6, r7, r8, r9, sl, fp, lr}
100021bc:	f8df a2ac 	ldr.w	sl, [pc, #684]	@ 1000246c <tud_task_ext+0x2b4>
100021c0:	b08b      	sub	sp, #44	@ 0x2c
100021c2:	f89a 3000 	ldrb.w	r3, [sl]
100021c6:	2bff      	cmp	r3, #255	@ 0xff
100021c8:	f000 80e8 	beq.w	1000239c <tud_task_ext+0x1e4>
100021cc:	4ca0      	ldr	r4, [pc, #640]	@ (10002450 <tud_task_ext+0x298>)
100021ce:	4da1      	ldr	r5, [pc, #644]	@ (10002454 <tud_task_ext+0x29c>)
100021d0:	f8df b294 	ldr.w	fp, [pc, #660]	@ 10002468 <tud_task_ext+0x2b0>
100021d4:	4ea0      	ldr	r6, [pc, #640]	@ (10002458 <tud_task_ext+0x2a0>)
100021d6:	6827      	ldr	r7, [r4, #0]
100021d8:	697b      	ldr	r3, [r7, #20]
100021da:	f3ef 8210 	mrs	r2, PRIMASK
100021de:	b672      	cpsid	i
100021e0:	e8d3 0fcf 	ldaexb	r0, [r3]
100021e4:	2101      	movs	r1, #1
100021e6:	2800      	cmp	r0, #0
100021e8:	d1fa      	bne.n	100021e0 <tud_task_ext+0x28>
100021ea:	e8c3 1f40 	strexb	r0, r1, [r3]
100021ee:	2800      	cmp	r0, #0
100021f0:	d1f6      	bne.n	100021e0 <tud_task_ext+0x28>
100021f2:	f3bf 8f5f 	dmb	sy
100021f6:	61ba      	str	r2, [r7, #24]
100021f8:	4638      	mov	r0, r7
100021fa:	a907      	add	r1, sp, #28
100021fc:	f001 f924 	bl	10003448 <tu_fifo_read>
10002200:	2300      	movs	r3, #0
10002202:	697a      	ldr	r2, [r7, #20]
10002204:	e8c2 3f8f 	stlb	r3, [r2]
10002208:	69bb      	ldr	r3, [r7, #24]
1000220a:	f383 8810 	msr	PRIMASK, r3
1000220e:	2800      	cmp	r0, #0
10002210:	f000 80c4 	beq.w	1000239c <tud_task_ext+0x1e4>
10002214:	f89d 301d 	ldrb.w	r3, [sp, #29]
10002218:	3b01      	subs	r3, #1
1000221a:	2b07      	cmp	r3, #7
1000221c:	f200 836a 	bhi.w	100028f4 <tud_task_ext+0x73c>
10002220:	e8df f003 	tbb	[pc, r3]
10002224:	978faba1 	.word	0x978faba1
10002228:	040a3588 	.word	0x040a3588
1000222c:	9b08      	ldr	r3, [sp, #32]
1000222e:	2b00      	cmp	r3, #0
10002230:	d0d1      	beq.n	100021d6 <tud_task_ext+0x1e>
10002232:	9809      	ldr	r0, [sp, #36]	@ 0x24
10002234:	4798      	blx	r3
10002236:	e7ce      	b.n	100021d6 <tud_task_ext+0x1e>
10002238:	f89d 1020 	ldrb.w	r1, [sp, #32]
1000223c:	f001 077f 	and.w	r7, r1, #127	@ 0x7f
10002240:	eb05 0047 	add.w	r0, r5, r7, lsl #1
10002244:	eb00 10d1 	add.w	r0, r0, r1, lsr #7
10002248:	f890 3034 	ldrb.w	r3, [r0, #52]	@ 0x34
1000224c:	f023 0301 	bic.w	r3, r3, #1
10002250:	f880 3034 	strb.w	r3, [r0, #52]	@ 0x34
10002254:	f890 3034 	ldrb.w	r3, [r0, #52]	@ 0x34
10002258:	f023 0304 	bic.w	r3, r3, #4
1000225c:	f880 3034 	strb.w	r3, [r0, #52]	@ 0x34
10002260:	2f00      	cmp	r7, #0
10002262:	f000 809e 	beq.w	100023a2 <tud_task_ext+0x1ea>
10002266:	7d02      	ldrb	r2, [r0, #20]
10002268:	f89b 3000 	ldrb.w	r3, [fp]
1000226c:	429a      	cmp	r2, r3
1000226e:	f080 808d 	bcs.w	1000238c <tud_task_ext+0x1d4>
10002272:	4b7a      	ldr	r3, [pc, #488]	@ (1000245c <tud_task_ext+0x2a4>)
10002274:	681b      	ldr	r3, [r3, #0]
10002276:	eb13 1342 	adds.w	r3, r3, r2, lsl #5
1000227a:	f000 8088 	beq.w	1000238e <tud_task_ext+0x1d6>
1000227e:	699f      	ldr	r7, [r3, #24]
10002280:	f89d 2021 	ldrb.w	r2, [sp, #33]	@ 0x21
10002284:	9b09      	ldr	r3, [sp, #36]	@ 0x24
10002286:	f89d 001c 	ldrb.w	r0, [sp, #28]
1000228a:	47b8      	blx	r7
1000228c:	e7a3      	b.n	100021d6 <tud_task_ext+0x1e>
1000228e:	7833      	ldrb	r3, [r6, #0]
10002290:	2b00      	cmp	r3, #0
10002292:	d07c      	beq.n	1000238e <tud_task_ext+0x1d6>
10002294:	7833      	ldrb	r3, [r6, #0]
10002296:	3b01      	subs	r3, #1
10002298:	b2db      	uxtb	r3, r3
1000229a:	7033      	strb	r3, [r6, #0]
1000229c:	7833      	ldrb	r3, [r6, #0]
1000229e:	f003 00ff 	and.w	r0, r3, #255	@ 0xff
100022a2:	2b00      	cmp	r3, #0
100022a4:	d197      	bne.n	100021d6 <tud_task_ext+0x1e>
100022a6:	4f6b      	ldr	r7, [pc, #428]	@ (10002454 <tud_task_ext+0x29c>)
100022a8:	f89d 901c 	ldrb.w	r9, [sp, #28]
100022ac:	783b      	ldrb	r3, [r7, #0]
100022ae:	f043 0301 	orr.w	r3, r3, #1
100022b2:	703b      	strb	r3, [r7, #0]
100022b4:	f897 3034 	ldrb.w	r3, [r7, #52]	@ 0x34
100022b8:	f360 0300 	bfi	r3, r0, #0, #1
100022bc:	f887 3034 	strb.w	r3, [r7, #52]	@ 0x34
100022c0:	f897 3034 	ldrb.w	r3, [r7, #52]	@ 0x34
100022c4:	f360 0382 	bfi	r3, r0, #2, #1
100022c8:	f887 3034 	strb.w	r3, [r7, #52]	@ 0x34
100022cc:	f897 3035 	ldrb.w	r3, [r7, #53]	@ 0x35
100022d0:	f360 0300 	bfi	r3, r0, #0, #1
100022d4:	f887 3035 	strb.w	r3, [r7, #53]	@ 0x35
100022d8:	f897 3035 	ldrb.w	r3, [r7, #53]	@ 0x35
100022dc:	f360 0382 	bfi	r3, r0, #2, #1
100022e0:	f887 3035 	strb.w	r3, [r7, #53]	@ 0x35
100022e4:	f000 fc0c 	bl	10002b00 <usbd_control_set_complete_callback>
100022e8:	f89d 3020 	ldrb.w	r3, [sp, #32]
100022ec:	f003 0260 	and.w	r2, r3, #96	@ 0x60
100022f0:	2a60      	cmp	r2, #96	@ 0x60
100022f2:	d066      	beq.n	100023c2 <tud_task_ext+0x20a>
100022f4:	2a40      	cmp	r2, #64	@ 0x40
100022f6:	d076      	beq.n	100023e6 <tud_task_ext+0x22e>
100022f8:	f003 031f 	and.w	r3, r3, #31
100022fc:	2b01      	cmp	r3, #1
100022fe:	f000 80b7 	beq.w	10002470 <tud_task_ext+0x2b8>
10002302:	2b02      	cmp	r3, #2
10002304:	d07b      	beq.n	100023fe <tud_task_ext+0x246>
10002306:	2b00      	cmp	r3, #0
10002308:	d15b      	bne.n	100023c2 <tud_task_ext+0x20a>
1000230a:	2a20      	cmp	r2, #32
1000230c:	f000 81de 	beq.w	100026cc <tud_task_ext+0x514>
10002310:	2a00      	cmp	r2, #0
10002312:	d156      	bne.n	100023c2 <tud_task_ext+0x20a>
10002314:	f89d 3021 	ldrb.w	r3, [sp, #33]	@ 0x21
10002318:	2b09      	cmp	r3, #9
1000231a:	d852      	bhi.n	100023c2 <tud_task_ext+0x20a>
1000231c:	e8df f013 	tbh	[pc, r3, lsl #1]
10002320:	019701a5 	.word	0x019701a5
10002324:	01b60051 	.word	0x01b60051
10002328:	018a0051 	.word	0x018a0051
1000232c:	0051015f 	.word	0x0051015f
10002330:	00e70154 	.word	0x00e70154
10002334:	782b      	ldrb	r3, [r5, #0]
10002336:	07d9      	lsls	r1, r3, #31
10002338:	f57f af4d 	bpl.w	100021d6 <tud_task_ext+0x1e>
1000233c:	f7ff febe 	bl	100020bc <tud_resume_cb>
10002340:	e749      	b.n	100021d6 <tud_task_ext+0x1e>
10002342:	78eb      	ldrb	r3, [r5, #3]
10002344:	07da      	lsls	r2, r3, #31
10002346:	f57f af46 	bpl.w	100021d6 <tud_task_ext+0x1e>
1000234a:	9808      	ldr	r0, [sp, #32]
1000234c:	f7ff fea8 	bl	100020a0 <tud_sof_cb>
10002350:	e741      	b.n	100021d6 <tud_task_ext+0x1e>
10002352:	782b      	ldrb	r3, [r5, #0]
10002354:	07d8      	lsls	r0, r3, #31
10002356:	f57f af3e 	bpl.w	100021d6 <tud_task_ext+0x1e>
1000235a:	7828      	ldrb	r0, [r5, #0]
1000235c:	f3c0 00c0 	ubfx	r0, r0, #3, #1
10002360:	f7ff feaa 	bl	100020b8 <tud_suspend_cb>
10002364:	e737      	b.n	100021d6 <tud_task_ext+0x1e>
10002366:	f89d 001c 	ldrb.w	r0, [sp, #28]
1000236a:	f7ff fe51 	bl	10002010 <configuration_reset>
1000236e:	f000 fbbd 	bl	10002aec <usbd_control_reset>
10002372:	f89d 3020 	ldrb.w	r3, [sp, #32]
10002376:	70ab      	strb	r3, [r5, #2]
10002378:	e72d      	b.n	100021d6 <tud_task_ext+0x1e>
1000237a:	f89d 001c 	ldrb.w	r0, [sp, #28]
1000237e:	f7ff fe47 	bl	10002010 <configuration_reset>
10002382:	f000 fbb3 	bl	10002aec <usbd_control_reset>
10002386:	f7ff fe95 	bl	100020b4 <tud_umount_cb>
1000238a:	e724      	b.n	100021d6 <tud_task_ext+0x1e>
1000238c:	d011      	beq.n	100023b2 <tud_task_ext+0x1fa>
1000238e:	f04f 23e0 	mov.w	r3, #3758153728	@ 0xe000e000
10002392:	f8d3 3df0 	ldr.w	r3, [r3, #3568]	@ 0xdf0
10002396:	07dc      	lsls	r4, r3, #31
10002398:	d500      	bpl.n	1000239c <tud_task_ext+0x1e4>
1000239a:	be00      	bkpt	0x0000
1000239c:	b00b      	add	sp, #44	@ 0x2c
1000239e:	e8bd 8ff0 	ldmia.w	sp!, {r4, r5, r6, r7, r8, r9, sl, fp, pc}
100023a2:	9b09      	ldr	r3, [sp, #36]	@ 0x24
100023a4:	f89d 2021 	ldrb.w	r2, [sp, #33]	@ 0x21
100023a8:	f89d 001c 	ldrb.w	r0, [sp, #28]
100023ac:	f000 fbbc 	bl	10002b28 <usbd_control_xfer_cb>
100023b0:	e711      	b.n	100021d6 <tud_task_ext+0x1e>
100023b2:	4b2b      	ldr	r3, [pc, #172]	@ (10002460 <tud_task_ext+0x2a8>)
100023b4:	e763      	b.n	1000227e <tud_task_ext+0xc6>
100023b6:	f7fd ff89 	bl	100002cc <tud_descriptor_configuration_cb>
100023ba:	4602      	mov	r2, r0
100023bc:	2800      	cmp	r0, #0
100023be:	f040 817c 	bne.w	100026ba <tud_task_ext+0x502>
100023c2:	f04f 23e0 	mov.w	r3, #3758153728	@ 0xe000e000
100023c6:	f8d3 3df0 	ldr.w	r3, [r3, #3568]	@ 0xdf0
100023ca:	07df      	lsls	r7, r3, #31
100023cc:	d500      	bpl.n	100023d0 <tud_task_ext+0x218>
100023ce:	be00      	bkpt	0x0000
100023d0:	f89d 001c 	ldrb.w	r0, [sp, #28]
100023d4:	2100      	movs	r1, #0
100023d6:	f7ff fdad 	bl	10001f34 <dcd_edpt_stall>
100023da:	2180      	movs	r1, #128	@ 0x80
100023dc:	f89d 001c 	ldrb.w	r0, [sp, #28]
100023e0:	f7ff fda8 	bl	10001f34 <dcd_edpt_stall>
100023e4:	e6f7      	b.n	100021d6 <tud_task_ext+0x1e>
100023e6:	481f      	ldr	r0, [pc, #124]	@ (10002464 <tud_task_ext+0x2ac>)
100023e8:	f000 fb8a 	bl	10002b00 <usbd_control_set_complete_callback>
100023ec:	2101      	movs	r1, #1
100023ee:	4648      	mov	r0, r9
100023f0:	aa08      	add	r2, sp, #32
100023f2:	f7ff fe0b 	bl	1000200c <tud_vendor_control_xfer_cb>
100023f6:	2800      	cmp	r0, #0
100023f8:	f47f aeed 	bne.w	100021d6 <tud_task_ext+0x1e>
100023fc:	e7e8      	b.n	100023d0 <tud_task_ext+0x218>
100023fe:	f89d 1024 	ldrb.w	r1, [sp, #36]	@ 0x24
10002402:	f011 0f70 	tst.w	r1, #112	@ 0x70
10002406:	d1dc      	bne.n	100023c2 <tud_task_ext+0x20a>
10002408:	4b17      	ldr	r3, [pc, #92]	@ (10002468 <tud_task_ext+0x2b0>)
1000240a:	f001 087f 	and.w	r8, r1, #127	@ 0x7f
1000240e:	7818      	ldrb	r0, [r3, #0]
10002410:	eb07 0348 	add.w	r3, r7, r8, lsl #1
10002414:	eb03 13d1 	add.w	r3, r3, r1, lsr #7
10002418:	f893 c014 	ldrb.w	ip, [r3, #20]
1000241c:	ea4f 0848 	mov.w	r8, r8, lsl #1
10002420:	4584      	cmp	ip, r0
10002422:	ea4f 13d1 	mov.w	r3, r1, lsr #7
10002426:	d350      	bcc.n	100024ca <tud_task_ext+0x312>
10002428:	f040 816d 	bne.w	10002706 <tud_task_ext+0x54e>
1000242c:	480c      	ldr	r0, [pc, #48]	@ (10002460 <tud_task_ext+0x2a8>)
1000242e:	9001      	str	r0, [sp, #4]
10002430:	2a00      	cmp	r2, #0
10002432:	f000 816c 	beq.w	1000270e <tud_task_ext+0x556>
10002436:	9f01      	ldr	r7, [sp, #4]
10002438:	6978      	ldr	r0, [r7, #20]
1000243a:	f000 fb61 	bl	10002b00 <usbd_control_set_complete_callback>
1000243e:	2101      	movs	r1, #1
10002440:	4648      	mov	r0, r9
10002442:	697b      	ldr	r3, [r7, #20]
10002444:	aa08      	add	r2, sp, #32
10002446:	4798      	blx	r3
10002448:	2800      	cmp	r0, #0
1000244a:	f47f aec4 	bne.w	100021d6 <tud_task_ext+0x1e>
1000244e:	e7bf      	b.n	100023d0 <tud_task_ext+0x218>
10002450:	2000129c 	.word	0x2000129c
10002454:	20001244 	.word	0x20001244
10002458:	2000196e 	.word	0x2000196e
1000245c:	20001180 	.word	0x20001180
10002460:	10003d54 	.word	0x10003d54
10002464:	1000200d 	.word	0x1000200d
10002468:	2000196c 	.word	0x2000196c
1000246c:	20000e40 	.word	0x20000e40
10002470:	f89d 3024 	ldrb.w	r3, [sp, #36]	@ 0x24
10002474:	2b0f      	cmp	r3, #15
10002476:	d8ab      	bhi.n	100023d0 <tud_task_ext+0x218>
10002478:	4ab0      	ldr	r2, [pc, #704]	@ (1000273c <tud_task_ext+0x584>)
1000247a:	443b      	add	r3, r7
1000247c:	791b      	ldrb	r3, [r3, #4]
1000247e:	7812      	ldrb	r2, [r2, #0]
10002480:	4293      	cmp	r3, r2
10002482:	d32e      	bcc.n	100024e2 <tud_task_ext+0x32a>
10002484:	d1a4      	bne.n	100023d0 <tud_task_ext+0x218>
10002486:	4fae      	ldr	r7, [pc, #696]	@ (10002740 <tud_task_ext+0x588>)
10002488:	6978      	ldr	r0, [r7, #20]
1000248a:	f000 fb39 	bl	10002b00 <usbd_control_set_complete_callback>
1000248e:	2101      	movs	r1, #1
10002490:	4648      	mov	r0, r9
10002492:	697b      	ldr	r3, [r7, #20]
10002494:	aa08      	add	r2, sp, #32
10002496:	4798      	blx	r3
10002498:	2800      	cmp	r0, #0
1000249a:	f47f ae9c 	bne.w	100021d6 <tud_task_ext+0x1e>
1000249e:	f89d 3020 	ldrb.w	r3, [sp, #32]
100024a2:	f013 0760 	ands.w	r7, r3, #96	@ 0x60
100024a6:	d193      	bne.n	100023d0 <tud_task_ext+0x218>
100024a8:	f89d 3021 	ldrb.w	r3, [sp, #33]	@ 0x21
100024ac:	3b0a      	subs	r3, #10
100024ae:	2b01      	cmp	r3, #1
100024b0:	d88e      	bhi.n	100023d0 <tud_task_ext+0x218>
100024b2:	f000 fb25 	bl	10002b00 <usbd_control_set_complete_callback>
100024b6:	f89d 3021 	ldrb.w	r3, [sp, #33]	@ 0x21
100024ba:	2b0a      	cmp	r3, #10
100024bc:	f000 81fb 	beq.w	100028b6 <tud_task_ext+0x6fe>
100024c0:	4648      	mov	r0, r9
100024c2:	a908      	add	r1, sp, #32
100024c4:	f000 faa2 	bl	10002a0c <tud_control_status>
100024c8:	e685      	b.n	100021d6 <tud_task_ext+0x1e>
100024ca:	489e      	ldr	r0, [pc, #632]	@ (10002744 <tud_task_ext+0x58c>)
100024cc:	6800      	ldr	r0, [r0, #0]
100024ce:	eb00 104c 	add.w	r0, r0, ip, lsl #5
100024d2:	9001      	str	r0, [sp, #4]
100024d4:	2a00      	cmp	r2, #0
100024d6:	f000 811a 	beq.w	1000270e <tud_task_ext+0x556>
100024da:	2800      	cmp	r0, #0
100024dc:	f43f af78 	beq.w	100023d0 <tud_task_ext+0x218>
100024e0:	e7a9      	b.n	10002436 <tud_task_ext+0x27e>
100024e2:	4a98      	ldr	r2, [pc, #608]	@ (10002744 <tud_task_ext+0x58c>)
100024e4:	6817      	ldr	r7, [r2, #0]
100024e6:	eb17 1743 	adds.w	r7, r7, r3, lsl #5
100024ea:	d1cd      	bne.n	10002488 <tud_task_ext+0x2d0>
100024ec:	e770      	b.n	100023d0 <tud_task_ext+0x218>
100024ee:	787b      	ldrb	r3, [r7, #1]
100024f0:	f89d 8022 	ldrb.w	r8, [sp, #34]	@ 0x22
100024f4:	4598      	cmp	r8, r3
100024f6:	f000 815a 	beq.w	100027ae <tud_task_ext+0x5f6>
100024fa:	787b      	ldrb	r3, [r7, #1]
100024fc:	2b00      	cmp	r3, #0
100024fe:	f040 81c6 	bne.w	1000288e <tud_task_ext+0x6d6>
10002502:	f887 8001 	strb.w	r8, [r7, #1]
10002506:	f1b8 0f00 	cmp.w	r8, #0
1000250a:	f000 814e 	beq.w	100027aa <tud_task_ext+0x5f2>
1000250e:	f108 30ff 	add.w	r0, r8, #4294967295	@ 0xffffffff
10002512:	b2c0      	uxtb	r0, r0
10002514:	f7fd feda 	bl	100002cc <tud_descriptor_configuration_cb>
10002518:	4601      	mov	r1, r0
1000251a:	2800      	cmp	r0, #0
1000251c:	f000 8164 	beq.w	100027e8 <tud_task_ext+0x630>
10002520:	7843      	ldrb	r3, [r0, #1]
10002522:	2b02      	cmp	r3, #2
10002524:	f040 8160 	bne.w	100027e8 <tud_task_ext+0x630>
10002528:	79c2      	ldrb	r2, [r0, #7]
1000252a:	7838      	ldrb	r0, [r7, #0]
1000252c:	f3c2 1340 	ubfx	r3, r2, #5, #1
10002530:	011b      	lsls	r3, r3, #4
10002532:	f3c2 1280 	ubfx	r2, r2, #6, #1
10002536:	f020 0030 	bic.w	r0, r0, #48	@ 0x30
1000253a:	ea43 1342 	orr.w	r3, r3, r2, lsl #5
1000253e:	4303      	orrs	r3, r0
10002540:	703b      	strb	r3, [r7, #0]
10002542:	884b      	ldrh	r3, [r1, #2]
10002544:	f8cd 900c 	str.w	r9, [sp, #12]
10002548:	18cb      	adds	r3, r1, r3
1000254a:	9301      	str	r3, [sp, #4]
1000254c:	3109      	adds	r1, #9
1000254e:	9b01      	ldr	r3, [sp, #4]
10002550:	428b      	cmp	r3, r1
10002552:	f240 81ab 	bls.w	100028ac <tud_task_ext+0x6f4>
10002556:	784b      	ldrb	r3, [r1, #1]
10002558:	2b0b      	cmp	r3, #11
1000255a:	f000 81b6 	beq.w	100028ca <tud_task_ext+0x712>
1000255e:	f04f 0c01 	mov.w	ip, #1
10002562:	2b04      	cmp	r3, #4
10002564:	f040 8140 	bne.w	100027e8 <tud_task_ext+0x630>
10002568:	f04f 0900 	mov.w	r9, #0
1000256c:	9b01      	ldr	r3, [sp, #4]
1000256e:	46c8      	mov	r8, r9
10002570:	1a5b      	subs	r3, r3, r1
10002572:	b29b      	uxth	r3, r3
10002574:	9302      	str	r3, [sp, #8]
10002576:	4b71      	ldr	r3, [pc, #452]	@ (1000273c <tud_task_ext+0x584>)
10002578:	f8cd c010 	str.w	ip, [sp, #16]
1000257c:	781b      	ldrb	r3, [r3, #0]
1000257e:	e01b      	b.n	100025b8 <tud_task_ext+0x400>
10002580:	4b70      	ldr	r3, [pc, #448]	@ (10002744 <tud_task_ext+0x58c>)
10002582:	681b      	ldr	r3, [r3, #0]
10002584:	eb13 1348 	adds.w	r3, r3, r8, lsl #5
10002588:	f000 812e 	beq.w	100027e8 <tud_task_ext+0x630>
1000258c:	9a02      	ldr	r2, [sp, #8]
1000258e:	691b      	ldr	r3, [r3, #16]
10002590:	9803      	ldr	r0, [sp, #12]
10002592:	9105      	str	r1, [sp, #20]
10002594:	4798      	blx	r3
10002596:	2808      	cmp	r0, #8
10002598:	4602      	mov	r2, r0
1000259a:	9905      	ldr	r1, [sp, #20]
1000259c:	f109 0901 	add.w	r9, r9, #1
100025a0:	d903      	bls.n	100025aa <tud_task_ext+0x3f2>
100025a2:	9b02      	ldr	r3, [sp, #8]
100025a4:	4283      	cmp	r3, r0
100025a6:	f080 8107 	bcs.w	100027b8 <tud_task_ext+0x600>
100025aa:	4b64      	ldr	r3, [pc, #400]	@ (1000273c <tud_task_ext+0x584>)
100025ac:	fa5f f889 	uxtb.w	r8, r9
100025b0:	781b      	ldrb	r3, [r3, #0]
100025b2:	4543      	cmp	r3, r8
100025b4:	f0c0 8118 	bcc.w	100027e8 <tud_task_ext+0x630>
100025b8:	4543      	cmp	r3, r8
100025ba:	eba8 0303 	sub.w	r3, r8, r3
100025be:	d8df      	bhi.n	10002580 <tud_task_ext+0x3c8>
100025c0:	4a5f      	ldr	r2, [pc, #380]	@ (10002740 <tud_task_ext+0x588>)
100025c2:	eb02 1343 	add.w	r3, r2, r3, lsl #5
100025c6:	e7e1      	b.n	1000258c <tud_task_ext+0x3d4>
100025c8:	787b      	ldrb	r3, [r7, #1]
100025ca:	4648      	mov	r0, r9
100025cc:	f88d 301a 	strb.w	r3, [sp, #26]
100025d0:	f10d 021a 	add.w	r2, sp, #26
100025d4:	2301      	movs	r3, #1
100025d6:	a908      	add	r1, sp, #32
100025d8:	f000 fa32 	bl	10002a40 <tud_control_xfer>
100025dc:	e5fb      	b.n	100021d6 <tud_task_ext+0x1e>
100025de:	f8bd 0022 	ldrh.w	r0, [sp, #34]	@ 0x22
100025e2:	0a03      	lsrs	r3, r0, #8
100025e4:	3b01      	subs	r3, #1
100025e6:	0a02      	lsrs	r2, r0, #8
100025e8:	b2c0      	uxtb	r0, r0
100025ea:	2b0e      	cmp	r3, #14
100025ec:	f63f aef0 	bhi.w	100023d0 <tud_task_ext+0x218>
100025f0:	a101      	add	r1, pc, #4	@ (adr r1, 100025f8 <tud_task_ext+0x440>)
100025f2:	f851 f023 	ldr.w	pc, [r1, r3, lsl #2]
100025f6:	bf00      	nop
100025f8:	10002819 	.word	0x10002819
100025fc:	100026a9 	.word	0x100026a9
10002600:	10002855 	.word	0x10002855
10002604:	100023d1 	.word	0x100023d1
10002608:	100023d1 	.word	0x100023d1
1000260c:	10002837 	.word	0x10002837
10002610:	100026a9 	.word	0x100026a9
10002614:	100023d1 	.word	0x100023d1
10002618:	100023d1 	.word	0x100023d1
1000261c:	100023d1 	.word	0x100023d1
10002620:	100023d1 	.word	0x100023d1
10002624:	100023d1 	.word	0x100023d1
10002628:	100023d1 	.word	0x100023d1
1000262c:	100023d1 	.word	0x100023d1
10002630:	1000280b 	.word	0x1000280b
10002634:	a808      	add	r0, sp, #32
10002636:	f000 fa69 	bl	10002b0c <usbd_control_set_request>
1000263a:	4648      	mov	r0, r9
1000263c:	f89d 1022 	ldrb.w	r1, [sp, #34]	@ 0x22
10002640:	f7ff fbba 	bl	10001db8 <dcd_set_address>
10002644:	783b      	ldrb	r3, [r7, #0]
10002646:	f043 0302 	orr.w	r3, r3, #2
1000264a:	703b      	strb	r3, [r7, #0]
1000264c:	e5c3      	b.n	100021d6 <tud_task_ext+0x1e>
1000264e:	f8bd 3022 	ldrh.w	r3, [sp, #34]	@ 0x22
10002652:	2b01      	cmp	r3, #1
10002654:	f47f aebc 	bne.w	100023d0 <tud_task_ext+0x218>
10002658:	783b      	ldrb	r3, [r7, #0]
1000265a:	4648      	mov	r0, r9
1000265c:	f023 0308 	bic.w	r3, r3, #8
10002660:	a908      	add	r1, sp, #32
10002662:	703b      	strb	r3, [r7, #0]
10002664:	f000 f9d2 	bl	10002a0c <tud_control_status>
10002668:	e5b5      	b.n	100021d6 <tud_task_ext+0x1e>
1000266a:	4648      	mov	r0, r9
1000266c:	783b      	ldrb	r3, [r7, #0]
1000266e:	089a      	lsrs	r2, r3, #2
10002670:	f002 0202 	and.w	r2, r2, #2
10002674:	f3c3 1340 	ubfx	r3, r3, #5, #1
10002678:	4313      	orrs	r3, r2
1000267a:	f8ad 301a 	strh.w	r3, [sp, #26]
1000267e:	f10d 021a 	add.w	r2, sp, #26
10002682:	2302      	movs	r3, #2
10002684:	a908      	add	r1, sp, #32
10002686:	f000 f9db 	bl	10002a40 <tud_control_xfer>
1000268a:	e5a4      	b.n	100021d6 <tud_task_ext+0x1e>
1000268c:	f8bd 3022 	ldrh.w	r3, [sp, #34]	@ 0x22
10002690:	2b01      	cmp	r3, #1
10002692:	f47f ae9d 	bne.w	100023d0 <tud_task_ext+0x218>
10002696:	783b      	ldrb	r3, [r7, #0]
10002698:	4648      	mov	r0, r9
1000269a:	f043 0308 	orr.w	r3, r3, #8
1000269e:	a908      	add	r1, sp, #32
100026a0:	703b      	strb	r3, [r7, #0]
100026a2:	f000 f9b3 	bl	10002a0c <tud_control_status>
100026a6:	e596      	b.n	100021d6 <tud_task_ext+0x1e>
100026a8:	2a02      	cmp	r2, #2
100026aa:	f43f ae84 	beq.w	100023b6 <tud_task_ext+0x1fe>
100026ae:	f7ff fcfd 	bl	100020ac <tud_descriptor_other_speed_configuration_cb>
100026b2:	4602      	mov	r2, r0
100026b4:	2800      	cmp	r0, #0
100026b6:	f43f ae8b 	beq.w	100023d0 <tud_task_ext+0x218>
100026ba:	4648      	mov	r0, r9
100026bc:	8853      	ldrh	r3, [r2, #2]
100026be:	a908      	add	r1, sp, #32
100026c0:	f000 f9be 	bl	10002a40 <tud_control_xfer>
100026c4:	2800      	cmp	r0, #0
100026c6:	f47f ad86 	bne.w	100021d6 <tud_task_ext+0x1e>
100026ca:	e681      	b.n	100023d0 <tud_task_ext+0x218>
100026cc:	f89d 3024 	ldrb.w	r3, [sp, #36]	@ 0x24
100026d0:	2b0f      	cmp	r3, #15
100026d2:	f63f ae7d 	bhi.w	100023d0 <tud_task_ext+0x218>
100026d6:	4a19      	ldr	r2, [pc, #100]	@ (1000273c <tud_task_ext+0x584>)
100026d8:	443b      	add	r3, r7
100026da:	791b      	ldrb	r3, [r3, #4]
100026dc:	7812      	ldrb	r2, [r2, #0]
100026de:	4293      	cmp	r3, r2
100026e0:	d227      	bcs.n	10002732 <tud_task_ext+0x57a>
100026e2:	4a18      	ldr	r2, [pc, #96]	@ (10002744 <tud_task_ext+0x58c>)
100026e4:	6817      	ldr	r7, [r2, #0]
100026e6:	eb17 1743 	adds.w	r7, r7, r3, lsl #5
100026ea:	f43f ae71 	beq.w	100023d0 <tud_task_ext+0x218>
100026ee:	6978      	ldr	r0, [r7, #20]
100026f0:	f000 fa06 	bl	10002b00 <usbd_control_set_complete_callback>
100026f4:	2101      	movs	r1, #1
100026f6:	4648      	mov	r0, r9
100026f8:	697b      	ldr	r3, [r7, #20]
100026fa:	aa08      	add	r2, sp, #32
100026fc:	4798      	blx	r3
100026fe:	2800      	cmp	r0, #0
10002700:	f47f ad69 	bne.w	100021d6 <tud_task_ext+0x1e>
10002704:	e664      	b.n	100023d0 <tud_task_ext+0x218>
10002706:	2a00      	cmp	r2, #0
10002708:	f47f ae62 	bne.w	100023d0 <tud_task_ext+0x218>
1000270c:	9201      	str	r2, [sp, #4]
1000270e:	f89d c021 	ldrb.w	ip, [sp, #33]	@ 0x21
10002712:	f00c 02fd 	and.w	r2, ip, #253	@ 0xfd
10002716:	2a01      	cmp	r2, #1
10002718:	d016      	beq.n	10002748 <tud_task_ext+0x590>
1000271a:	f1bc 0f00 	cmp.w	ip, #0
1000271e:	f47f ae50 	bne.w	100023c2 <tud_task_ext+0x20a>
10002722:	44b8      	add	r8, r7
10002724:	4443      	add	r3, r8
10002726:	f893 3034 	ldrb.w	r3, [r3, #52]	@ 0x34
1000272a:	4648      	mov	r0, r9
1000272c:	f3c3 0340 	ubfx	r3, r3, #1, #1
10002730:	e7a3      	b.n	1000267a <tud_task_ext+0x4c2>
10002732:	f47f ae4d 	bne.w	100023d0 <tud_task_ext+0x218>
10002736:	4f02      	ldr	r7, [pc, #8]	@ (10002740 <tud_task_ext+0x588>)
10002738:	e7d9      	b.n	100026ee <tud_task_ext+0x536>
1000273a:	bf00      	nop
1000273c:	2000196c 	.word	0x2000196c
10002740:	10003d54 	.word	0x10003d54
10002744:	20001180 	.word	0x20001180
10002748:	f8bd 2022 	ldrh.w	r2, [sp, #34]	@ 0x22
1000274c:	b9ba      	cbnz	r2, 1000277e <tud_task_ext+0x5c6>
1000274e:	f1bc 0f01 	cmp.w	ip, #1
10002752:	f89a 0000 	ldrb.w	r0, [sl]
10002756:	f000 8085 	beq.w	10002864 <tud_task_ext+0x6ac>
1000275a:	9302      	str	r3, [sp, #8]
1000275c:	f7ff fbea 	bl	10001f34 <dcd_edpt_stall>
10002760:	9b02      	ldr	r3, [sp, #8]
10002762:	44b8      	add	r8, r7
10002764:	4443      	add	r3, r8
10002766:	f893 2034 	ldrb.w	r2, [r3, #52]	@ 0x34
1000276a:	f042 0202 	orr.w	r2, r2, #2
1000276e:	f883 2034 	strb.w	r2, [r3, #52]	@ 0x34
10002772:	f893 2034 	ldrb.w	r2, [r3, #52]	@ 0x34
10002776:	f042 0201 	orr.w	r2, r2, #1
1000277a:	f883 2034 	strb.w	r2, [r3, #52]	@ 0x34
1000277e:	9b01      	ldr	r3, [sp, #4]
10002780:	2b00      	cmp	r3, #0
10002782:	f43f ad28 	beq.w	100021d6 <tud_task_ext+0x1e>
10002786:	6958      	ldr	r0, [r3, #20]
10002788:	f000 f9ba 	bl	10002b00 <usbd_control_set_complete_callback>
1000278c:	9b01      	ldr	r3, [sp, #4]
1000278e:	2101      	movs	r1, #1
10002790:	695b      	ldr	r3, [r3, #20]
10002792:	aa08      	add	r2, sp, #32
10002794:	4648      	mov	r0, r9
10002796:	4798      	blx	r3
10002798:	2000      	movs	r0, #0
1000279a:	f000 f9b1 	bl	10002b00 <usbd_control_set_complete_callback>
1000279e:	f897 3035 	ldrb.w	r3, [r7, #53]	@ 0x35
100027a2:	07db      	lsls	r3, r3, #31
100027a4:	f53f ad17 	bmi.w	100021d6 <tud_task_ext+0x1e>
100027a8:	e68a      	b.n	100024c0 <tud_task_ext+0x308>
100027aa:	f7ff fc83 	bl	100020b4 <tud_umount_cb>
100027ae:	4648      	mov	r0, r9
100027b0:	a908      	add	r1, sp, #32
100027b2:	f000 f92b 	bl	10002a0c <tud_control_status>
100027b6:	e50e      	b.n	100021d6 <tud_task_ext+0x1e>
100027b8:	f8dd c010 	ldr.w	ip, [sp, #16]
100027bc:	f1bc 0f00 	cmp.w	ip, #0
100027c0:	f000 8089 	beq.w	100028d6 <tud_task_ext+0x71e>
100027c4:	7888      	ldrb	r0, [r1, #2]
100027c6:	eb00 030c 	add.w	r3, r0, ip
100027ca:	b2db      	uxtb	r3, r3
100027cc:	e003      	b.n	100027d6 <tud_task_ext+0x61e>
100027ce:	4298      	cmp	r0, r3
100027d0:	f88c 8004 	strb.w	r8, [ip, #4]
100027d4:	d07f      	beq.n	100028d6 <tud_task_ext+0x71e>
100027d6:	eb07 0c00 	add.w	ip, r7, r0
100027da:	f89c e004 	ldrb.w	lr, [ip, #4]
100027de:	3001      	adds	r0, #1
100027e0:	f1be 0fff 	cmp.w	lr, #255	@ 0xff
100027e4:	b2c0      	uxtb	r0, r0
100027e6:	d0f2      	beq.n	100027ce <tud_task_ext+0x616>
100027e8:	f04f 23e0 	mov.w	r3, #3758153728	@ 0xe000e000
100027ec:	f8d3 3df0 	ldr.w	r3, [r3, #3568]	@ 0xdf0
100027f0:	07d9      	lsls	r1, r3, #31
100027f2:	d500      	bpl.n	100027f6 <tud_task_ext+0x63e>
100027f4:	be00      	bkpt	0x0000
100027f6:	f04f 23e0 	mov.w	r3, #3758153728	@ 0xe000e000
100027fa:	f8d3 3df0 	ldr.w	r3, [r3, #3568]	@ 0xdf0
100027fe:	07da      	lsls	r2, r3, #31
10002800:	d500      	bpl.n	10002804 <tud_task_ext+0x64c>
10002802:	be00      	bkpt	0x0000
10002804:	2300      	movs	r3, #0
10002806:	707b      	strb	r3, [r7, #1]
10002808:	e5e2      	b.n	100023d0 <tud_task_ext+0x218>
1000280a:	f7ff fc4b 	bl	100020a4 <tud_descriptor_bos_cb>
1000280e:	4602      	mov	r2, r0
10002810:	2800      	cmp	r0, #0
10002812:	f47f af52 	bne.w	100026ba <tud_task_ext+0x502>
10002816:	e5db      	b.n	100023d0 <tud_task_ext+0x218>
10002818:	f7fd fd54 	bl	100002c4 <tud_descriptor_device_cb>
1000281c:	4602      	mov	r2, r0
1000281e:	2800      	cmp	r0, #0
10002820:	f43f adcf 	beq.w	100023c2 <tud_task_ext+0x20a>
10002824:	4648      	mov	r0, r9
10002826:	2312      	movs	r3, #18
10002828:	a908      	add	r1, sp, #32
1000282a:	f000 f909 	bl	10002a40 <tud_control_xfer>
1000282e:	2800      	cmp	r0, #0
10002830:	f47f acd1 	bne.w	100021d6 <tud_task_ext+0x1e>
10002834:	e5cc      	b.n	100023d0 <tud_task_ext+0x218>
10002836:	f7ff fc37 	bl	100020a8 <tud_descriptor_device_qualifier_cb>
1000283a:	4602      	mov	r2, r0
1000283c:	2800      	cmp	r0, #0
1000283e:	f43f adc7 	beq.w	100023d0 <tud_task_ext+0x218>
10002842:	4648      	mov	r0, r9
10002844:	7813      	ldrb	r3, [r2, #0]
10002846:	a908      	add	r1, sp, #32
10002848:	f000 f8fa 	bl	10002a40 <tud_control_xfer>
1000284c:	2800      	cmp	r0, #0
1000284e:	f47f acc2 	bne.w	100021d6 <tud_task_ext+0x1e>
10002852:	e5bd      	b.n	100023d0 <tud_task_ext+0x218>
10002854:	f8bd 1024 	ldrh.w	r1, [sp, #36]	@ 0x24
10002858:	f7fd fd3c 	bl	100002d4 <tud_descriptor_string_cb>
1000285c:	4602      	mov	r2, r0
1000285e:	2800      	cmp	r0, #0
10002860:	d1ef      	bne.n	10002842 <tud_task_ext+0x68a>
10002862:	e5b5      	b.n	100023d0 <tud_task_ext+0x218>
10002864:	e9cd 3202 	strd	r3, r2, [sp, #8]
10002868:	f7ff fb7a 	bl	10001f60 <dcd_edpt_clear_stall>
1000286c:	9b02      	ldr	r3, [sp, #8]
1000286e:	44b8      	add	r8, r7
10002870:	4443      	add	r3, r8
10002872:	f893 1034 	ldrb.w	r1, [r3, #52]	@ 0x34
10002876:	9a03      	ldr	r2, [sp, #12]
10002878:	f362 0141 	bfi	r1, r2, #1, #1
1000287c:	f883 1034 	strb.w	r1, [r3, #52]	@ 0x34
10002880:	f893 1034 	ldrb.w	r1, [r3, #52]	@ 0x34
10002884:	f362 0100 	bfi	r1, r2, #0, #1
10002888:	f883 1034 	strb.w	r1, [r3, #52]	@ 0x34
1000288c:	e777      	b.n	1000277e <tud_task_ext+0x5c6>
1000288e:	2100      	movs	r1, #0
10002890:	4648      	mov	r0, r9
10002892:	f7ff fa99 	bl	10001dc8 <dcd_sof_enable>
10002896:	4648      	mov	r0, r9
10002898:	f7ff fb36 	bl	10001f08 <dcd_edpt_close_all>
1000289c:	78bb      	ldrb	r3, [r7, #2]
1000289e:	4648      	mov	r0, r9
100028a0:	9301      	str	r3, [sp, #4]
100028a2:	f7ff fbb5 	bl	10002010 <configuration_reset>
100028a6:	9b01      	ldr	r3, [sp, #4]
100028a8:	70bb      	strb	r3, [r7, #2]
100028aa:	e62a      	b.n	10002502 <tud_task_ext+0x34a>
100028ac:	f8dd 900c 	ldr.w	r9, [sp, #12]
100028b0:	f7ff fbfe 	bl	100020b0 <tud_mount_cb>
100028b4:	e77b      	b.n	100027ae <tud_task_ext+0x5f6>
100028b6:	4648      	mov	r0, r9
100028b8:	2301      	movs	r3, #1
100028ba:	a908      	add	r1, sp, #32
100028bc:	f10d 021a 	add.w	r2, sp, #26
100028c0:	f88d 701a 	strb.w	r7, [sp, #26]
100028c4:	f000 f8bc 	bl	10002a40 <tud_control_xfer>
100028c8:	e485      	b.n	100021d6 <tud_task_ext+0x1e>
100028ca:	780b      	ldrb	r3, [r1, #0]
100028cc:	f891 c003 	ldrb.w	ip, [r1, #3]
100028d0:	4419      	add	r1, r3
100028d2:	784b      	ldrb	r3, [r1, #1]
100028d4:	e645      	b.n	10002562 <tud_task_ext+0x3aa>
100028d6:	4643      	mov	r3, r8
100028d8:	480b      	ldr	r0, [pc, #44]	@ (10002908 <tud_task_ext+0x750>)
100028da:	9204      	str	r2, [sp, #16]
100028dc:	9102      	str	r1, [sp, #8]
100028de:	f000 fb81 	bl	10002fe4 <tu_edpt_bind_driver>
100028e2:	4b0a      	ldr	r3, [pc, #40]	@ (1000290c <tud_task_ext+0x754>)
100028e4:	9902      	ldr	r1, [sp, #8]
100028e6:	781b      	ldrb	r3, [r3, #0]
100028e8:	9a04      	ldr	r2, [sp, #16]
100028ea:	4543      	cmp	r3, r8
100028ec:	4411      	add	r1, r2
100028ee:	f4bf ae2e 	bcs.w	1000254e <tud_task_ext+0x396>
100028f2:	e779      	b.n	100027e8 <tud_task_ext+0x630>
100028f4:	f04f 23e0 	mov.w	r3, #3758153728	@ 0xe000e000
100028f8:	f8d3 3df0 	ldr.w	r3, [r3, #3568]	@ 0xdf0
100028fc:	07db      	lsls	r3, r3, #31
100028fe:	f57f ac6a 	bpl.w	100021d6 <tud_task_ext+0x1e>
10002902:	be00      	bkpt	0x0000
10002904:	e467      	b.n	100021d6 <tud_task_ext+0x1e>
10002906:	bf00      	nop
10002908:	20001258 	.word	0x20001258
1000290c:	2000196c 	.word	0x2000196c

10002910 <usbd_edpt_open>:
10002910:	b538      	push	{r3, r4, r5, lr}
10002912:	4b0e      	ldr	r3, [pc, #56]	@ (1000294c <usbd_edpt_open+0x3c>)
10002914:	781d      	ldrb	r5, [r3, #0]
10002916:	788b      	ldrb	r3, [r1, #2]
10002918:	f013 0f70 	tst.w	r3, #112	@ 0x70
1000291c:	d008      	beq.n	10002930 <usbd_edpt_open+0x20>
1000291e:	f04f 23e0 	mov.w	r3, #3758153728	@ 0xe000e000
10002922:	f8d3 3df0 	ldr.w	r3, [r3, #3568]	@ 0xdf0
10002926:	07db      	lsls	r3, r3, #31
10002928:	d500      	bpl.n	1000292c <usbd_edpt_open+0x1c>
1000292a:	be00      	bkpt	0x0000
1000292c:	2000      	movs	r0, #0
1000292e:	bd38      	pop	{r3, r4, r5, pc}
10002930:	4b07      	ldr	r3, [pc, #28]	@ (10002950 <usbd_edpt_open+0x40>)
10002932:	460c      	mov	r4, r1
10002934:	4608      	mov	r0, r1
10002936:	7899      	ldrb	r1, [r3, #2]
10002938:	f000 fb22 	bl	10002f80 <tu_edpt_validate>
1000293c:	2800      	cmp	r0, #0
1000293e:	d0ee      	beq.n	1000291e <usbd_edpt_open+0xe>
10002940:	4621      	mov	r1, r4
10002942:	4628      	mov	r0, r5
10002944:	e8bd 4038 	ldmia.w	sp!, {r3, r4, r5, lr}
10002948:	f7ff ba5a 	b.w	10001e00 <dcd_edpt_open>
1000294c:	20000e40 	.word	0x20000e40
10002950:	20001244 	.word	0x20001244

10002954 <usbd_edpt_claim>:
10002954:	460b      	mov	r3, r1
10002956:	4a06      	ldr	r2, [pc, #24]	@ (10002970 <usbd_edpt_claim+0x1c>)
10002958:	4806      	ldr	r0, [pc, #24]	@ (10002974 <usbd_edpt_claim+0x20>)
1000295a:	6811      	ldr	r1, [r2, #0]
1000295c:	09da      	lsrs	r2, r3, #7
1000295e:	3234      	adds	r2, #52	@ 0x34
10002960:	f003 037f 	and.w	r3, r3, #127	@ 0x7f
10002964:	eb02 0343 	add.w	r3, r2, r3, lsl #1
10002968:	4418      	add	r0, r3
1000296a:	f000 bac3 	b.w	10002ef4 <tu_edpt_claim>
1000296e:	bf00      	nop
10002970:	20001298 	.word	0x20001298
10002974:	20001244 	.word	0x20001244

10002978 <usbd_edpt_release>:
10002978:	460b      	mov	r3, r1
1000297a:	4a06      	ldr	r2, [pc, #24]	@ (10002994 <usbd_edpt_release+0x1c>)
1000297c:	4806      	ldr	r0, [pc, #24]	@ (10002998 <usbd_edpt_release+0x20>)
1000297e:	6811      	ldr	r1, [r2, #0]
10002980:	09da      	lsrs	r2, r3, #7
10002982:	3234      	adds	r2, #52	@ 0x34
10002984:	f003 037f 	and.w	r3, r3, #127	@ 0x7f
10002988:	eb02 0343 	add.w	r3, r2, r3, lsl #1
1000298c:	4418      	add	r0, r3
1000298e:	f000 badb 	b.w	10002f48 <tu_edpt_release>
10002992:	bf00      	nop
10002994:	20001298 	.word	0x20001298
10002998:	20001244 	.word	0x20001244

1000299c <usbd_edpt_xfer>:
1000299c:	b510      	push	{r4, lr}
1000299e:	4c19      	ldr	r4, [pc, #100]	@ (10002a04 <usbd_edpt_xfer+0x68>)
100029a0:	f001 0e7f 	and.w	lr, r1, #127	@ 0x7f
100029a4:	eb04 044e 	add.w	r4, r4, lr, lsl #1
100029a8:	eb04 14d1 	add.w	r4, r4, r1, lsr #7
100029ac:	f894 c034 	ldrb.w	ip, [r4, #52]	@ 0x34
100029b0:	4815      	ldr	r0, [pc, #84]	@ (10002a08 <usbd_edpt_xfer+0x6c>)
100029b2:	f01c 0f01 	tst.w	ip, #1
100029b6:	f104 0430 	add.w	r4, r4, #48	@ 0x30
100029ba:	7800      	ldrb	r0, [r0, #0]
100029bc:	d008      	beq.n	100029d0 <usbd_edpt_xfer+0x34>
100029be:	f04f 23e0 	mov.w	r3, #3758153728	@ 0xe000e000
100029c2:	f8d3 3df0 	ldr.w	r3, [r3, #3568]	@ 0xdf0
100029c6:	07da      	lsls	r2, r3, #31
100029c8:	d500      	bpl.n	100029cc <usbd_edpt_xfer+0x30>
100029ca:	be00      	bkpt	0x0000
100029cc:	2000      	movs	r0, #0
100029ce:	bd10      	pop	{r4, pc}
100029d0:	f894 c004 	ldrb.w	ip, [r4, #4]
100029d4:	f04c 0c01 	orr.w	ip, ip, #1
100029d8:	f884 c004 	strb.w	ip, [r4, #4]
100029dc:	f7ff fa96 	bl	10001f0c <dcd_edpt_xfer>
100029e0:	2800      	cmp	r0, #0
100029e2:	d1f4      	bne.n	100029ce <usbd_edpt_xfer+0x32>
100029e4:	f04f 21e0 	mov.w	r1, #3758153728	@ 0xe000e000
100029e8:	7922      	ldrb	r2, [r4, #4]
100029ea:	f360 0200 	bfi	r2, r0, #0, #1
100029ee:	7122      	strb	r2, [r4, #4]
100029f0:	7922      	ldrb	r2, [r4, #4]
100029f2:	f360 0282 	bfi	r2, r0, #2, #1
100029f6:	7122      	strb	r2, [r4, #4]
100029f8:	f8d1 3df0 	ldr.w	r3, [r1, #3568]	@ 0xdf0
100029fc:	07db      	lsls	r3, r3, #31
100029fe:	d5e5      	bpl.n	100029cc <usbd_edpt_xfer+0x30>
10002a00:	e7e3      	b.n	100029ca <usbd_edpt_xfer+0x2e>
10002a02:	bf00      	nop
10002a04:	20001244 	.word	0x20001244
10002a08:	20000e40 	.word	0x20000e40

10002a0c <tud_control_status>:
10002a0c:	b530      	push	{r4, r5, lr}
10002a0e:	4c0b      	ldr	r4, [pc, #44]	@ (10002a3c <tud_control_status+0x30>)
10002a10:	468c      	mov	ip, r1
10002a12:	46a6      	mov	lr, r4
10002a14:	4605      	mov	r5, r0
10002a16:	6808      	ldr	r0, [r1, #0]
10002a18:	6849      	ldr	r1, [r1, #4]
10002a1a:	2300      	movs	r3, #0
10002a1c:	e8ae 0003 	stmia.w	lr!, {r0, r1}
10002a20:	f89c 1000 	ldrb.w	r1, [ip]
10002a24:	4628      	mov	r0, r5
10002a26:	43c9      	mvns	r1, r1
10002a28:	e9c4 3302 	strd	r3, r3, [r4, #8]
10002a2c:	e8bd 4030 	ldmia.w	sp!, {r4, r5, lr}
10002a30:	461a      	mov	r2, r3
10002a32:	f001 0180 	and.w	r1, r1, #128	@ 0x80
10002a36:	f7ff bfb1 	b.w	1000299c <usbd_edpt_xfer>
10002a3a:	bf00      	nop
10002a3c:	200011c4 	.word	0x200011c4

10002a40 <tud_control_xfer>:
10002a40:	e92d 41f0 	stmdb	sp!, {r4, r5, r6, r7, r8, lr}
10002a44:	4f27      	ldr	r7, [pc, #156]	@ (10002ae4 <tud_control_xfer+0xa4>)
10002a46:	f04f 0800 	mov.w	r8, #0
10002a4a:	46be      	mov	lr, r7
10002a4c:	468c      	mov	ip, r1
10002a4e:	4606      	mov	r6, r0
10002a50:	6808      	ldr	r0, [r1, #0]
10002a52:	6849      	ldr	r1, [r1, #4]
10002a54:	60ba      	str	r2, [r7, #8]
10002a56:	e8ae 0003 	stmia.w	lr!, {r0, r1}
10002a5a:	f8a7 800e 	strh.w	r8, [r7, #14]
10002a5e:	4615      	mov	r5, r2
10002a60:	f8bc 2006 	ldrh.w	r2, [ip, #6]
10002a64:	4293      	cmp	r3, r2
10002a66:	bf28      	it	cs
10002a68:	4613      	movcs	r3, r2
10002a6a:	81bb      	strh	r3, [r7, #12]
10002a6c:	b19a      	cbz	r2, 10002a96 <tud_control_xfer+0x56>
10002a6e:	461c      	mov	r4, r3
10002a70:	b32b      	cbz	r3, 10002abe <tud_control_xfer+0x7e>
10002a72:	b1dd      	cbz	r5, 10002aac <tud_control_xfer+0x6c>
10002a74:	f997 3000 	ldrsb.w	r3, [r7]
10002a78:	2c40      	cmp	r4, #64	@ 0x40
10002a7a:	bf28      	it	cs
10002a7c:	2440      	movcs	r4, #64	@ 0x40
10002a7e:	2b00      	cmp	r3, #0
10002a80:	db28      	blt.n	10002ad4 <tud_control_xfer+0x94>
10002a82:	4641      	mov	r1, r8
10002a84:	4623      	mov	r3, r4
10002a86:	4630      	mov	r0, r6
10002a88:	4a17      	ldr	r2, [pc, #92]	@ (10002ae8 <tud_control_xfer+0xa8>)
10002a8a:	f7ff ff87 	bl	1000299c <usbd_edpt_xfer>
10002a8e:	b168      	cbz	r0, 10002aac <tud_control_xfer+0x6c>
10002a90:	2001      	movs	r0, #1
10002a92:	e8bd 81f0 	ldmia.w	sp!, {r4, r5, r6, r7, r8, pc}
10002a96:	f89c 1000 	ldrb.w	r1, [ip]
10002a9a:	4613      	mov	r3, r2
10002a9c:	43c9      	mvns	r1, r1
10002a9e:	4630      	mov	r0, r6
10002aa0:	f001 0180 	and.w	r1, r1, #128	@ 0x80
10002aa4:	f7ff ff7a 	bl	1000299c <usbd_edpt_xfer>
10002aa8:	2800      	cmp	r0, #0
10002aaa:	d1f1      	bne.n	10002a90 <tud_control_xfer+0x50>
10002aac:	f04f 23e0 	mov.w	r3, #3758153728	@ 0xe000e000
10002ab0:	f8d3 3df0 	ldr.w	r3, [r3, #3568]	@ 0xdf0
10002ab4:	07db      	lsls	r3, r3, #31
10002ab6:	d500      	bpl.n	10002aba <tud_control_xfer+0x7a>
10002ab8:	be00      	bkpt	0x0000
10002aba:	2000      	movs	r0, #0
10002abc:	e7e9      	b.n	10002a92 <tud_control_xfer+0x52>
10002abe:	461a      	mov	r2, r3
10002ac0:	7839      	ldrb	r1, [r7, #0]
10002ac2:	f001 0180 	and.w	r1, r1, #128	@ 0x80
10002ac6:	4623      	mov	r3, r4
10002ac8:	4630      	mov	r0, r6
10002aca:	f7ff ff67 	bl	1000299c <usbd_edpt_xfer>
10002ace:	2800      	cmp	r0, #0
10002ad0:	d1de      	bne.n	10002a90 <tud_control_xfer+0x50>
10002ad2:	e7eb      	b.n	10002aac <tud_control_xfer+0x6c>
10002ad4:	4622      	mov	r2, r4
10002ad6:	4629      	mov	r1, r5
10002ad8:	4803      	ldr	r0, [pc, #12]	@ (10002ae8 <tud_control_xfer+0xa8>)
10002ada:	f000 feed 	bl	100038b8 <memcpy>
10002ade:	2180      	movs	r1, #128	@ 0x80
10002ae0:	4a01      	ldr	r2, [pc, #4]	@ (10002ae8 <tud_control_xfer+0xa8>)
10002ae2:	e7f0      	b.n	10002ac6 <tud_control_xfer+0x86>
10002ae4:	200011c4 	.word	0x200011c4
10002ae8:	20001184 	.word	0x20001184

10002aec <usbd_control_reset>:
10002aec:	2200      	movs	r2, #0
10002aee:	4b03      	ldr	r3, [pc, #12]	@ (10002afc <usbd_control_reset+0x10>)
10002af0:	e9c3 2200 	strd	r2, r2, [r3]
10002af4:	e9c3 2202 	strd	r2, r2, [r3, #8]
10002af8:	611a      	str	r2, [r3, #16]
10002afa:	4770      	bx	lr
10002afc:	200011c4 	.word	0x200011c4

10002b00 <usbd_control_set_complete_callback>:
10002b00:	4b01      	ldr	r3, [pc, #4]	@ (10002b08 <usbd_control_set_complete_callback+0x8>)
10002b02:	6118      	str	r0, [r3, #16]
10002b04:	4770      	bx	lr
10002b06:	bf00      	nop
10002b08:	200011c4 	.word	0x200011c4

10002b0c <usbd_control_set_request>:
10002b0c:	b430      	push	{r4, r5}
10002b0e:	4602      	mov	r2, r0
10002b10:	4c04      	ldr	r4, [pc, #16]	@ (10002b24 <usbd_control_set_request+0x18>)
10002b12:	2500      	movs	r5, #0
10002b14:	4623      	mov	r3, r4
10002b16:	6800      	ldr	r0, [r0, #0]
10002b18:	6851      	ldr	r1, [r2, #4]
10002b1a:	e9c4 5502 	strd	r5, r5, [r4, #8]
10002b1e:	bc30      	pop	{r4, r5}
10002b20:	c303      	stmia	r3!, {r0, r1}
10002b22:	4770      	bx	lr
10002b24:	200011c4 	.word	0x200011c4

10002b28 <usbd_control_xfer_cb>:
10002b28:	b570      	push	{r4, r5, r6, lr}
10002b2a:	4c3c      	ldr	r4, [pc, #240]	@ (10002c1c <usbd_control_xfer_cb+0xf4>)
10002b2c:	09c9      	lsrs	r1, r1, #7
10002b2e:	7822      	ldrb	r2, [r4, #0]
10002b30:	4606      	mov	r6, r0
10002b32:	ebb1 1fd2 	cmp.w	r1, r2, lsr #7
10002b36:	461d      	mov	r5, r3
10002b38:	b082      	sub	sp, #8
10002b3a:	d017      	beq.n	10002b6c <usbd_control_xfer_cb+0x44>
10002b3c:	b153      	cbz	r3, 10002b54 <usbd_control_xfer_cb+0x2c>
10002b3e:	f04f 23e0 	mov.w	r3, #3758153728	@ 0xe000e000
10002b42:	f8d3 3df0 	ldr.w	r3, [r3, #3568]	@ 0xdf0
10002b46:	07db      	lsls	r3, r3, #31
10002b48:	d402      	bmi.n	10002b50 <usbd_control_xfer_cb+0x28>
10002b4a:	2000      	movs	r0, #0
10002b4c:	b002      	add	sp, #8
10002b4e:	bd70      	pop	{r4, r5, r6, pc}
10002b50:	be00      	bkpt	0x0000
10002b52:	e7fa      	b.n	10002b4a <usbd_control_xfer_cb+0x22>
10002b54:	4621      	mov	r1, r4
10002b56:	f7ff f945 	bl	10001de4 <dcd_edpt0_status_complete>
10002b5a:	6923      	ldr	r3, [r4, #16]
10002b5c:	b11b      	cbz	r3, 10002b66 <usbd_control_xfer_cb+0x3e>
10002b5e:	4622      	mov	r2, r4
10002b60:	2103      	movs	r1, #3
10002b62:	4630      	mov	r0, r6
10002b64:	4798      	blx	r3
10002b66:	2001      	movs	r0, #1
10002b68:	b002      	add	sp, #8
10002b6a:	bd70      	pop	{r4, r5, r6, pc}
10002b6c:	f994 3000 	ldrsb.w	r3, [r4]
10002b70:	68a0      	ldr	r0, [r4, #8]
10002b72:	2b00      	cmp	r3, #0
10002b74:	db05      	blt.n	10002b82 <usbd_control_xfer_cb+0x5a>
10002b76:	2800      	cmp	r0, #0
10002b78:	d0e7      	beq.n	10002b4a <usbd_control_xfer_cb+0x22>
10002b7a:	462a      	mov	r2, r5
10002b7c:	4928      	ldr	r1, [pc, #160]	@ (10002c20 <usbd_control_xfer_cb+0xf8>)
10002b7e:	f000 fe9b 	bl	100038b8 <memcpy>
10002b82:	89e0      	ldrh	r0, [r4, #14]
10002b84:	68a1      	ldr	r1, [r4, #8]
10002b86:	88e3      	ldrh	r3, [r4, #6]
10002b88:	4428      	add	r0, r5
10002b8a:	b280      	uxth	r0, r0
10002b8c:	4429      	add	r1, r5
10002b8e:	4283      	cmp	r3, r0
10002b90:	81e0      	strh	r0, [r4, #14]
10002b92:	60a1      	str	r1, [r4, #8]
10002b94:	d016      	beq.n	10002bc4 <usbd_control_xfer_cb+0x9c>
10002b96:	2d3f      	cmp	r5, #63	@ 0x3f
10002b98:	d914      	bls.n	10002bc4 <usbd_control_xfer_cb+0x9c>
10002b9a:	89a2      	ldrh	r2, [r4, #12]
10002b9c:	f994 4000 	ldrsb.w	r4, [r4]
10002ba0:	1a13      	subs	r3, r2, r0
10002ba2:	b29b      	uxth	r3, r3
10002ba4:	2b40      	cmp	r3, #64	@ 0x40
10002ba6:	bf28      	it	cs
10002ba8:	2340      	movcs	r3, #64	@ 0x40
10002baa:	2c00      	cmp	r4, #0
10002bac:	db26      	blt.n	10002bfc <usbd_control_xfer_cb+0xd4>
10002bae:	4290      	cmp	r0, r2
10002bb0:	f04f 0100 	mov.w	r1, #0
10002bb4:	d030      	beq.n	10002c18 <usbd_control_xfer_cb+0xf0>
10002bb6:	4a1a      	ldr	r2, [pc, #104]	@ (10002c20 <usbd_control_xfer_cb+0xf8>)
10002bb8:	4630      	mov	r0, r6
10002bba:	f7ff feef 	bl	1000299c <usbd_edpt_xfer>
10002bbe:	2800      	cmp	r0, #0
10002bc0:	d1d1      	bne.n	10002b66 <usbd_control_xfer_cb+0x3e>
10002bc2:	e7bc      	b.n	10002b3e <usbd_control_xfer_cb+0x16>
10002bc4:	6923      	ldr	r3, [r4, #16]
10002bc6:	b123      	cbz	r3, 10002bd2 <usbd_control_xfer_cb+0xaa>
10002bc8:	2102      	movs	r1, #2
10002bca:	4630      	mov	r0, r6
10002bcc:	4a13      	ldr	r2, [pc, #76]	@ (10002c1c <usbd_control_xfer_cb+0xf4>)
10002bce:	4798      	blx	r3
10002bd0:	b158      	cbz	r0, 10002bea <usbd_control_xfer_cb+0xc2>
10002bd2:	7821      	ldrb	r1, [r4, #0]
10002bd4:	2300      	movs	r3, #0
10002bd6:	43c9      	mvns	r1, r1
10002bd8:	4630      	mov	r0, r6
10002bda:	461a      	mov	r2, r3
10002bdc:	f001 0180 	and.w	r1, r1, #128	@ 0x80
10002be0:	f7ff fedc 	bl	1000299c <usbd_edpt_xfer>
10002be4:	2800      	cmp	r0, #0
10002be6:	d1be      	bne.n	10002b66 <usbd_control_xfer_cb+0x3e>
10002be8:	e7a9      	b.n	10002b3e <usbd_control_xfer_cb+0x16>
10002bea:	4601      	mov	r1, r0
10002bec:	4630      	mov	r0, r6
10002bee:	f7ff f9a1 	bl	10001f34 <dcd_edpt_stall>
10002bf2:	2180      	movs	r1, #128	@ 0x80
10002bf4:	4630      	mov	r0, r6
10002bf6:	f7ff f99d 	bl	10001f34 <dcd_edpt_stall>
10002bfa:	e7b4      	b.n	10002b66 <usbd_control_xfer_cb+0x3e>
10002bfc:	4290      	cmp	r0, r2
10002bfe:	d008      	beq.n	10002c12 <usbd_control_xfer_cb+0xea>
10002c00:	461a      	mov	r2, r3
10002c02:	4807      	ldr	r0, [pc, #28]	@ (10002c20 <usbd_control_xfer_cb+0xf8>)
10002c04:	9301      	str	r3, [sp, #4]
10002c06:	f000 fe57 	bl	100038b8 <memcpy>
10002c0a:	2180      	movs	r1, #128	@ 0x80
10002c0c:	4a04      	ldr	r2, [pc, #16]	@ (10002c20 <usbd_control_xfer_cb+0xf8>)
10002c0e:	9b01      	ldr	r3, [sp, #4]
10002c10:	e7d2      	b.n	10002bb8 <usbd_control_xfer_cb+0x90>
10002c12:	2180      	movs	r1, #128	@ 0x80
10002c14:	2200      	movs	r2, #0
10002c16:	e7cf      	b.n	10002bb8 <usbd_control_xfer_cb+0x90>
10002c18:	460a      	mov	r2, r1
10002c1a:	e7cd      	b.n	10002bb8 <usbd_control_xfer_cb+0x90>
10002c1c:	200011c4 	.word	0x200011c4
10002c20:	20001184 	.word	0x20001184

10002c24 <tud_vendor_n_available>:
10002c24:	b108      	cbz	r0, 10002c2a <tud_vendor_n_available+0x6>
10002c26:	2000      	movs	r0, #0
10002c28:	4770      	bx	lr
10002c2a:	b508      	push	{r3, lr}
10002c2c:	4801      	ldr	r0, [pc, #4]	@ (10002c34 <tud_vendor_n_available+0x10>)
10002c2e:	f000 fbe9 	bl	10003404 <tu_fifo_count>
10002c32:	bd08      	pop	{r3, pc}
10002c34:	20001450 	.word	0x20001450

10002c38 <tud_vendor_n_read>:
10002c38:	b108      	cbz	r0, 10002c3e <tud_vendor_n_read+0x6>
10002c3a:	2000      	movs	r0, #0
10002c3c:	4770      	bx	lr
10002c3e:	4613      	mov	r3, r2
10002c40:	460a      	mov	r2, r1
10002c42:	4901      	ldr	r1, [pc, #4]	@ (10002c48 <tud_vendor_n_read+0x10>)
10002c44:	f000 bb4c 	b.w	100032e0 <tu_edpt_stream_read>
10002c48:	20001448 	.word	0x20001448

10002c4c <tud_vendor_n_write>:
10002c4c:	4613      	mov	r3, r2
10002c4e:	b108      	cbz	r0, 10002c54 <tud_vendor_n_write+0x8>
10002c50:	2000      	movs	r0, #0
10002c52:	4770      	bx	lr
10002c54:	460a      	mov	r2, r1
10002c56:	b29b      	uxth	r3, r3
10002c58:	4901      	ldr	r1, [pc, #4]	@ (10002c60 <tud_vendor_n_write+0x14>)
10002c5a:	f000 ba89 	b.w	10003170 <tu_edpt_stream_write>
10002c5e:	bf00      	nop
10002c60:	200013e4 	.word	0x200013e4

10002c64 <tud_vendor_n_write_flush>:
10002c64:	b108      	cbz	r0, 10002c6a <tud_vendor_n_write_flush+0x6>
10002c66:	2000      	movs	r0, #0
10002c68:	4770      	bx	lr
10002c6a:	4901      	ldr	r1, [pc, #4]	@ (10002c70 <tud_vendor_n_write_flush+0xc>)
10002c6c:	f000 ba48 	b.w	10003100 <tu_edpt_stream_write_xfer>
10002c70:	200013e4 	.word	0x200013e4

10002c74 <vendord_init>:
10002c74:	b570      	push	{r4, r5, r6, lr}
10002c76:	4c12      	ldr	r4, [pc, #72]	@ (10002cc0 <vendord_init+0x4c>)
10002c78:	b084      	sub	sp, #16
10002c7a:	22cc      	movs	r2, #204	@ 0xcc
10002c7c:	2100      	movs	r1, #0
10002c7e:	4620      	mov	r0, r4
10002c80:	f000 fdc8 	bl	10003814 <memset>
10002c84:	2540      	movs	r5, #64	@ 0x40
10002c86:	2300      	movs	r3, #0
10002c88:	4e0e      	ldr	r6, [pc, #56]	@ (10002cc4 <vendord_init+0x50>)
10002c8a:	f104 028c 	add.w	r2, r4, #140	@ 0x8c
10002c8e:	4619      	mov	r1, r3
10002c90:	e9cd 6502 	strd	r6, r5, [sp, #8]
10002c94:	e9cd 2500 	strd	r2, r5, [sp]
10002c98:	f104 0068 	add.w	r0, r4, #104	@ 0x68
10002c9c:	461a      	mov	r2, r3
10002c9e:	f000 f9cd 	bl	1000303c <tu_edpt_stream_init>
10002ca2:	2300      	movs	r3, #0
10002ca4:	f104 0128 	add.w	r1, r4, #40	@ 0x28
10002ca8:	442e      	add	r6, r5
10002caa:	9100      	str	r1, [sp, #0]
10002cac:	2201      	movs	r2, #1
10002cae:	4619      	mov	r1, r3
10002cb0:	e9cd 6502 	strd	r6, r5, [sp, #8]
10002cb4:	9501      	str	r5, [sp, #4]
10002cb6:	1d20      	adds	r0, r4, #4
10002cb8:	f000 f9c0 	bl	1000303c <tu_edpt_stream_init>
10002cbc:	b004      	add	sp, #16
10002cbe:	bd70      	pop	{r4, r5, r6, pc}
10002cc0:	200013e0 	.word	0x200013e0
10002cc4:	20001360 	.word	0x20001360

10002cc8 <vendord_deinit>:
10002cc8:	b510      	push	{r4, lr}
10002cca:	4c05      	ldr	r4, [pc, #20]	@ (10002ce0 <vendord_deinit+0x18>)
10002ccc:	4620      	mov	r0, r4
10002cce:	f000 f9e1 	bl	10003094 <tu_edpt_stream_deinit>
10002cd2:	f1a4 0064 	sub.w	r0, r4, #100	@ 0x64
10002cd6:	f000 f9dd 	bl	10003094 <tu_edpt_stream_deinit>
10002cda:	2001      	movs	r0, #1
10002cdc:	bd10      	pop	{r4, pc}
10002cde:	bf00      	nop
10002ce0:	20001448 	.word	0x20001448

10002ce4 <vendord_reset>:
10002ce4:	b538      	push	{r3, r4, r5, lr}
10002ce6:	4c07      	ldr	r4, [pc, #28]	@ (10002d04 <vendord_reset+0x20>)
10002ce8:	2500      	movs	r5, #0
10002cea:	4620      	mov	r0, r4
10002cec:	f800 5b70 	strb.w	r5, [r0], #112
10002cf0:	f000 fd5c 	bl	100037ac <tu_fifo_clear>
10002cf4:	f104 000c 	add.w	r0, r4, #12
10002cf8:	f000 fd58 	bl	100037ac <tu_fifo_clear>
10002cfc:	f884 5069 	strb.w	r5, [r4, #105]	@ 0x69
10002d00:	7165      	strb	r5, [r4, #5]
10002d02:	bd38      	pop	{r3, r4, r5, pc}
10002d04:	200013e0 	.word	0x200013e0

10002d08 <vendord_open>:
10002d08:	e92d 4ff8 	stmdb	sp!, {r3, r4, r5, r6, r7, r8, r9, sl, fp, lr}
10002d0c:	794b      	ldrb	r3, [r1, #5]
10002d0e:	2bff      	cmp	r3, #255	@ 0xff
10002d10:	d002      	beq.n	10002d18 <vendord_open+0x10>
10002d12:	2000      	movs	r0, #0
10002d14:	e8bd 8ff8 	ldmia.w	sp!, {r3, r4, r5, r6, r7, r8, r9, sl, fp, pc}
10002d18:	4d39      	ldr	r5, [pc, #228]	@ (10002e00 <vendord_open+0xf8>)
10002d1a:	460e      	mov	r6, r1
10002d1c:	f895 3069 	ldrb.w	r3, [r5, #105]	@ 0x69
10002d20:	780c      	ldrb	r4, [r1, #0]
10002d22:	2b00      	cmp	r3, #0
10002d24:	d1f5      	bne.n	10002d12 <vendord_open+0xa>
10002d26:	796f      	ldrb	r7, [r5, #5]
10002d28:	2f00      	cmp	r7, #0
10002d2a:	d1f2      	bne.n	10002d12 <vendord_open+0xa>
10002d2c:	788b      	ldrb	r3, [r1, #2]
10002d2e:	440c      	add	r4, r1
10002d30:	702b      	strb	r3, [r5, #0]
10002d32:	790b      	ldrb	r3, [r1, #4]
10002d34:	2b00      	cmp	r3, #0
10002d36:	d03e      	beq.n	10002db6 <vendord_open+0xae>
10002d38:	4680      	mov	r8, r0
10002d3a:	eb04 0b02 	add.w	fp, r4, r2
10002d3e:	f105 0a70 	add.w	sl, r5, #112	@ 0x70
10002d42:	f105 0968 	add.w	r9, r5, #104	@ 0x68
10002d46:	7863      	ldrb	r3, [r4, #1]
10002d48:	2b05      	cmp	r3, #5
10002d4a:	d009      	beq.n	10002d60 <vendord_open+0x58>
10002d4c:	45a3      	cmp	fp, r4
10002d4e:	d802      	bhi.n	10002d56 <vendord_open+0x4e>
10002d50:	e031      	b.n	10002db6 <vendord_open+0xae>
10002d52:	455c      	cmp	r4, fp
10002d54:	d22f      	bcs.n	10002db6 <vendord_open+0xae>
10002d56:	7823      	ldrb	r3, [r4, #0]
10002d58:	441c      	add	r4, r3
10002d5a:	7863      	ldrb	r3, [r4, #1]
10002d5c:	2b05      	cmp	r3, #5
10002d5e:	d1f8      	bne.n	10002d52 <vendord_open+0x4a>
10002d60:	45a3      	cmp	fp, r4
10002d62:	d928      	bls.n	10002db6 <vendord_open+0xae>
10002d64:	4621      	mov	r1, r4
10002d66:	4640      	mov	r0, r8
10002d68:	f7ff fdd2 	bl	10002910 <usbd_edpt_open>
10002d6c:	2800      	cmp	r0, #0
10002d6e:	d03e      	beq.n	10002dee <vendord_open+0xe6>
10002d70:	78a3      	ldrb	r3, [r4, #2]
10002d72:	09db      	lsrs	r3, r3, #7
10002d74:	d123      	bne.n	10002dbe <vendord_open+0xb6>
10002d76:	4650      	mov	r0, sl
10002d78:	f000 fd18 	bl	100037ac <tu_fifo_clear>
10002d7c:	78a3      	ldrb	r3, [r4, #2]
10002d7e:	f895 1068 	ldrb.w	r1, [r5, #104]	@ 0x68
10002d82:	f885 3069 	strb.w	r3, [r5, #105]	@ 0x69
10002d86:	88a3      	ldrh	r3, [r4, #4]
10002d88:	4640      	mov	r0, r8
10002d8a:	f3c3 030a 	ubfx	r3, r3, #0, #11
10002d8e:	f5a3 7300 	sub.w	r3, r3, #512	@ 0x200
10002d92:	fab3 f383 	clz	r3, r3
10002d96:	095b      	lsrs	r3, r3, #5
10002d98:	f363 0141 	bfi	r1, r3, #1, #1
10002d9c:	f885 1068 	strb.w	r1, [r5, #104]	@ 0x68
10002da0:	4649      	mov	r1, r9
10002da2:	f000 fa35 	bl	10003210 <tu_edpt_stream_read_xfer>
10002da6:	b310      	cbz	r0, 10002dee <vendord_open+0xe6>
10002da8:	7823      	ldrb	r3, [r4, #0]
10002daa:	7931      	ldrb	r1, [r6, #4]
10002dac:	3701      	adds	r7, #1
10002dae:	441c      	add	r4, r3
10002db0:	b2fb      	uxtb	r3, r7
10002db2:	4299      	cmp	r1, r3
10002db4:	d8c7      	bhi.n	10002d46 <vendord_open+0x3e>
10002db6:	1ba1      	subs	r1, r4, r6
10002db8:	b288      	uxth	r0, r1
10002dba:	e8bd 8ff8 	ldmia.w	sp!, {r3, r4, r5, r6, r7, r8, r9, sl, fp, pc}
10002dbe:	4811      	ldr	r0, [pc, #68]	@ (10002e04 <vendord_open+0xfc>)
10002dc0:	f000 fcf4 	bl	100037ac <tu_fifo_clear>
10002dc4:	78a3      	ldrb	r3, [r4, #2]
10002dc6:	f895 c004 	ldrb.w	ip, [r5, #4]
10002dca:	716b      	strb	r3, [r5, #5]
10002dcc:	88a3      	ldrh	r3, [r4, #4]
10002dce:	490e      	ldr	r1, [pc, #56]	@ (10002e08 <vendord_open+0x100>)
10002dd0:	f3c3 030a 	ubfx	r3, r3, #0, #11
10002dd4:	f5a3 7300 	sub.w	r3, r3, #512	@ 0x200
10002dd8:	fab3 f383 	clz	r3, r3
10002ddc:	095b      	lsrs	r3, r3, #5
10002dde:	f363 0c41 	bfi	ip, r3, #1, #1
10002de2:	2000      	movs	r0, #0
10002de4:	f885 c004 	strb.w	ip, [r5, #4]
10002de8:	f000 f98a 	bl	10003100 <tu_edpt_stream_write_xfer>
10002dec:	e7dc      	b.n	10002da8 <vendord_open+0xa0>
10002dee:	f04f 23e0 	mov.w	r3, #3758153728	@ 0xe000e000
10002df2:	f8d3 3df0 	ldr.w	r3, [r3, #3568]	@ 0xdf0
10002df6:	07db      	lsls	r3, r3, #31
10002df8:	d58b      	bpl.n	10002d12 <vendord_open+0xa>
10002dfa:	be00      	bkpt	0x0000
10002dfc:	e789      	b.n	10002d12 <vendord_open+0xa>
10002dfe:	bf00      	nop
10002e00:	200013e0 	.word	0x200013e0
10002e04:	200013ec 	.word	0x200013ec
10002e08:	200013e4 	.word	0x200013e4

10002e0c <vendord_xfer_cb>:
10002e0c:	b570      	push	{r4, r5, r6, lr}
10002e0e:	4c1b      	ldr	r4, [pc, #108]	@ (10002e7c <vendord_xfer_cb+0x70>)
10002e10:	4606      	mov	r6, r0
10002e12:	f894 c069 	ldrb.w	ip, [r4, #105]	@ 0x69
10002e16:	461d      	mov	r5, r3
10002e18:	458c      	cmp	ip, r1
10002e1a:	7962      	ldrb	r2, [r4, #5]
10002e1c:	d004      	beq.n	10002e28 <vendord_xfer_cb+0x1c>
10002e1e:	428a      	cmp	r2, r1
10002e20:	bf18      	it	ne
10002e22:	2000      	movne	r0, #0
10002e24:	d017      	beq.n	10002e56 <vendord_xfer_cb+0x4a>
10002e26:	bd70      	pop	{r4, r5, r6, pc}
10002e28:	f8b4 3074 	ldrh.w	r3, [r4, #116]	@ 0x74
10002e2c:	b963      	cbnz	r3, 10002e48 <vendord_xfer_cb+0x3c>
10002e2e:	4b14      	ldr	r3, [pc, #80]	@ (10002e80 <vendord_xfer_cb+0x74>)
10002e30:	b123      	cbz	r3, 10002e3c <vendord_xfer_cb+0x30>
10002e32:	2000      	movs	r0, #0
10002e34:	4913      	ldr	r1, [pc, #76]	@ (10002e84 <vendord_xfer_cb+0x78>)
10002e36:	b2aa      	uxth	r2, r5
10002e38:	f3af 8000 	nop.w
10002e3c:	4630      	mov	r0, r6
10002e3e:	4912      	ldr	r1, [pc, #72]	@ (10002e88 <vendord_xfer_cb+0x7c>)
10002e40:	f000 f9e6 	bl	10003210 <tu_edpt_stream_read_xfer>
10002e44:	2001      	movs	r0, #1
10002e46:	bd70      	pop	{r4, r5, r6, pc}
10002e48:	6ee1      	ldr	r1, [r4, #108]	@ 0x6c
10002e4a:	b2aa      	uxth	r2, r5
10002e4c:	f104 0070 	add.w	r0, r4, #112	@ 0x70
10002e50:	f000 fc00 	bl	10003654 <tu_fifo_write_n>
10002e54:	e7eb      	b.n	10002e2e <vendord_xfer_cb+0x22>
10002e56:	4b0d      	ldr	r3, [pc, #52]	@ (10002e8c <vendord_xfer_cb+0x80>)
10002e58:	b11b      	cbz	r3, 10002e62 <vendord_xfer_cb+0x56>
10002e5a:	2000      	movs	r0, #0
10002e5c:	b2a9      	uxth	r1, r5
10002e5e:	f3af 8000 	nop.w
10002e62:	4630      	mov	r0, r6
10002e64:	490a      	ldr	r1, [pc, #40]	@ (10002e90 <vendord_xfer_cb+0x84>)
10002e66:	f000 f94b 	bl	10003100 <tu_edpt_stream_write_xfer>
10002e6a:	2800      	cmp	r0, #0
10002e6c:	d1ea      	bne.n	10002e44 <vendord_xfer_cb+0x38>
10002e6e:	462a      	mov	r2, r5
10002e70:	4630      	mov	r0, r6
10002e72:	4907      	ldr	r1, [pc, #28]	@ (10002e90 <vendord_xfer_cb+0x84>)
10002e74:	f000 f910 	bl	10003098 <tu_edpt_stream_write_zlp_if_needed>
10002e78:	e7e4      	b.n	10002e44 <vendord_xfer_cb+0x38>
10002e7a:	bf00      	nop
10002e7c:	200013e0 	.word	0x200013e0
10002e80:	00000000 	.word	0x00000000
10002e84:	20001360 	.word	0x20001360
10002e88:	20001448 	.word	0x20001448
10002e8c:	00000000 	.word	0x00000000
10002e90:	200013e4 	.word	0x200013e4

10002e94 <tusb_rhport_init>:
10002e94:	b510      	push	{r4, lr}
10002e96:	b082      	sub	sp, #8
10002e98:	b1b9      	cbz	r1, 10002eca <tusb_rhport_init+0x36>
10002e9a:	2801      	cmp	r0, #1
10002e9c:	d80c      	bhi.n	10002eb8 <tusb_rhport_init+0x24>
10002e9e:	780b      	ldrb	r3, [r1, #0]
10002ea0:	b153      	cbz	r3, 10002eb8 <tusb_rhport_init+0x24>
10002ea2:	4c13      	ldr	r4, [pc, #76]	@ (10002ef0 <tusb_rhport_init+0x5c>)
10002ea4:	2b01      	cmp	r3, #1
10002ea6:	5423      	strb	r3, [r4, r0]
10002ea8:	d002      	beq.n	10002eb0 <tusb_rhport_init+0x1c>
10002eaa:	2001      	movs	r0, #1
10002eac:	b002      	add	sp, #8
10002eae:	bd10      	pop	{r4, pc}
10002eb0:	f7ff f906 	bl	100020c0 <tud_rhport_init>
10002eb4:	2800      	cmp	r0, #0
10002eb6:	d1f8      	bne.n	10002eaa <tusb_rhport_init+0x16>
10002eb8:	f04f 23e0 	mov.w	r3, #3758153728	@ 0xe000e000
10002ebc:	f8d3 3df0 	ldr.w	r3, [r3, #3568]	@ 0xdf0
10002ec0:	07db      	lsls	r3, r3, #31
10002ec2:	d500      	bpl.n	10002ec6 <tusb_rhport_init+0x32>
10002ec4:	be00      	bkpt	0x0000
10002ec6:	2000      	movs	r0, #0
10002ec8:	e7f0      	b.n	10002eac <tusb_rhport_init+0x18>
10002eca:	2401      	movs	r4, #1
10002ecc:	4608      	mov	r0, r1
10002ece:	a901      	add	r1, sp, #4
10002ed0:	f8ad 4004 	strh.w	r4, [sp, #4]
10002ed4:	f7ff f8f4 	bl	100020c0 <tud_rhport_init>
10002ed8:	b938      	cbnz	r0, 10002eea <tusb_rhport_init+0x56>
10002eda:	f04f 23e0 	mov.w	r3, #3758153728	@ 0xe000e000
10002ede:	f8d3 3df0 	ldr.w	r3, [r3, #3568]	@ 0xdf0
10002ee2:	07da      	lsls	r2, r3, #31
10002ee4:	d5e2      	bpl.n	10002eac <tusb_rhport_init+0x18>
10002ee6:	be00      	bkpt	0x0000
10002ee8:	e7e0      	b.n	10002eac <tusb_rhport_init+0x18>
10002eea:	4b01      	ldr	r3, [pc, #4]	@ (10002ef0 <tusb_rhport_init+0x5c>)
10002eec:	701c      	strb	r4, [r3, #0]
10002eee:	e7dd      	b.n	10002eac <tusb_rhport_init+0x18>
10002ef0:	20001238 	.word	0x20001238

10002ef4 <tu_edpt_claim>:
10002ef4:	b5f8      	push	{r3, r4, r5, r6, r7, lr}
10002ef6:	7803      	ldrb	r3, [r0, #0]
10002ef8:	f013 0401 	ands.w	r4, r3, #1
10002efc:	d11a      	bne.n	10002f34 <tu_edpt_claim+0x40>
10002efe:	7803      	ldrb	r3, [r0, #0]
10002f00:	4605      	mov	r5, r0
10002f02:	075a      	lsls	r2, r3, #29
10002f04:	f3c3 0780 	ubfx	r7, r3, #2, #1
10002f08:	d501      	bpl.n	10002f0e <tu_edpt_claim+0x1a>
10002f0a:	4620      	mov	r0, r4
10002f0c:	bdf8      	pop	{r3, r4, r5, r6, r7, pc}
10002f0e:	460e      	mov	r6, r1
10002f10:	f04f 31ff 	mov.w	r1, #4294967295	@ 0xffffffff
10002f14:	4630      	mov	r0, r6
10002f16:	f000 fdcf 	bl	10003ab8 <__mutex_enter_timeout_ms_veneer>
10002f1a:	782b      	ldrb	r3, [r5, #0]
10002f1c:	f013 0401 	ands.w	r4, r3, #1
10002f20:	d10b      	bne.n	10002f3a <tu_edpt_claim+0x46>
10002f22:	782b      	ldrb	r3, [r5, #0]
10002f24:	075b      	lsls	r3, r3, #29
10002f26:	d409      	bmi.n	10002f3c <tu_edpt_claim+0x48>
10002f28:	782b      	ldrb	r3, [r5, #0]
10002f2a:	2401      	movs	r4, #1
10002f2c:	f043 0304 	orr.w	r3, r3, #4
10002f30:	702b      	strb	r3, [r5, #0]
10002f32:	e003      	b.n	10002f3c <tu_edpt_claim+0x48>
10002f34:	2400      	movs	r4, #0
10002f36:	4620      	mov	r0, r4
10002f38:	bdf8      	pop	{r3, r4, r5, r6, r7, pc}
10002f3a:	463c      	mov	r4, r7
10002f3c:	4630      	mov	r0, r6
10002f3e:	f000 fdc3 	bl	10003ac8 <__mutex_exit_veneer>
10002f42:	4620      	mov	r0, r4
10002f44:	bdf8      	pop	{r3, r4, r5, r6, r7, pc}
10002f46:	bf00      	nop

10002f48 <tu_edpt_release>:
10002f48:	b570      	push	{r4, r5, r6, lr}
10002f4a:	460c      	mov	r4, r1
10002f4c:	4605      	mov	r5, r0
10002f4e:	f04f 31ff 	mov.w	r1, #4294967295	@ 0xffffffff
10002f52:	4620      	mov	r0, r4
10002f54:	f000 fdb0 	bl	10003ab8 <__mutex_enter_timeout_ms_veneer>
10002f58:	782b      	ldrb	r3, [r5, #0]
10002f5a:	f3c3 0680 	ubfx	r6, r3, #2, #1
10002f5e:	075b      	lsls	r3, r3, #29
10002f60:	d508      	bpl.n	10002f74 <tu_edpt_release+0x2c>
10002f62:	782b      	ldrb	r3, [r5, #0]
10002f64:	f013 0301 	ands.w	r3, r3, #1
10002f68:	bf11      	iteee	ne
10002f6a:	2600      	movne	r6, #0
10002f6c:	782a      	ldrbeq	r2, [r5, #0]
10002f6e:	f363 0282 	bfieq	r2, r3, #2, #1
10002f72:	702a      	strbeq	r2, [r5, #0]
10002f74:	4620      	mov	r0, r4
10002f76:	f000 fda7 	bl	10003ac8 <__mutex_exit_veneer>
10002f7a:	4630      	mov	r0, r6
10002f7c:	bd70      	pop	{r4, r5, r6, pc}
10002f7e:	bf00      	nop

10002f80 <tu_edpt_validate>:
10002f80:	78c3      	ldrb	r3, [r0, #3]
10002f82:	8882      	ldrh	r2, [r0, #4]
10002f84:	f003 0003 	and.w	r0, r3, #3
10002f88:	2802      	cmp	r0, #2
10002f8a:	f3c2 020a 	ubfx	r2, r2, #0, #11
10002f8e:	d01f      	beq.n	10002fd0 <tu_edpt_validate+0x50>
10002f90:	2803      	cmp	r0, #3
10002f92:	d003      	beq.n	10002f9c <tu_edpt_validate+0x1c>
10002f94:	2801      	cmp	r0, #1
10002f96:	d00a      	beq.n	10002fae <tu_edpt_validate+0x2e>
10002f98:	2000      	movs	r0, #0
10002f9a:	4770      	bx	lr
10002f9c:	2902      	cmp	r1, #2
10002f9e:	bf14      	ite	ne
10002fa0:	2340      	movne	r3, #64	@ 0x40
10002fa2:	f44f 6380 	moveq.w	r3, #1024	@ 0x400
10002fa6:	4293      	cmp	r3, r2
10002fa8:	d309      	bcc.n	10002fbe <tu_edpt_validate+0x3e>
10002faa:	2001      	movs	r0, #1
10002fac:	4770      	bx	lr
10002fae:	2902      	cmp	r1, #2
10002fb0:	f240 33ff 	movw	r3, #1023	@ 0x3ff
10002fb4:	bf08      	it	eq
10002fb6:	f44f 6380 	moveq.w	r3, #1024	@ 0x400
10002fba:	4293      	cmp	r3, r2
10002fbc:	d2f6      	bcs.n	10002fac <tu_edpt_validate+0x2c>
10002fbe:	f04f 23e0 	mov.w	r3, #3758153728	@ 0xe000e000
10002fc2:	f8d3 3df0 	ldr.w	r3, [r3, #3568]	@ 0xdf0
10002fc6:	07db      	lsls	r3, r3, #31
10002fc8:	d5e6      	bpl.n	10002f98 <tu_edpt_validate+0x18>
10002fca:	be00      	bkpt	0x0000
10002fcc:	2000      	movs	r0, #0
10002fce:	4770      	bx	lr
10002fd0:	2902      	cmp	r1, #2
10002fd2:	d002      	beq.n	10002fda <tu_edpt_validate+0x5a>
10002fd4:	2a40      	cmp	r2, #64	@ 0x40
10002fd6:	d9e8      	bls.n	10002faa <tu_edpt_validate+0x2a>
10002fd8:	e7f1      	b.n	10002fbe <tu_edpt_validate+0x3e>
10002fda:	f5b2 7f00 	cmp.w	r2, #512	@ 0x200
10002fde:	d0e4      	beq.n	10002faa <tu_edpt_validate+0x2a>
10002fe0:	e7ed      	b.n	10002fbe <tu_edpt_validate+0x3e>
10002fe2:	bf00      	nop

10002fe4 <tu_edpt_bind_driver>:
10002fe4:	440a      	add	r2, r1
10002fe6:	4291      	cmp	r1, r2
10002fe8:	d226      	bcs.n	10003038 <tu_edpt_bind_driver+0x54>
10002fea:	f891 c001 	ldrb.w	ip, [r1, #1]
10002fee:	f1bc 0f05 	cmp.w	ip, #5
10002ff2:	d005      	beq.n	10003000 <tu_edpt_bind_driver+0x1c>
10002ff4:	f891 c000 	ldrb.w	ip, [r1]
10002ff8:	4461      	add	r1, ip
10002ffa:	428a      	cmp	r2, r1
10002ffc:	d8f5      	bhi.n	10002fea <tu_edpt_bind_driver+0x6>
10002ffe:	4770      	bx	lr
10003000:	b500      	push	{lr}
10003002:	f891 c002 	ldrb.w	ip, [r1, #2]
10003006:	f00c 0e7f 	and.w	lr, ip, #127	@ 0x7f
1000300a:	eb00 0e4e 	add.w	lr, r0, lr, lsl #1
1000300e:	ea4f 1cdc 	mov.w	ip, ip, lsr #7
10003012:	f80e 300c 	strb.w	r3, [lr, ip]
10003016:	f891 c000 	ldrb.w	ip, [r1]
1000301a:	4461      	add	r1, ip
1000301c:	428a      	cmp	r2, r1
1000301e:	d909      	bls.n	10003034 <tu_edpt_bind_driver+0x50>
10003020:	f891 c001 	ldrb.w	ip, [r1, #1]
10003024:	f1bc 0f05 	cmp.w	ip, #5
10003028:	d0eb      	beq.n	10003002 <tu_edpt_bind_driver+0x1e>
1000302a:	f891 c000 	ldrb.w	ip, [r1]
1000302e:	4461      	add	r1, ip
10003030:	428a      	cmp	r2, r1
10003032:	d8f5      	bhi.n	10003020 <tu_edpt_bind_driver+0x3c>
10003034:	f85d fb04 	ldr.w	pc, [sp], #4
10003038:	4770      	bx	lr
1000303a:	bf00      	nop

1000303c <tu_edpt_stream_init>:
1000303c:	e92d 41f0 	stmdb	sp!, {r4, r5, r6, r7, r8, lr}
10003040:	468e      	mov	lr, r1
10003042:	b082      	sub	sp, #8
10003044:	9300      	str	r3, [sp, #0]
10003046:	f890 c000 	ldrb.w	ip, [r0]
1000304a:	9e08      	ldr	r6, [sp, #32]
1000304c:	f8bd 7024 	ldrh.w	r7, [sp, #36]	@ 0x24
10003050:	f36e 0c00 	bfi	ip, lr, #0, #1
10003054:	4604      	mov	r4, r0
10003056:	4615      	mov	r5, r2
10003058:	2301      	movs	r3, #1
1000305a:	4631      	mov	r1, r6
1000305c:	463a      	mov	r2, r7
1000305e:	f800 cb08 	strb.w	ip, [r0], #8
10003062:	f8bd 802c 	ldrh.w	r8, [sp, #44]	@ 0x2c
10003066:	f000 f99d 	bl	100033a4 <tu_fifo_config>
1000306a:	b106      	cbz	r6, 1000306e <tu_edpt_stream_init+0x32>
1000306c:	b93f      	cbnz	r7, 1000307e <tu_edpt_stream_init+0x42>
1000306e:	2001      	movs	r0, #1
10003070:	9b0a      	ldr	r3, [sp, #40]	@ 0x28
10003072:	f8a4 8002 	strh.w	r8, [r4, #2]
10003076:	6063      	str	r3, [r4, #4]
10003078:	b002      	add	sp, #8
1000307a:	e8bd 81f0 	ldmia.w	sp!, {r4, r5, r6, r7, r8, pc}
1000307e:	f104 061c 	add.w	r6, r4, #28
10003082:	4630      	mov	r0, r6
10003084:	f7fd fd28 	bl	10000ad8 <mutex_init>
10003088:	b10d      	cbz	r5, 1000308e <tu_edpt_stream_init+0x52>
1000308a:	4635      	mov	r5, r6
1000308c:	2600      	movs	r6, #0
1000308e:	e9c4 5605 	strd	r5, r6, [r4, #20]
10003092:	e7ec      	b.n	1000306e <tu_edpt_stream_init+0x32>

10003094 <tu_edpt_stream_deinit>:
10003094:	2001      	movs	r0, #1
10003096:	4770      	bx	lr

10003098 <tu_edpt_stream_write_zlp_if_needed>:
10003098:	b5f8      	push	{r3, r4, r5, r6, r7, lr}
1000309a:	4607      	mov	r7, r0
1000309c:	4608      	mov	r0, r1
1000309e:	f240 13ff 	movw	r3, #511	@ 0x1ff
100030a2:	4615      	mov	r5, r2
100030a4:	f810 2b08 	ldrb.w	r2, [r0], #8
100030a8:	460c      	mov	r4, r1
100030aa:	f012 0f02 	tst.w	r2, #2
100030ae:	bf0c      	ite	eq
100030b0:	263f      	moveq	r6, #63	@ 0x3f
100030b2:	461e      	movne	r6, r3
100030b4:	f000 f9a6 	bl	10003404 <tu_fifo_count>
100030b8:	b928      	cbnz	r0, 100030c6 <tu_edpt_stream_write_zlp_if_needed+0x2e>
100030ba:	b125      	cbz	r5, 100030c6 <tu_edpt_stream_write_zlp_if_needed+0x2e>
100030bc:	422e      	tst	r6, r5
100030be:	d102      	bne.n	100030c6 <tu_edpt_stream_write_zlp_if_needed+0x2e>
100030c0:	7823      	ldrb	r3, [r4, #0]
100030c2:	07da      	lsls	r2, r3, #31
100030c4:	d501      	bpl.n	100030ca <tu_edpt_stream_write_zlp_if_needed+0x32>
100030c6:	2000      	movs	r0, #0
100030c8:	bdf8      	pop	{r3, r4, r5, r6, r7, pc}
100030ca:	4638      	mov	r0, r7
100030cc:	7861      	ldrb	r1, [r4, #1]
100030ce:	f7ff fc41 	bl	10002954 <usbd_edpt_claim>
100030d2:	2800      	cmp	r0, #0
100030d4:	d0f7      	beq.n	100030c6 <tu_edpt_stream_write_zlp_if_needed+0x2e>
100030d6:	7823      	ldrb	r3, [r4, #0]
100030d8:	f013 0301 	ands.w	r3, r3, #1
100030dc:	d007      	beq.n	100030ee <tu_edpt_stream_write_zlp_if_needed+0x56>
100030de:	f04f 23e0 	mov.w	r3, #3758153728	@ 0xe000e000
100030e2:	f8d3 3df0 	ldr.w	r3, [r3, #3568]	@ 0xdf0
100030e6:	07db      	lsls	r3, r3, #31
100030e8:	d5ed      	bpl.n	100030c6 <tu_edpt_stream_write_zlp_if_needed+0x2e>
100030ea:	be00      	bkpt	0x0000
100030ec:	e7eb      	b.n	100030c6 <tu_edpt_stream_write_zlp_if_needed+0x2e>
100030ee:	461a      	mov	r2, r3
100030f0:	4638      	mov	r0, r7
100030f2:	7861      	ldrb	r1, [r4, #1]
100030f4:	f7ff fc52 	bl	1000299c <usbd_edpt_xfer>
100030f8:	2800      	cmp	r0, #0
100030fa:	d0f0      	beq.n	100030de <tu_edpt_stream_write_zlp_if_needed+0x46>
100030fc:	bdf8      	pop	{r3, r4, r5, r6, r7, pc}
100030fe:	bf00      	nop

10003100 <tu_edpt_stream_write_xfer>:
10003100:	b570      	push	{r4, r5, r6, lr}
10003102:	f101 0508 	add.w	r5, r1, #8
10003106:	4606      	mov	r6, r0
10003108:	4628      	mov	r0, r5
1000310a:	460c      	mov	r4, r1
1000310c:	f000 f97a 	bl	10003404 <tu_fifo_count>
10003110:	b110      	cbz	r0, 10003118 <tu_edpt_stream_write_xfer+0x18>
10003112:	7823      	ldrb	r3, [r4, #0]
10003114:	07d8      	lsls	r0, r3, #31
10003116:	d501      	bpl.n	1000311c <tu_edpt_stream_write_xfer+0x1c>
10003118:	2000      	movs	r0, #0
1000311a:	bd70      	pop	{r4, r5, r6, pc}
1000311c:	4630      	mov	r0, r6
1000311e:	7861      	ldrb	r1, [r4, #1]
10003120:	f7ff fc18 	bl	10002954 <usbd_edpt_claim>
10003124:	2800      	cmp	r0, #0
10003126:	d0f7      	beq.n	10003118 <tu_edpt_stream_write_xfer+0x18>
10003128:	4628      	mov	r0, r5
1000312a:	8862      	ldrh	r2, [r4, #2]
1000312c:	6861      	ldr	r1, [r4, #4]
1000312e:	f000 f9d5 	bl	100034dc <tu_fifo_read_n>
10003132:	7823      	ldrb	r3, [r4, #0]
10003134:	4605      	mov	r5, r0
10003136:	b148      	cbz	r0, 1000314c <tu_edpt_stream_write_xfer+0x4c>
10003138:	07d9      	lsls	r1, r3, #31
1000313a:	d50e      	bpl.n	1000315a <tu_edpt_stream_write_xfer+0x5a>
1000313c:	f04f 23e0 	mov.w	r3, #3758153728	@ 0xe000e000
10003140:	f8d3 3df0 	ldr.w	r3, [r3, #3568]	@ 0xdf0
10003144:	07da      	lsls	r2, r3, #31
10003146:	d5e7      	bpl.n	10003118 <tu_edpt_stream_write_xfer+0x18>
10003148:	be00      	bkpt	0x0000
1000314a:	e7e5      	b.n	10003118 <tu_edpt_stream_write_xfer+0x18>
1000314c:	07db      	lsls	r3, r3, #31
1000314e:	d4e3      	bmi.n	10003118 <tu_edpt_stream_write_xfer+0x18>
10003150:	4630      	mov	r0, r6
10003152:	7861      	ldrb	r1, [r4, #1]
10003154:	f7ff fc10 	bl	10002978 <usbd_edpt_release>
10003158:	e7de      	b.n	10003118 <tu_edpt_stream_write_xfer+0x18>
1000315a:	4603      	mov	r3, r0
1000315c:	6862      	ldr	r2, [r4, #4]
1000315e:	4630      	mov	r0, r6
10003160:	7861      	ldrb	r1, [r4, #1]
10003162:	f7ff fc1b 	bl	1000299c <usbd_edpt_xfer>
10003166:	2800      	cmp	r0, #0
10003168:	d0e8      	beq.n	1000313c <tu_edpt_stream_write_xfer+0x3c>
1000316a:	4628      	mov	r0, r5
1000316c:	bd70      	pop	{r4, r5, r6, pc}
1000316e:	bf00      	nop

10003170 <tu_edpt_stream_write>:
10003170:	e92d 41f0 	stmdb	sp!, {r4, r5, r6, r7, r8, lr}
10003174:	b163      	cbz	r3, 10003190 <tu_edpt_stream_write+0x20>
10003176:	461d      	mov	r5, r3
10003178:	898b      	ldrh	r3, [r1, #12]
1000317a:	4606      	mov	r6, r0
1000317c:	460c      	mov	r4, r1
1000317e:	4690      	mov	r8, r2
10003180:	b953      	cbnz	r3, 10003198 <tu_edpt_stream_write+0x28>
10003182:	780b      	ldrb	r3, [r1, #0]
10003184:	07d9      	lsls	r1, r3, #31
10003186:	d403      	bmi.n	10003190 <tu_edpt_stream_write+0x20>
10003188:	7861      	ldrb	r1, [r4, #1]
1000318a:	f7ff fbe3 	bl	10002954 <usbd_edpt_claim>
1000318e:	b9f8      	cbnz	r0, 100031d0 <tu_edpt_stream_write+0x60>
10003190:	2500      	movs	r5, #0
10003192:	4628      	mov	r0, r5
10003194:	e8bd 81f0 	ldmia.w	sp!, {r4, r5, r6, r7, r8, pc}
10003198:	f101 0708 	add.w	r7, r1, #8
1000319c:	4638      	mov	r0, r7
1000319e:	4611      	mov	r1, r2
100031a0:	b2aa      	uxth	r2, r5
100031a2:	f000 fa57 	bl	10003654 <tu_fifo_write_n>
100031a6:	7823      	ldrb	r3, [r4, #0]
100031a8:	4605      	mov	r5, r0
100031aa:	f013 0f02 	tst.w	r3, #2
100031ae:	4638      	mov	r0, r7
100031b0:	bf0c      	ite	eq
100031b2:	2740      	moveq	r7, #64	@ 0x40
100031b4:	f44f 7700 	movne.w	r7, #512	@ 0x200
100031b8:	f000 f924 	bl	10003404 <tu_fifo_count>
100031bc:	42b8      	cmp	r0, r7
100031be:	d202      	bcs.n	100031c6 <tu_edpt_stream_write+0x56>
100031c0:	89a3      	ldrh	r3, [r4, #12]
100031c2:	42bb      	cmp	r3, r7
100031c4:	d2e5      	bcs.n	10003192 <tu_edpt_stream_write+0x22>
100031c6:	4621      	mov	r1, r4
100031c8:	4630      	mov	r0, r6
100031ca:	f7ff ff99 	bl	10003100 <tu_edpt_stream_write_xfer>
100031ce:	e7e0      	b.n	10003192 <tu_edpt_stream_write+0x22>
100031d0:	8863      	ldrh	r3, [r4, #2]
100031d2:	4641      	mov	r1, r8
100031d4:	429d      	cmp	r5, r3
100031d6:	bf28      	it	cs
100031d8:	461d      	movcs	r5, r3
100031da:	6860      	ldr	r0, [r4, #4]
100031dc:	462a      	mov	r2, r5
100031de:	f000 fb6b 	bl	100038b8 <memcpy>
100031e2:	7823      	ldrb	r3, [r4, #0]
100031e4:	07da      	lsls	r2, r3, #31
100031e6:	d507      	bpl.n	100031f8 <tu_edpt_stream_write+0x88>
100031e8:	f04f 23e0 	mov.w	r3, #3758153728	@ 0xe000e000
100031ec:	f8d3 3df0 	ldr.w	r3, [r3, #3568]	@ 0xdf0
100031f0:	07db      	lsls	r3, r3, #31
100031f2:	d5cd      	bpl.n	10003190 <tu_edpt_stream_write+0x20>
100031f4:	be00      	bkpt	0x0000
100031f6:	e7cb      	b.n	10003190 <tu_edpt_stream_write+0x20>
100031f8:	7861      	ldrb	r1, [r4, #1]
100031fa:	b13d      	cbz	r5, 1000320c <tu_edpt_stream_write+0x9c>
100031fc:	6862      	ldr	r2, [r4, #4]
100031fe:	4630      	mov	r0, r6
10003200:	b2ab      	uxth	r3, r5
10003202:	f7ff fbcb 	bl	1000299c <usbd_edpt_xfer>
10003206:	2800      	cmp	r0, #0
10003208:	d1c3      	bne.n	10003192 <tu_edpt_stream_write+0x22>
1000320a:	e7ed      	b.n	100031e8 <tu_edpt_stream_write+0x78>
1000320c:	462a      	mov	r2, r5
1000320e:	e7f6      	b.n	100031fe <tu_edpt_stream_write+0x8e>

10003210 <tu_edpt_stream_read_xfer>:
10003210:	898a      	ldrh	r2, [r1, #12]
10003212:	e92d 41f0 	stmdb	sp!, {r4, r5, r6, r7, r8, lr}
10003216:	780b      	ldrb	r3, [r1, #0]
10003218:	460c      	mov	r4, r1
1000321a:	4605      	mov	r5, r0
1000321c:	b98a      	cbnz	r2, 10003242 <tu_edpt_stream_read_xfer+0x32>
1000321e:	07df      	lsls	r7, r3, #31
10003220:	d425      	bmi.n	1000326e <tu_edpt_stream_read_xfer+0x5e>
10003222:	7849      	ldrb	r1, [r1, #1]
10003224:	f7ff fb96 	bl	10002954 <usbd_edpt_claim>
10003228:	b308      	cbz	r0, 1000326e <tu_edpt_stream_read_xfer+0x5e>
1000322a:	7822      	ldrb	r2, [r4, #0]
1000322c:	8863      	ldrh	r3, [r4, #2]
1000322e:	07d6      	lsls	r6, r2, #31
10003230:	d53f      	bpl.n	100032b2 <tu_edpt_stream_read_xfer+0xa2>
10003232:	f04f 23e0 	mov.w	r3, #3758153728	@ 0xe000e000
10003236:	f8d3 3df0 	ldr.w	r3, [r3, #3568]	@ 0xdf0
1000323a:	07da      	lsls	r2, r3, #31
1000323c:	d517      	bpl.n	1000326e <tu_edpt_stream_read_xfer+0x5e>
1000323e:	be00      	bkpt	0x0000
10003240:	e015      	b.n	1000326e <tu_edpt_stream_read_xfer+0x5e>
10003242:	f003 0302 	and.w	r3, r3, #2
10003246:	f101 0808 	add.w	r8, r1, #8
1000324a:	2b00      	cmp	r3, #0
1000324c:	4640      	mov	r0, r8
1000324e:	bf0c      	ite	eq
10003250:	2740      	moveq	r7, #64	@ 0x40
10003252:	f44f 7700 	movne.w	r7, #512	@ 0x200
10003256:	f64f 76c0 	movw	r6, #65472	@ 0xffc0
1000325a:	bf18      	it	ne
1000325c:	f44f 467e 	movne.w	r6, #65024	@ 0xfe00
10003260:	f000 f8e0 	bl	10003424 <tu_fifo_remaining>
10003264:	4287      	cmp	r7, r0
10003266:	d802      	bhi.n	1000326e <tu_edpt_stream_read_xfer+0x5e>
10003268:	7823      	ldrb	r3, [r4, #0]
1000326a:	07d8      	lsls	r0, r3, #31
1000326c:	d502      	bpl.n	10003274 <tu_edpt_stream_read_xfer+0x64>
1000326e:	2000      	movs	r0, #0
10003270:	e8bd 81f0 	ldmia.w	sp!, {r4, r5, r6, r7, r8, pc}
10003274:	4628      	mov	r0, r5
10003276:	7861      	ldrb	r1, [r4, #1]
10003278:	f7ff fb6c 	bl	10002954 <usbd_edpt_claim>
1000327c:	2800      	cmp	r0, #0
1000327e:	d0f6      	beq.n	1000326e <tu_edpt_stream_read_xfer+0x5e>
10003280:	4640      	mov	r0, r8
10003282:	f000 f8cf 	bl	10003424 <tu_fifo_remaining>
10003286:	4287      	cmp	r7, r0
10003288:	d81f      	bhi.n	100032ca <tu_edpt_stream_read_xfer+0xba>
1000328a:	7823      	ldrb	r3, [r4, #0]
1000328c:	8862      	ldrh	r2, [r4, #2]
1000328e:	07d9      	lsls	r1, r3, #31
10003290:	d4cf      	bmi.n	10003232 <tu_edpt_stream_read_xfer+0x22>
10003292:	4030      	ands	r0, r6
10003294:	4290      	cmp	r0, r2
10003296:	bf28      	it	cs
10003298:	4610      	movcs	r0, r2
1000329a:	7861      	ldrb	r1, [r4, #1]
1000329c:	4606      	mov	r6, r0
1000329e:	b1e0      	cbz	r0, 100032da <tu_edpt_stream_read_xfer+0xca>
100032a0:	6862      	ldr	r2, [r4, #4]
100032a2:	4633      	mov	r3, r6
100032a4:	4628      	mov	r0, r5
100032a6:	f7ff fb79 	bl	1000299c <usbd_edpt_xfer>
100032aa:	2800      	cmp	r0, #0
100032ac:	d0c1      	beq.n	10003232 <tu_edpt_stream_read_xfer+0x22>
100032ae:	4630      	mov	r0, r6
100032b0:	e7de      	b.n	10003270 <tu_edpt_stream_read_xfer+0x60>
100032b2:	7861      	ldrb	r1, [r4, #1]
100032b4:	b13b      	cbz	r3, 100032c6 <tu_edpt_stream_read_xfer+0xb6>
100032b6:	6862      	ldr	r2, [r4, #4]
100032b8:	4628      	mov	r0, r5
100032ba:	f7ff fb6f 	bl	1000299c <usbd_edpt_xfer>
100032be:	2800      	cmp	r0, #0
100032c0:	d0b7      	beq.n	10003232 <tu_edpt_stream_read_xfer+0x22>
100032c2:	8860      	ldrh	r0, [r4, #2]
100032c4:	e7d4      	b.n	10003270 <tu_edpt_stream_read_xfer+0x60>
100032c6:	461a      	mov	r2, r3
100032c8:	e7f6      	b.n	100032b8 <tu_edpt_stream_read_xfer+0xa8>
100032ca:	7823      	ldrb	r3, [r4, #0]
100032cc:	07db      	lsls	r3, r3, #31
100032ce:	d4ce      	bmi.n	1000326e <tu_edpt_stream_read_xfer+0x5e>
100032d0:	4628      	mov	r0, r5
100032d2:	7861      	ldrb	r1, [r4, #1]
100032d4:	f7ff fb50 	bl	10002978 <usbd_edpt_release>
100032d8:	e7c9      	b.n	1000326e <tu_edpt_stream_read_xfer+0x5e>
100032da:	4602      	mov	r2, r0
100032dc:	e7e1      	b.n	100032a2 <tu_edpt_stream_read_xfer+0x92>
100032de:	bf00      	nop

100032e0 <tu_edpt_stream_read>:
100032e0:	e92d 43f8 	stmdb	sp!, {r3, r4, r5, r6, r7, r8, r9, lr}
100032e4:	460c      	mov	r4, r1
100032e6:	f104 0708 	add.w	r7, r4, #8
100032ea:	4611      	mov	r1, r2
100032ec:	4606      	mov	r6, r0
100032ee:	b29a      	uxth	r2, r3
100032f0:	4638      	mov	r0, r7
100032f2:	f000 f8f3 	bl	100034dc <tu_fifo_read_n>
100032f6:	89a3      	ldrh	r3, [r4, #12]
100032f8:	4605      	mov	r5, r0
100032fa:	b92b      	cbnz	r3, 10003308 <tu_edpt_stream_read+0x28>
100032fc:	7823      	ldrb	r3, [r4, #0]
100032fe:	07db      	lsls	r3, r3, #31
10003300:	d53c      	bpl.n	1000337c <tu_edpt_stream_read+0x9c>
10003302:	4628      	mov	r0, r5
10003304:	e8bd 83f8 	ldmia.w	sp!, {r3, r4, r5, r6, r7, r8, r9, pc}
10003308:	7823      	ldrb	r3, [r4, #0]
1000330a:	4638      	mov	r0, r7
1000330c:	f003 0302 	and.w	r3, r3, #2
10003310:	2b00      	cmp	r3, #0
10003312:	f64f 73c0 	movw	r3, #65472	@ 0xffc0
10003316:	bf0b      	itete	eq
10003318:	f04f 0940 	moveq.w	r9, #64	@ 0x40
1000331c:	f44f 7900 	movne.w	r9, #512	@ 0x200
10003320:	4698      	moveq	r8, r3
10003322:	f44f 487e 	movne.w	r8, #65024	@ 0xfe00
10003326:	f000 f87d 	bl	10003424 <tu_fifo_remaining>
1000332a:	4548      	cmp	r0, r9
1000332c:	d3e9      	bcc.n	10003302 <tu_edpt_stream_read+0x22>
1000332e:	7823      	ldrb	r3, [r4, #0]
10003330:	07d8      	lsls	r0, r3, #31
10003332:	d4e6      	bmi.n	10003302 <tu_edpt_stream_read+0x22>
10003334:	4630      	mov	r0, r6
10003336:	7861      	ldrb	r1, [r4, #1]
10003338:	f7ff fb0c 	bl	10002954 <usbd_edpt_claim>
1000333c:	2800      	cmp	r0, #0
1000333e:	d0e0      	beq.n	10003302 <tu_edpt_stream_read+0x22>
10003340:	4638      	mov	r0, r7
10003342:	f000 f86f 	bl	10003424 <tu_fifo_remaining>
10003346:	4581      	cmp	r9, r0
10003348:	7823      	ldrb	r3, [r4, #0]
1000334a:	d824      	bhi.n	10003396 <tu_edpt_stream_read+0xb6>
1000334c:	07d9      	lsls	r1, r3, #31
1000334e:	8862      	ldrh	r2, [r4, #2]
10003350:	d40c      	bmi.n	1000336c <tu_edpt_stream_read+0x8c>
10003352:	ea00 0308 	and.w	r3, r0, r8
10003356:	4293      	cmp	r3, r2
10003358:	bf28      	it	cs
1000335a:	4613      	movcs	r3, r2
1000335c:	7861      	ldrb	r1, [r4, #1]
1000335e:	b1c3      	cbz	r3, 10003392 <tu_edpt_stream_read+0xb2>
10003360:	6862      	ldr	r2, [r4, #4]
10003362:	4630      	mov	r0, r6
10003364:	f7ff fb1a 	bl	1000299c <usbd_edpt_xfer>
10003368:	2800      	cmp	r0, #0
1000336a:	d1ca      	bne.n	10003302 <tu_edpt_stream_read+0x22>
1000336c:	f04f 23e0 	mov.w	r3, #3758153728	@ 0xe000e000
10003370:	f8d3 3df0 	ldr.w	r3, [r3, #3568]	@ 0xdf0
10003374:	07da      	lsls	r2, r3, #31
10003376:	d5c4      	bpl.n	10003302 <tu_edpt_stream_read+0x22>
10003378:	be00      	bkpt	0x0000
1000337a:	e7c2      	b.n	10003302 <tu_edpt_stream_read+0x22>
1000337c:	4630      	mov	r0, r6
1000337e:	7861      	ldrb	r1, [r4, #1]
10003380:	f7ff fae8 	bl	10002954 <usbd_edpt_claim>
10003384:	2800      	cmp	r0, #0
10003386:	d0bc      	beq.n	10003302 <tu_edpt_stream_read+0x22>
10003388:	7822      	ldrb	r2, [r4, #0]
1000338a:	8863      	ldrh	r3, [r4, #2]
1000338c:	07d7      	lsls	r7, r2, #31
1000338e:	d5e5      	bpl.n	1000335c <tu_edpt_stream_read+0x7c>
10003390:	e7ec      	b.n	1000336c <tu_edpt_stream_read+0x8c>
10003392:	461a      	mov	r2, r3
10003394:	e7e5      	b.n	10003362 <tu_edpt_stream_read+0x82>
10003396:	07db      	lsls	r3, r3, #31
10003398:	d4b3      	bmi.n	10003302 <tu_edpt_stream_read+0x22>
1000339a:	4630      	mov	r0, r6
1000339c:	7861      	ldrb	r1, [r4, #1]
1000339e:	f7ff faeb 	bl	10002978 <usbd_edpt_release>
100033a2:	e7ae      	b.n	10003302 <tu_edpt_stream_read+0x22>

100033a4 <tu_fifo_config>:
100033a4:	e92d 41f0 	stmdb	sp!, {r4, r5, r6, r7, r8, lr}
100033a8:	f5b2 4f00 	cmp.w	r2, #32768	@ 0x8000
100033ac:	f89d 8018 	ldrb.w	r8, [sp, #24]
100033b0:	d824      	bhi.n	100033fc <tu_fifo_config+0x58>
100033b2:	4604      	mov	r4, r0
100033b4:	68c0      	ldr	r0, [r0, #12]
100033b6:	4617      	mov	r7, r2
100033b8:	460e      	mov	r6, r1
100033ba:	461d      	mov	r5, r3
100033bc:	b118      	cbz	r0, 100033c6 <tu_fifo_config+0x22>
100033be:	f04f 31ff 	mov.w	r1, #4294967295	@ 0xffffffff
100033c2:	f000 fb79 	bl	10003ab8 <__mutex_enter_timeout_ms_veneer>
100033c6:	6920      	ldr	r0, [r4, #16]
100033c8:	b118      	cbz	r0, 100033d2 <tu_fifo_config+0x2e>
100033ca:	f04f 31ff 	mov.w	r1, #4294967295	@ 0xffffffff
100033ce:	f000 fb73 	bl	10003ab8 <__mutex_enter_timeout_ms_veneer>
100033d2:	2200      	movs	r2, #0
100033d4:	f3c5 030e 	ubfx	r3, r5, #0, #15
100033d8:	68e0      	ldr	r0, [r4, #12]
100033da:	ea43 33c8 	orr.w	r3, r3, r8, lsl #15
100033de:	8162      	strh	r2, [r4, #10]
100033e0:	6026      	str	r6, [r4, #0]
100033e2:	80a7      	strh	r7, [r4, #4]
100033e4:	80e3      	strh	r3, [r4, #6]
100033e6:	8122      	strh	r2, [r4, #8]
100033e8:	b108      	cbz	r0, 100033ee <tu_fifo_config+0x4a>
100033ea:	f000 fb6d 	bl	10003ac8 <__mutex_exit_veneer>
100033ee:	6920      	ldr	r0, [r4, #16]
100033f0:	b108      	cbz	r0, 100033f6 <tu_fifo_config+0x52>
100033f2:	f000 fb69 	bl	10003ac8 <__mutex_exit_veneer>
100033f6:	2001      	movs	r0, #1
100033f8:	e8bd 81f0 	ldmia.w	sp!, {r4, r5, r6, r7, r8, pc}
100033fc:	2000      	movs	r0, #0
100033fe:	e8bd 81f0 	ldmia.w	sp!, {r4, r5, r6, r7, r8, pc}
10003402:	bf00      	nop

10003404 <tu_fifo_count>:
10003404:	8903      	ldrh	r3, [r0, #8]
10003406:	8942      	ldrh	r2, [r0, #10]
10003408:	b29b      	uxth	r3, r3
1000340a:	b292      	uxth	r2, r2
1000340c:	8880      	ldrh	r0, [r0, #4]
1000340e:	4293      	cmp	r3, r2
10003410:	bf36      	itet	cc
10003412:	ebc2 0240 	rsbcc	r2, r2, r0, lsl #1
10003416:	1a9b      	subcs	r3, r3, r2
10003418:	189b      	addcc	r3, r3, r2
1000341a:	b29b      	uxth	r3, r3
1000341c:	4298      	cmp	r0, r3
1000341e:	bf28      	it	cs
10003420:	4618      	movcs	r0, r3
10003422:	4770      	bx	lr

10003424 <tu_fifo_remaining>:
10003424:	8903      	ldrh	r3, [r0, #8]
10003426:	8942      	ldrh	r2, [r0, #10]
10003428:	b29b      	uxth	r3, r3
1000342a:	8880      	ldrh	r0, [r0, #4]
1000342c:	b292      	uxth	r2, r2
1000342e:	4293      	cmp	r3, r2
10003430:	bf36      	itet	cc
10003432:	ebc2 0240 	rsbcc	r2, r2, r0, lsl #1
10003436:	1a9b      	subcs	r3, r3, r2
10003438:	189b      	addcc	r3, r3, r2
1000343a:	b29b      	uxth	r3, r3
1000343c:	4298      	cmp	r0, r3
1000343e:	bf86      	itte	hi
10003440:	1ac0      	subhi	r0, r0, r3
10003442:	b280      	uxthhi	r0, r0
10003444:	2000      	movls	r0, #0
10003446:	4770      	bx	lr

10003448 <tu_fifo_read>:
10003448:	b538      	push	{r3, r4, r5, lr}
1000344a:	4604      	mov	r4, r0
1000344c:	6900      	ldr	r0, [r0, #16]
1000344e:	460d      	mov	r5, r1
10003450:	b118      	cbz	r0, 1000345a <tu_fifo_read+0x12>
10003452:	f04f 31ff 	mov.w	r1, #4294967295	@ 0xffffffff
10003456:	f000 fb2f 	bl	10003ab8 <__mutex_enter_timeout_ms_veneer>
1000345a:	8921      	ldrh	r1, [r4, #8]
1000345c:	8963      	ldrh	r3, [r4, #10]
1000345e:	b289      	uxth	r1, r1
10003460:	b29b      	uxth	r3, r3
10003462:	88a2      	ldrh	r2, [r4, #4]
10003464:	4299      	cmp	r1, r3
10003466:	bf36      	itet	cc
10003468:	ebc3 0042 	rsbcc	r0, r3, r2, lsl #1
1000346c:	1ac8      	subcs	r0, r1, r3
1000346e:	1840      	addcc	r0, r0, r1
10003470:	b280      	uxth	r0, r0
10003472:	b350      	cbz	r0, 100034ca <tu_fifo_read+0x82>
10003474:	4282      	cmp	r2, r0
10003476:	d209      	bcs.n	1000348c <tu_fifo_read+0x44>
10003478:	4291      	cmp	r1, r2
1000347a:	bf2c      	ite	cs
1000347c:	1a89      	subcs	r1, r1, r2
1000347e:	1889      	addcc	r1, r1, r2
10003480:	b28b      	uxth	r3, r1
10003482:	429a      	cmp	r2, r3
10003484:	8163      	strh	r3, [r4, #10]
10003486:	d803      	bhi.n	10003490 <tu_fifo_read+0x48>
10003488:	1a9b      	subs	r3, r3, r2
1000348a:	b29b      	uxth	r3, r3
1000348c:	429a      	cmp	r2, r3
1000348e:	d9fb      	bls.n	10003488 <tu_fifo_read+0x40>
10003490:	88e2      	ldrh	r2, [r4, #6]
10003492:	6821      	ldr	r1, [r4, #0]
10003494:	f3c2 020e 	ubfx	r2, r2, #0, #15
10003498:	fb02 1103 	mla	r1, r2, r3, r1
1000349c:	4628      	mov	r0, r5
1000349e:	f000 fa0b 	bl	100038b8 <memcpy>
100034a2:	8961      	ldrh	r1, [r4, #10]
100034a4:	2501      	movs	r5, #1
100034a6:	b289      	uxth	r1, r1
100034a8:	1c4b      	adds	r3, r1, #1
100034aa:	b29b      	uxth	r3, r3
100034ac:	4299      	cmp	r1, r3
100034ae:	88a2      	ldrh	r2, [r4, #4]
100034b0:	d90e      	bls.n	100034d0 <tu_fifo_read+0x88>
100034b2:	2300      	movs	r3, #0
100034b4:	fa02 f105 	lsl.w	r1, r2, r5
100034b8:	1a5b      	subs	r3, r3, r1
100034ba:	b29b      	uxth	r3, r3
100034bc:	6920      	ldr	r0, [r4, #16]
100034be:	8163      	strh	r3, [r4, #10]
100034c0:	b108      	cbz	r0, 100034c6 <tu_fifo_read+0x7e>
100034c2:	f000 fb01 	bl	10003ac8 <__mutex_exit_veneer>
100034c6:	4628      	mov	r0, r5
100034c8:	bd38      	pop	{r3, r4, r5, pc}
100034ca:	4605      	mov	r5, r0
100034cc:	8963      	ldrh	r3, [r4, #10]
100034ce:	b29b      	uxth	r3, r3
100034d0:	ebb3 0f42 	cmp.w	r3, r2, lsl #1
100034d4:	ea4f 0142 	mov.w	r1, r2, lsl #1
100034d8:	dbf0      	blt.n	100034bc <tu_fifo_read+0x74>
100034da:	e7ed      	b.n	100034b8 <tu_fifo_read+0x70>

100034dc <tu_fifo_read_n>:
100034dc:	e92d 47f0 	stmdb	sp!, {r4, r5, r6, r7, r8, r9, sl, lr}
100034e0:	4606      	mov	r6, r0
100034e2:	6900      	ldr	r0, [r0, #16]
100034e4:	4688      	mov	r8, r1
100034e6:	4691      	mov	r9, r2
100034e8:	b118      	cbz	r0, 100034f2 <tu_fifo_read_n+0x16>
100034ea:	f04f 31ff 	mov.w	r1, #4294967295	@ 0xffffffff
100034ee:	f000 fae3 	bl	10003ab8 <__mutex_enter_timeout_ms_veneer>
100034f2:	8933      	ldrh	r3, [r6, #8]
100034f4:	8974      	ldrh	r4, [r6, #10]
100034f6:	b29b      	uxth	r3, r3
100034f8:	b2a4      	uxth	r4, r4
100034fa:	88b5      	ldrh	r5, [r6, #4]
100034fc:	42a3      	cmp	r3, r4
100034fe:	bf36      	itet	cc
10003500:	ebc4 0745 	rsbcc	r7, r4, r5, lsl #1
10003504:	1b1f      	subcs	r7, r3, r4
10003506:	18ff      	addcc	r7, r7, r3
10003508:	b2bf      	uxth	r7, r7
1000350a:	2f00      	cmp	r7, #0
1000350c:	d04a      	beq.n	100035a4 <tu_fifo_read_n+0xc8>
1000350e:	42bd      	cmp	r5, r7
10003510:	d340      	bcc.n	10003594 <tu_fifo_read_n+0xb8>
10003512:	45b9      	cmp	r9, r7
10003514:	bf28      	it	cs
10003516:	46b9      	movcs	r9, r7
10003518:	42a5      	cmp	r5, r4
1000351a:	fa1f f789 	uxth.w	r7, r9
1000351e:	d803      	bhi.n	10003528 <tu_fifo_read_n+0x4c>
10003520:	1b64      	subs	r4, r4, r5
10003522:	b2a4      	uxth	r4, r4
10003524:	42a5      	cmp	r5, r4
10003526:	d9fb      	bls.n	10003520 <tu_fifo_read_n+0x44>
10003528:	f8b6 a006 	ldrh.w	sl, [r6, #6]
1000352c:	1b2b      	subs	r3, r5, r4
1000352e:	6831      	ldr	r1, [r6, #0]
10003530:	b29b      	uxth	r3, r3
10003532:	f3ca 020e 	ubfx	r2, sl, #0, #15
10003536:	429f      	cmp	r7, r3
10003538:	4692      	mov	sl, r2
1000353a:	fb02 1104 	mla	r1, r2, r4, r1
1000353e:	d923      	bls.n	10003588 <tu_fifo_read_n+0xac>
10003540:	fb13 f302 	smulbb	r3, r3, r2
10003544:	fa1f f983 	uxth.w	r9, r3
10003548:	464a      	mov	r2, r9
1000354a:	4640      	mov	r0, r8
1000354c:	1b7d      	subs	r5, r7, r5
1000354e:	f000 f9b3 	bl	100038b8 <memcpy>
10003552:	1962      	adds	r2, r4, r5
10003554:	fb12 f20a 	smulbb	r2, r2, sl
10003558:	6831      	ldr	r1, [r6, #0]
1000355a:	eb08 0009 	add.w	r0, r8, r9
1000355e:	b292      	uxth	r2, r2
10003560:	f000 f9aa 	bl	100038b8 <memcpy>
10003564:	8972      	ldrh	r2, [r6, #10]
10003566:	88b5      	ldrh	r5, [r6, #4]
10003568:	b292      	uxth	r2, r2
1000356a:	19d3      	adds	r3, r2, r7
1000356c:	b29b      	uxth	r3, r3
1000356e:	429a      	cmp	r2, r3
10003570:	d91a      	bls.n	100035a8 <tu_fifo_read_n+0xcc>
10003572:	006a      	lsls	r2, r5, #1
10003574:	1a9b      	subs	r3, r3, r2
10003576:	b29b      	uxth	r3, r3
10003578:	6930      	ldr	r0, [r6, #16]
1000357a:	8173      	strh	r3, [r6, #10]
1000357c:	b108      	cbz	r0, 10003582 <tu_fifo_read_n+0xa6>
1000357e:	f000 faa3 	bl	10003ac8 <__mutex_exit_veneer>
10003582:	4638      	mov	r0, r7
10003584:	e8bd 87f0 	ldmia.w	sp!, {r4, r5, r6, r7, r8, r9, sl, pc}
10003588:	4640      	mov	r0, r8
1000358a:	fb07 f202 	mul.w	r2, r7, r2
1000358e:	f000 f993 	bl	100038b8 <memcpy>
10003592:	e7e7      	b.n	10003564 <tu_fifo_read_n+0x88>
10003594:	42ab      	cmp	r3, r5
10003596:	bf2c      	ite	cs
10003598:	1b5b      	subcs	r3, r3, r5
1000359a:	195b      	addcc	r3, r3, r5
1000359c:	b29c      	uxth	r4, r3
1000359e:	462f      	mov	r7, r5
100035a0:	8174      	strh	r4, [r6, #10]
100035a2:	e7b6      	b.n	10003512 <tu_fifo_read_n+0x36>
100035a4:	8973      	ldrh	r3, [r6, #10]
100035a6:	b29b      	uxth	r3, r3
100035a8:	ebb3 0f45 	cmp.w	r3, r5, lsl #1
100035ac:	ea4f 0245 	mov.w	r2, r5, lsl #1
100035b0:	dbe2      	blt.n	10003578 <tu_fifo_read_n+0x9c>
100035b2:	e7df      	b.n	10003574 <tu_fifo_read_n+0x98>

100035b4 <tu_fifo_write>:
100035b4:	b5f8      	push	{r3, r4, r5, r6, r7, lr}
100035b6:	4604      	mov	r4, r0
100035b8:	68c0      	ldr	r0, [r0, #12]
100035ba:	460e      	mov	r6, r1
100035bc:	b118      	cbz	r0, 100035c6 <tu_fifo_write+0x12>
100035be:	f04f 31ff 	mov.w	r1, #4294967295	@ 0xffffffff
100035c2:	f000 fa79 	bl	10003ab8 <__mutex_enter_timeout_ms_veneer>
100035c6:	8925      	ldrh	r5, [r4, #8]
100035c8:	8923      	ldrh	r3, [r4, #8]
100035ca:	8961      	ldrh	r1, [r4, #10]
100035cc:	b29b      	uxth	r3, r3
100035ce:	b289      	uxth	r1, r1
100035d0:	88a2      	ldrh	r2, [r4, #4]
100035d2:	428b      	cmp	r3, r1
100035d4:	bf36      	itet	cc
100035d6:	ebc1 0142 	rsbcc	r1, r1, r2, lsl #1
100035da:	1a5b      	subcs	r3, r3, r1
100035dc:	185b      	addcc	r3, r3, r1
100035de:	b29b      	uxth	r3, r3
100035e0:	429a      	cmp	r2, r3
100035e2:	b2ad      	uxth	r5, r5
100035e4:	d808      	bhi.n	100035f8 <tu_fifo_write+0x44>
100035e6:	79e7      	ldrb	r7, [r4, #7]
100035e8:	09ff      	lsrs	r7, r7, #7
100035ea:	d105      	bne.n	100035f8 <tu_fifo_write+0x44>
100035ec:	68e0      	ldr	r0, [r4, #12]
100035ee:	b108      	cbz	r0, 100035f4 <tu_fifo_write+0x40>
100035f0:	f000 fa6a 	bl	10003ac8 <__mutex_exit_veneer>
100035f4:	4638      	mov	r0, r7
100035f6:	bdf8      	pop	{r3, r4, r5, r6, r7, pc}
100035f8:	4295      	cmp	r5, r2
100035fa:	d319      	bcc.n	10003630 <tu_fifo_write+0x7c>
100035fc:	462b      	mov	r3, r5
100035fe:	1a9b      	subs	r3, r3, r2
10003600:	b29b      	uxth	r3, r3
10003602:	4293      	cmp	r3, r2
10003604:	d2fb      	bcs.n	100035fe <tu_fifo_write+0x4a>
10003606:	88e2      	ldrh	r2, [r4, #6]
10003608:	6820      	ldr	r0, [r4, #0]
1000360a:	f3c2 020e 	ubfx	r2, r2, #0, #15
1000360e:	fb02 0003 	mla	r0, r2, r3, r0
10003612:	4631      	mov	r1, r6
10003614:	f000 f950 	bl	100038b8 <memcpy>
10003618:	1c6b      	adds	r3, r5, #1
1000361a:	b29b      	uxth	r3, r3
1000361c:	429d      	cmp	r5, r3
1000361e:	88a2      	ldrh	r2, [r4, #4]
10003620:	d912      	bls.n	10003648 <tu_fifo_write+0x94>
10003622:	2300      	movs	r3, #0
10003624:	0051      	lsls	r1, r2, #1
10003626:	1a5b      	subs	r3, r3, r1
10003628:	b29b      	uxth	r3, r3
1000362a:	2701      	movs	r7, #1
1000362c:	8123      	strh	r3, [r4, #8]
1000362e:	e7dd      	b.n	100035ec <tu_fifo_write+0x38>
10003630:	88e2      	ldrh	r2, [r4, #6]
10003632:	6820      	ldr	r0, [r4, #0]
10003634:	f3c2 020e 	ubfx	r2, r2, #0, #15
10003638:	fb05 0002 	mla	r0, r5, r2, r0
1000363c:	4631      	mov	r1, r6
1000363e:	f000 f93b 	bl	100038b8 <memcpy>
10003642:	3501      	adds	r5, #1
10003644:	88a2      	ldrh	r2, [r4, #4]
10003646:	b2ab      	uxth	r3, r5
10003648:	ebb3 0f42 	cmp.w	r3, r2, lsl #1
1000364c:	ea4f 0142 	mov.w	r1, r2, lsl #1
10003650:	dbeb      	blt.n	1000362a <tu_fifo_write+0x76>
10003652:	e7e8      	b.n	10003626 <tu_fifo_write+0x72>

10003654 <tu_fifo_write_n>:
10003654:	e92d 4ff0 	stmdb	sp!, {r4, r5, r6, r7, r8, r9, sl, fp, lr}
10003658:	4616      	mov	r6, r2
1000365a:	b083      	sub	sp, #12
1000365c:	2a00      	cmp	r2, #0
1000365e:	d04c      	beq.n	100036fa <tu_fifo_write_n+0xa6>
10003660:	4605      	mov	r5, r0
10003662:	68c0      	ldr	r0, [r0, #12]
10003664:	4688      	mov	r8, r1
10003666:	b118      	cbz	r0, 10003670 <tu_fifo_write_n+0x1c>
10003668:	f04f 31ff 	mov.w	r1, #4294967295	@ 0xffffffff
1000366c:	f000 fa24 	bl	10003ab8 <__mutex_enter_timeout_ms_veneer>
10003670:	79ea      	ldrb	r2, [r5, #7]
10003672:	892f      	ldrh	r7, [r5, #8]
10003674:	8969      	ldrh	r1, [r5, #10]
10003676:	09d2      	lsrs	r2, r2, #7
10003678:	88ab      	ldrh	r3, [r5, #4]
1000367a:	b2bf      	uxth	r7, r7
1000367c:	b289      	uxth	r1, r1
1000367e:	d140      	bne.n	10003702 <tu_fifo_write_n+0xae>
10003680:	428f      	cmp	r7, r1
10003682:	bf36      	itet	cc
10003684:	ebc1 0143 	rsbcc	r1, r1, r3, lsl #1
10003688:	1a79      	subcs	r1, r7, r1
1000368a:	19c9      	addcc	r1, r1, r7
1000368c:	b289      	uxth	r1, r1
1000368e:	4299      	cmp	r1, r3
10003690:	d241      	bcs.n	10003716 <tu_fifo_write_n+0xc2>
10003692:	1a59      	subs	r1, r3, r1
10003694:	b289      	uxth	r1, r1
10003696:	428e      	cmp	r6, r1
10003698:	bf28      	it	cs
1000369a:	460e      	movcs	r6, r1
1000369c:	f8b5 a006 	ldrh.w	sl, [r5, #6]
100036a0:	eb07 0906 	add.w	r9, r7, r6
100036a4:	eba6 0b03 	sub.w	fp, r6, r3
100036a8:	f3ca 0a0e 	ubfx	sl, sl, #0, #15
100036ac:	fa1f f989 	uxth.w	r9, r9
100036b0:	fa1f fb8b 	uxth.w	fp, fp
100036b4:	429f      	cmp	r7, r3
100036b6:	463c      	mov	r4, r7
100036b8:	d303      	bcc.n	100036c2 <tu_fifo_write_n+0x6e>
100036ba:	1ae4      	subs	r4, r4, r3
100036bc:	b2a4      	uxth	r4, r4
100036be:	429c      	cmp	r4, r3
100036c0:	d2fb      	bcs.n	100036ba <tu_fifo_write_n+0x66>
100036c2:	1b1b      	subs	r3, r3, r4
100036c4:	6828      	ldr	r0, [r5, #0]
100036c6:	b29b      	uxth	r3, r3
100036c8:	42b3      	cmp	r3, r6
100036ca:	fb0a 0004 	mla	r0, sl, r4, r0
100036ce:	d34b      	bcc.n	10003768 <tu_fifo_write_n+0x114>
100036d0:	4641      	mov	r1, r8
100036d2:	fb0a f206 	mul.w	r2, sl, r6
100036d6:	f000 f8ef 	bl	100038b8 <memcpy>
100036da:	88aa      	ldrh	r2, [r5, #4]
100036dc:	454f      	cmp	r7, r9
100036de:	ea4f 0342 	mov.w	r3, r2, lsl #1
100036e2:	d802      	bhi.n	100036ea <tu_fifo_write_n+0x96>
100036e4:	ebb9 0f42 	cmp.w	r9, r2, lsl #1
100036e8:	db03      	blt.n	100036f2 <tu_fifo_write_n+0x9e>
100036ea:	eba9 0303 	sub.w	r3, r9, r3
100036ee:	fa1f f983 	uxth.w	r9, r3
100036f2:	68e8      	ldr	r0, [r5, #12]
100036f4:	f8a5 9008 	strh.w	r9, [r5, #8]
100036f8:	b988      	cbnz	r0, 1000371e <tu_fifo_write_n+0xca>
100036fa:	4630      	mov	r0, r6
100036fc:	b003      	add	sp, #12
100036fe:	e8bd 8ff0 	ldmia.w	sp!, {r4, r5, r6, r7, r8, r9, sl, fp, pc}
10003702:	f8b5 a006 	ldrh.w	sl, [r5, #6]
10003706:	429e      	cmp	r6, r3
10003708:	f3ca 0a0e 	ubfx	sl, sl, #0, #15
1000370c:	d30d      	bcc.n	1000372a <tu_fifo_write_n+0xd6>
1000370e:	2b00      	cmp	r3, #0
10003710:	d13f      	bne.n	10003792 <tu_fifo_write_n+0x13e>
10003712:	461e      	mov	r6, r3
10003714:	e000      	b.n	10003718 <tu_fifo_write_n+0xc4>
10003716:	2600      	movs	r6, #0
10003718:	68e8      	ldr	r0, [r5, #12]
1000371a:	2800      	cmp	r0, #0
1000371c:	d0ed      	beq.n	100036fa <tu_fifo_write_n+0xa6>
1000371e:	f000 f9d3 	bl	10003ac8 <__mutex_exit_veneer>
10003722:	4630      	mov	r0, r6
10003724:	b003      	add	sp, #12
10003726:	e8bd 8ff0 	ldmia.w	sp!, {r4, r5, r6, r7, r8, r9, sl, fp, pc}
1000372a:	428f      	cmp	r7, r1
1000372c:	bf36      	itet	cc
1000372e:	ebc1 0243 	rsbcc	r2, r1, r3, lsl #1
10003732:	1a7a      	subcs	r2, r7, r1
10003734:	19d2      	addcc	r2, r2, r7
10003736:	b292      	uxth	r2, r2
10003738:	0058      	lsls	r0, r3, #1
1000373a:	4432      	add	r2, r6
1000373c:	eba6 0b03 	sub.w	fp, r6, r3
10003740:	4282      	cmp	r2, r0
10003742:	fa1f fb8b 	uxth.w	fp, fp
10003746:	db0a      	blt.n	1000375e <tu_fifo_write_n+0x10a>
10003748:	eb01 0903 	add.w	r9, r1, r3
1000374c:	fa1f f989 	uxth.w	r9, r9
10003750:	eba9 0706 	sub.w	r7, r9, r6
10003754:	b2bf      	uxth	r7, r7
10003756:	42b9      	cmp	r1, r7
10003758:	d918      	bls.n	1000378c <tu_fifo_write_n+0x138>
1000375a:	1a38      	subs	r0, r7, r0
1000375c:	b287      	uxth	r7, r0
1000375e:	eb06 0907 	add.w	r9, r6, r7
10003762:	fa1f f989 	uxth.w	r9, r9
10003766:	e7a5      	b.n	100036b4 <tu_fifo_write_n+0x60>
10003768:	fb13 f30a 	smulbb	r3, r3, sl
1000376c:	445c      	add	r4, fp
1000376e:	fb14 f40a 	smulbb	r4, r4, sl
10003772:	b29a      	uxth	r2, r3
10003774:	4641      	mov	r1, r8
10003776:	9201      	str	r2, [sp, #4]
10003778:	f000 f89e 	bl	100038b8 <memcpy>
1000377c:	9a01      	ldr	r2, [sp, #4]
1000377e:	6828      	ldr	r0, [r5, #0]
10003780:	eb08 0102 	add.w	r1, r8, r2
10003784:	b2a2      	uxth	r2, r4
10003786:	f000 f897 	bl	100038b8 <memcpy>
1000378a:	e7a6      	b.n	100036da <tu_fifo_write_n+0x86>
1000378c:	42b8      	cmp	r0, r7
1000378e:	dc91      	bgt.n	100036b4 <tu_fifo_write_n+0x60>
10003790:	e7e3      	b.n	1000375a <tu_fifo_write_n+0x106>
10003792:	1af6      	subs	r6, r6, r3
10003794:	eb01 0903 	add.w	r9, r1, r3
10003798:	fb0a 8806 	mla	r8, sl, r6, r8
1000379c:	460f      	mov	r7, r1
1000379e:	461e      	mov	r6, r3
100037a0:	f04f 0b00 	mov.w	fp, #0
100037a4:	fa1f f989 	uxth.w	r9, r9
100037a8:	e784      	b.n	100036b4 <tu_fifo_write_n+0x60>
100037aa:	bf00      	nop

100037ac <tu_fifo_clear>:
100037ac:	b510      	push	{r4, lr}
100037ae:	4604      	mov	r4, r0
100037b0:	68c0      	ldr	r0, [r0, #12]
100037b2:	b118      	cbz	r0, 100037bc <tu_fifo_clear+0x10>
100037b4:	f04f 31ff 	mov.w	r1, #4294967295	@ 0xffffffff
100037b8:	f000 f97e 	bl	10003ab8 <__mutex_enter_timeout_ms_veneer>
100037bc:	6920      	ldr	r0, [r4, #16]
100037be:	b118      	cbz	r0, 100037c8 <tu_fifo_clear+0x1c>
100037c0:	f04f 31ff 	mov.w	r1, #4294967295	@ 0xffffffff
100037c4:	f000 f978 	bl	10003ab8 <__mutex_enter_timeout_ms_veneer>
100037c8:	2300      	movs	r3, #0
100037ca:	68e0      	ldr	r0, [r4, #12]
100037cc:	8163      	strh	r3, [r4, #10]
100037ce:	8123      	strh	r3, [r4, #8]
100037d0:	b108      	cbz	r0, 100037d6 <tu_fifo_clear+0x2a>
100037d2:	f000 f979 	bl	10003ac8 <__mutex_exit_veneer>
100037d6:	6920      	ldr	r0, [r4, #16]
100037d8:	b108      	cbz	r0, 100037de <tu_fifo_clear+0x32>
100037da:	f000 f975 	bl	10003ac8 <__mutex_exit_veneer>
100037de:	2001      	movs	r0, #1
100037e0:	bd10      	pop	{r4, pc}
100037e2:	bf00      	nop

100037e4 <_retrieve_unique_id_on_boot>:
100037e4:	b500      	push	{lr}
100037e6:	f245 3047 	movw	r0, #21319	@ 0x5347
100037ea:	b08b      	sub	sp, #44	@ 0x2c
100037ec:	f7fd fec8 	bl	10001580 <rom_func_lookup>
100037f0:	2201      	movs	r2, #1
100037f2:	4603      	mov	r3, r0
100037f4:	2109      	movs	r1, #9
100037f6:	a801      	add	r0, sp, #4
100037f8:	4798      	blx	r3
100037fa:	e9dd 3203 	ldrd	r3, r2, [sp, #12]
100037fe:	4904      	ldr	r1, [pc, #16]	@ (10003810 <_retrieve_unique_id_on_boot+0x2c>)
10003800:	ba12      	rev	r2, r2
10003802:	ba1b      	rev	r3, r3
10003804:	e9c1 2300 	strd	r2, r3, [r1]
10003808:	b00b      	add	sp, #44	@ 0x2c
1000380a:	f85d fb04 	ldr.w	pc, [sp], #4
1000380e:	bf00      	nop
10003810:	20001918 	.word	0x20001918

10003814 <memset>:
10003814:	b570      	push	{r4, r5, r6, lr}
10003816:	0786      	lsls	r6, r0, #30
10003818:	d047      	beq.n	100038aa <memset+0x96>
1000381a:	1e54      	subs	r4, r2, #1
1000381c:	2a00      	cmp	r2, #0
1000381e:	d03e      	beq.n	1000389e <memset+0x8a>
10003820:	b2ca      	uxtb	r2, r1
10003822:	4603      	mov	r3, r0
10003824:	e001      	b.n	1000382a <memset+0x16>
10003826:	3c01      	subs	r4, #1
10003828:	d339      	bcc.n	1000389e <memset+0x8a>
1000382a:	f803 2b01 	strb.w	r2, [r3], #1
1000382e:	079d      	lsls	r5, r3, #30
10003830:	d1f9      	bne.n	10003826 <memset+0x12>
10003832:	2c03      	cmp	r4, #3
10003834:	d92c      	bls.n	10003890 <memset+0x7c>
10003836:	b2cd      	uxtb	r5, r1
10003838:	2c0f      	cmp	r4, #15
1000383a:	eb05 2505 	add.w	r5, r5, r5, lsl #8
1000383e:	eb05 4505 	add.w	r5, r5, r5, lsl #16
10003842:	d935      	bls.n	100038b0 <memset+0x9c>
10003844:	f1a4 0c10 	sub.w	ip, r4, #16
10003848:	f103 0e10 	add.w	lr, r3, #16
1000384c:	461a      	mov	r2, r3
1000384e:	f02c 060f 	bic.w	r6, ip, #15
10003852:	ea4f 1c1c 	mov.w	ip, ip, lsr #4
10003856:	44b6      	add	lr, r6
10003858:	e9c2 5500 	strd	r5, r5, [r2]
1000385c:	e9c2 5502 	strd	r5, r5, [r2, #8]
10003860:	3210      	adds	r2, #16
10003862:	4572      	cmp	r2, lr
10003864:	d1f8      	bne.n	10003858 <memset+0x44>
10003866:	f10c 0201 	add.w	r2, ip, #1
1000386a:	f014 0f0c 	tst.w	r4, #12
1000386e:	f004 0c0f 	and.w	ip, r4, #15
10003872:	eb03 1202 	add.w	r2, r3, r2, lsl #4
10003876:	d013      	beq.n	100038a0 <memset+0x8c>
10003878:	f1ac 0304 	sub.w	r3, ip, #4
1000387c:	f023 0303 	bic.w	r3, r3, #3
10003880:	3304      	adds	r3, #4
10003882:	4413      	add	r3, r2
10003884:	f842 5b04 	str.w	r5, [r2], #4
10003888:	4293      	cmp	r3, r2
1000388a:	d1fb      	bne.n	10003884 <memset+0x70>
1000388c:	f00c 0403 	and.w	r4, ip, #3
10003890:	b12c      	cbz	r4, 1000389e <memset+0x8a>
10003892:	b2c9      	uxtb	r1, r1
10003894:	441c      	add	r4, r3
10003896:	f803 1b01 	strb.w	r1, [r3], #1
1000389a:	42a3      	cmp	r3, r4
1000389c:	d1fb      	bne.n	10003896 <memset+0x82>
1000389e:	bd70      	pop	{r4, r5, r6, pc}
100038a0:	4664      	mov	r4, ip
100038a2:	4613      	mov	r3, r2
100038a4:	2c00      	cmp	r4, #0
100038a6:	d1f4      	bne.n	10003892 <memset+0x7e>
100038a8:	e7f9      	b.n	1000389e <memset+0x8a>
100038aa:	4603      	mov	r3, r0
100038ac:	4614      	mov	r4, r2
100038ae:	e7c0      	b.n	10003832 <memset+0x1e>
100038b0:	461a      	mov	r2, r3
100038b2:	46a4      	mov	ip, r4
100038b4:	e7e0      	b.n	10003878 <memset+0x64>
100038b6:	bf00      	nop

100038b8 <memcpy>:
100038b8:	4684      	mov	ip, r0
100038ba:	ea41 0300 	orr.w	r3, r1, r0
100038be:	f013 0303 	ands.w	r3, r3, #3
100038c2:	d149      	bne.n	10003958 <memcpy+0xa0>
100038c4:	3a40      	subs	r2, #64	@ 0x40
100038c6:	d323      	bcc.n	10003910 <memcpy+0x58>
100038c8:	680b      	ldr	r3, [r1, #0]
100038ca:	6003      	str	r3, [r0, #0]
100038cc:	684b      	ldr	r3, [r1, #4]
100038ce:	6043      	str	r3, [r0, #4]
100038d0:	688b      	ldr	r3, [r1, #8]
100038d2:	6083      	str	r3, [r0, #8]
100038d4:	68cb      	ldr	r3, [r1, #12]
100038d6:	60c3      	str	r3, [r0, #12]
100038d8:	690b      	ldr	r3, [r1, #16]
100038da:	6103      	str	r3, [r0, #16]
100038dc:	694b      	ldr	r3, [r1, #20]
100038de:	6143      	str	r3, [r0, #20]
100038e0:	698b      	ldr	r3, [r1, #24]
100038e2:	6183      	str	r3, [r0, #24]
100038e4:	69cb      	ldr	r3, [r1, #28]
100038e6:	61c3      	str	r3, [r0, #28]
100038e8:	6a0b      	ldr	r3, [r1, #32]
100038ea:	6203      	str	r3, [r0, #32]
100038ec:	6a4b      	ldr	r3, [r1, #36]	@ 0x24
100038ee:	6243      	str	r3, [r0, #36]	@ 0x24
100038f0:	6a8b      	ldr	r3, [r1, #40]	@ 0x28
100038f2:	6283      	str	r3, [r0, #40]	@ 0x28
100038f4:	6acb      	ldr	r3, [r1, #44]	@ 0x2c
100038f6:	62c3      	str	r3, [r0, #44]	@ 0x2c
100038f8:	6b0b      	ldr	r3, [r1, #48]	@ 0x30
100038fa:	6303      	str	r3, [r0, #48]	@ 0x30
100038fc:	6b4b      	ldr	r3, [r1, #52]	@ 0x34
100038fe:	6343      	str	r3, [r0, #52]	@ 0x34
10003900:	6b8b      	ldr	r3, [r1, #56]	@ 0x38
10003902:	6383      	str	r3, [r0, #56]	@ 0x38
10003904:	6bcb      	ldr	r3, [r1, #60]	@ 0x3c
10003906:	63c3      	str	r3, [r0, #60]	@ 0x3c
10003908:	3040      	adds	r0, #64	@ 0x40
1000390a:	3140      	adds	r1, #64	@ 0x40
1000390c:	3a40      	subs	r2, #64	@ 0x40
1000390e:	d2db      	bcs.n	100038c8 <memcpy+0x10>
10003910:	3230      	adds	r2, #48	@ 0x30
10003912:	d30b      	bcc.n	1000392c <memcpy+0x74>
10003914:	680b      	ldr	r3, [r1, #0]
10003916:	6003      	str	r3, [r0, #0]
10003918:	684b      	ldr	r3, [r1, #4]
1000391a:	6043      	str	r3, [r0, #4]
1000391c:	688b      	ldr	r3, [r1, #8]
1000391e:	6083      	str	r3, [r0, #8]
10003920:	68cb      	ldr	r3, [r1, #12]
10003922:	60c3      	str	r3, [r0, #12]
10003924:	3010      	adds	r0, #16
10003926:	3110      	adds	r1, #16
10003928:	3a10      	subs	r2, #16
1000392a:	d2f3      	bcs.n	10003914 <memcpy+0x5c>
1000392c:	320c      	adds	r2, #12
1000392e:	d305      	bcc.n	1000393c <memcpy+0x84>
10003930:	f851 3b04 	ldr.w	r3, [r1], #4
10003934:	f840 3b04 	str.w	r3, [r0], #4
10003938:	3a04      	subs	r2, #4
1000393a:	d2f9      	bcs.n	10003930 <memcpy+0x78>
1000393c:	3204      	adds	r2, #4
1000393e:	d008      	beq.n	10003952 <memcpy+0x9a>
10003940:	07d2      	lsls	r2, r2, #31
10003942:	bf1c      	itt	ne
10003944:	f811 3b01 	ldrbne.w	r3, [r1], #1
10003948:	f800 3b01 	strbne.w	r3, [r0], #1
1000394c:	d301      	bcc.n	10003952 <memcpy+0x9a>
1000394e:	880b      	ldrh	r3, [r1, #0]
10003950:	8003      	strh	r3, [r0, #0]
10003952:	4660      	mov	r0, ip
10003954:	4770      	bx	lr
10003956:	bf00      	nop
10003958:	2a08      	cmp	r2, #8
1000395a:	d313      	bcc.n	10003984 <memcpy+0xcc>
1000395c:	078b      	lsls	r3, r1, #30
1000395e:	d0b1      	beq.n	100038c4 <memcpy+0xc>
10003960:	f010 0303 	ands.w	r3, r0, #3
10003964:	d0ae      	beq.n	100038c4 <memcpy+0xc>
10003966:	f1c3 0304 	rsb	r3, r3, #4
1000396a:	1ad2      	subs	r2, r2, r3
1000396c:	07db      	lsls	r3, r3, #31
1000396e:	bf1c      	itt	ne
10003970:	f811 3b01 	ldrbne.w	r3, [r1], #1
10003974:	f800 3b01 	strbne.w	r3, [r0], #1
10003978:	d3a4      	bcc.n	100038c4 <memcpy+0xc>
1000397a:	f831 3b02 	ldrh.w	r3, [r1], #2
1000397e:	f820 3b02 	strh.w	r3, [r0], #2
10003982:	e79f      	b.n	100038c4 <memcpy+0xc>
10003984:	3a04      	subs	r2, #4
10003986:	d3d9      	bcc.n	1000393c <memcpy+0x84>
10003988:	3a01      	subs	r2, #1
1000398a:	f811 3b01 	ldrb.w	r3, [r1], #1
1000398e:	f800 3b01 	strb.w	r3, [r0], #1
10003992:	d2f9      	bcs.n	10003988 <memcpy+0xd0>
10003994:	780b      	ldrb	r3, [r1, #0]
10003996:	7003      	strb	r3, [r0, #0]
10003998:	784b      	ldrb	r3, [r1, #1]
1000399a:	7043      	strb	r3, [r0, #1]
1000399c:	788b      	ldrb	r3, [r1, #2]
1000399e:	7083      	strb	r3, [r0, #2]
100039a0:	4660      	mov	r0, ip
100039a2:	4770      	bx	lr

100039a4 <atexit>:
100039a4:	2300      	movs	r3, #0
100039a6:	4601      	mov	r1, r0
100039a8:	461a      	mov	r2, r3
100039aa:	4618      	mov	r0, r3
100039ac:	f000 b842 	b.w	10003a34 <__register_exitproc>

100039b0 <strlen>:
100039b0:	f020 0103 	bic.w	r1, r0, #3
100039b4:	f010 0003 	ands.w	r0, r0, #3
100039b8:	f1c0 0000 	rsb	r0, r0, #0
100039bc:	f851 3b04 	ldr.w	r3, [r1], #4
100039c0:	f100 0c04 	add.w	ip, r0, #4
100039c4:	ea4f 0ccc 	mov.w	ip, ip, lsl #3
100039c8:	f06f 0200 	mvn.w	r2, #0
100039cc:	bf1c      	itt	ne
100039ce:	fa22 f20c 	lsrne.w	r2, r2, ip
100039d2:	4313      	orrne	r3, r2
100039d4:	f04f 0c01 	mov.w	ip, #1
100039d8:	ea4c 2c0c 	orr.w	ip, ip, ip, lsl #8
100039dc:	ea4c 4c0c 	orr.w	ip, ip, ip, lsl #16
100039e0:	eba3 020c 	sub.w	r2, r3, ip
100039e4:	ea22 0203 	bic.w	r2, r2, r3
100039e8:	ea12 12cc 	ands.w	r2, r2, ip, lsl #7
100039ec:	bf04      	itt	eq
100039ee:	f851 3b04 	ldreq.w	r3, [r1], #4
100039f2:	3004      	addeq	r0, #4
100039f4:	d0f4      	beq.n	100039e0 <strlen+0x30>
100039f6:	f1c2 0100 	rsb	r1, r2, #0
100039fa:	ea02 0201 	and.w	r2, r2, r1
100039fe:	fab2 f282 	clz	r2, r2
10003a02:	f1c2 021f 	rsb	r2, r2, #31
10003a06:	eb00 00d2 	add.w	r0, r0, r2, lsr #3
10003a0a:	4770      	bx	lr

10003a0c <__libc_fini_array>:
10003a0c:	b538      	push	{r3, r4, r5, lr}
10003a0e:	4d07      	ldr	r5, [pc, #28]	@ (10003a2c <__libc_fini_array+0x20>)
10003a10:	4c07      	ldr	r4, [pc, #28]	@ (10003a30 <__libc_fini_array+0x24>)
10003a12:	1b2c      	subs	r4, r5, r4
10003a14:	10a4      	asrs	r4, r4, #2
10003a16:	d005      	beq.n	10003a24 <__libc_fini_array+0x18>
10003a18:	3c01      	subs	r4, #1
10003a1a:	f855 3d04 	ldr.w	r3, [r5, #-4]!
10003a1e:	4798      	blx	r3
10003a20:	2c00      	cmp	r4, #0
10003a22:	d1f9      	bne.n	10003a18 <__libc_fini_array+0xc>
10003a24:	e8bd 4038 	ldmia.w	sp!, {r3, r4, r5, lr}
10003a28:	f000 b840 	b.w	10003aac <_fini>
10003a2c:	10003b3c 	.word	0x10003b3c
10003a30:	10003b3c 	.word	0x10003b3c

10003a34 <__register_exitproc>:
10003a34:	b470      	push	{r4, r5, r6}
10003a36:	4d16      	ldr	r5, [pc, #88]	@ (10003a90 <__register_exitproc+0x5c>)
10003a38:	682c      	ldr	r4, [r5, #0]
10003a3a:	b31c      	cbz	r4, 10003a84 <__register_exitproc+0x50>
10003a3c:	6865      	ldr	r5, [r4, #4]
10003a3e:	2d1f      	cmp	r5, #31
10003a40:	dc23      	bgt.n	10003a8a <__register_exitproc+0x56>
10003a42:	b938      	cbnz	r0, 10003a54 <__register_exitproc+0x20>
10003a44:	1c6b      	adds	r3, r5, #1
10003a46:	2000      	movs	r0, #0
10003a48:	3502      	adds	r5, #2
10003a4a:	6063      	str	r3, [r4, #4]
10003a4c:	f844 1025 	str.w	r1, [r4, r5, lsl #2]
10003a50:	bc70      	pop	{r4, r5, r6}
10003a52:	4770      	bx	lr
10003a54:	eb04 0c85 	add.w	ip, r4, r5, lsl #2
10003a58:	2802      	cmp	r0, #2
10003a5a:	f8cc 2088 	str.w	r2, [ip, #136]	@ 0x88
10003a5e:	f04f 0201 	mov.w	r2, #1
10003a62:	f8d4 6188 	ldr.w	r6, [r4, #392]	@ 0x188
10003a66:	fa02 f205 	lsl.w	r2, r2, r5
10003a6a:	ea46 0602 	orr.w	r6, r6, r2
10003a6e:	f8c4 6188 	str.w	r6, [r4, #392]	@ 0x188
10003a72:	f8cc 3108 	str.w	r3, [ip, #264]	@ 0x108
10003a76:	d1e5      	bne.n	10003a44 <__register_exitproc+0x10>
10003a78:	f8d4 318c 	ldr.w	r3, [r4, #396]	@ 0x18c
10003a7c:	4313      	orrs	r3, r2
10003a7e:	f8c4 318c 	str.w	r3, [r4, #396]	@ 0x18c
10003a82:	e7df      	b.n	10003a44 <__register_exitproc+0x10>
10003a84:	4c03      	ldr	r4, [pc, #12]	@ (10003a94 <__register_exitproc+0x60>)
10003a86:	602c      	str	r4, [r5, #0]
10003a88:	e7d8      	b.n	10003a3c <__register_exitproc+0x8>
10003a8a:	f04f 30ff 	mov.w	r0, #4294967295	@ 0xffffffff
10003a8e:	e7df      	b.n	10003a50 <__register_exitproc+0x1c>
10003a90:	2000117c 	.word	0x2000117c
10003a94:	20000fec 	.word	0x20000fec

10003a98 <register_fini>:
10003a98:	4b02      	ldr	r3, [pc, #8]	@ (10003aa4 <register_fini+0xc>)
10003a9a:	b113      	cbz	r3, 10003aa2 <register_fini+0xa>
10003a9c:	4802      	ldr	r0, [pc, #8]	@ (10003aa8 <register_fini+0x10>)
10003a9e:	f7ff bf81 	b.w	100039a4 <atexit>
10003aa2:	4770      	bx	lr
10003aa4:	00000000 	.word	0x00000000
10003aa8:	10003a0d 	.word	0x10003a0d

10003aac <_fini>:
10003aac:	b5f8      	push	{r3, r4, r5, r6, r7, lr}
10003aae:	bf00      	nop

10003ab0 <__e15_is_bulkin_ep_veneer>:
10003ab0:	f85f f000 	ldr.w	pc, [pc]	@ 10003ab4 <__e15_is_bulkin_ep_veneer+0x4>
10003ab4:	20000a1d 	.word	0x20000a1d

10003ab8 <__mutex_enter_timeout_ms_veneer>:
10003ab8:	f85f f000 	ldr.w	pc, [pc]	@ 10003abc <__mutex_enter_timeout_ms_veneer+0x4>
10003abc:	200001ed 	.word	0x200001ed

10003ac0 <__hw_endpoint_start_next_buffer_veneer>:
10003ac0:	f85f f000 	ldr.w	pc, [pc]	@ 10003ac4 <__hw_endpoint_start_next_buffer_veneer+0x4>
10003ac4:	20000abd 	.word	0x20000abd

10003ac8 <__mutex_exit_veneer>:
10003ac8:	f85f f000 	ldr.w	pc, [pc]	@ 10003acc <__mutex_exit_veneer+0x4>
10003acc:	20000225 	.word	0x20000225

10003ad0 <__reset_non_control_endpoints_veneer>:
10003ad0:	f85f f000 	ldr.w	pc, [pc]	@ 10003ad4 <__reset_non_control_endpoints_veneer+0x4>
10003ad4:	20000261 	.word	0x20000261

10003ad8 <___hw_endpoint_buffer_control_update32_veneer>:
10003ad8:	f85f f000 	ldr.w	pc, [pc]	@ 10003adc <___hw_endpoint_buffer_control_update32_veneer+0x4>
10003adc:	20000a79 	.word	0x20000a79

10003ae0 <__mutex_try_enter_block_until_veneer>:
10003ae0:	f85f f000 	ldr.w	pc, [pc]	@ 10003ae4 <__mutex_try_enter_block_until_veneer+0x4>
10003ae4:	20000181 	.word	0x20000181

10003ae8 <__e15_is_critical_frame_period_veneer>:
10003ae8:	f85f f000 	ldr.w	pc, [pc]	@ 10003aec <__e15_is_critical_frame_period_veneer+0x4>
10003aec:	20000a45 	.word	0x20000a45

10003af0 <__pre_init_runtime_init_bootrom_reset>:
10003af0:	100016b5                                ....

10003af4 <__pre_init_runtime_init_early_resets>:
10003af4:	10001629                                )...

10003af8 <__pre_init_runtime_init_usb_power_down>:
10003af8:	1000165d                                ]...

10003afc <__pre_init_runtime_init_clocks>:
10003afc:	10001749                                I...

10003b00 <__pre_init_runtime_init_post_clock_resets>:
10003b00:	10001695                                ....

10003b04 <__pre_init_runtime_init_boot_locks_reset>:
10003b04:	100015ad                                ....

10003b08 <__pre_init_runtime_init_spin_locks_reset>:
10003b08:	100016dd                                ....

10003b0c <__pre_init_runtime_init_bootrom_locking_enable>:
10003b0c:	10001599                                ....

10003b10 <__pre_init_runtime_init_mutex>:
10003b10:	10000a8d                                ....

10003b14 <__pre_init_runtime_init_install_ram_vector_table>:
10003b14:	100016e1                                ....

10003b18 <__pre_init_runtime_init_default_alarm_pool>:
10003b18:	10000e41                                A...

10003b1c <__pre_init_first_per_core_initializer>:
10003b1c:	100015f9                                ....

10003b20 <__pre_init_runtime_init_per_core_bootrom_reset>:
10003b20:	100016c9                                ....

10003b24 <__pre_init_runtime_init_per_core_enable_coprocessors>:
10003b24:	10001679                                y...

10003b28 <__pre_init_spinlock_set_extexclall>:
10003b28:	100004ed                                ....

10003b2c <__pre_init_runtime_init_per_core_irq_priorities>:
10003b2c:	10000515                                ....

10003b30 <__init_array_start>:
10003b30:	10003a99 	.word	0x10003a99
10003b34:	100037e5 	.word	0x100037e5

10003b38 <__frame_dummy_init_array_entry>:
10003b38:	10000255                                U...

Disassembly of section .data:

20000110 <mutex_enter_block_until>:
20000110:	f04f 4150 	mov.w	r1, #3489660928	@ 0xd0000000
20000114:	e92d 41f0 	stmdb	sp!, {r4, r5, r6, r7, r8, lr}
20000118:	2700      	movs	r7, #0
2000011a:	4604      	mov	r4, r0
2000011c:	4616      	mov	r6, r2
2000011e:	461d      	mov	r5, r3
20000120:	f8d1 8000 	ldr.w	r8, [r1]
20000124:	e009      	b.n	2000013a <mutex_enter_block_until+0x2a>
20000126:	6823      	ldr	r3, [r4, #0]
20000128:	e8c3 7f8f 	stlb	r7, [r3]
2000012c:	f38c 8810 	msr	PRIMASK, ip
20000130:	4630      	mov	r0, r6
20000132:	4629      	mov	r1, r5
20000134:	f000 fe30 	bl	20000d98 <__best_effort_wfe_or_timeout_veneer>
20000138:	b9f0      	cbnz	r0, 20000178 <mutex_enter_block_until+0x68>
2000013a:	6821      	ldr	r1, [r4, #0]
2000013c:	f3ef 8c10 	mrs	ip, PRIMASK
20000140:	b672      	cpsid	i
20000142:	e8d1 2fcf 	ldaexb	r2, [r1]
20000146:	2301      	movs	r3, #1
20000148:	2a00      	cmp	r2, #0
2000014a:	d1fa      	bne.n	20000142 <mutex_enter_block_until+0x32>
2000014c:	e8c1 3f42 	strexb	r2, r3, [r1]
20000150:	2a00      	cmp	r2, #0
20000152:	d1f6      	bne.n	20000142 <mutex_enter_block_until+0x32>
20000154:	f3bf 8f5f 	dmb	sy
20000158:	f994 e004 	ldrsb.w	lr, [r4, #4]
2000015c:	f1be 0f00 	cmp.w	lr, #0
20000160:	dae1      	bge.n	20000126 <mutex_enter_block_until+0x16>
20000162:	2300      	movs	r3, #0
20000164:	6822      	ldr	r2, [r4, #0]
20000166:	f884 8004 	strb.w	r8, [r4, #4]
2000016a:	e8c2 3f8f 	stlb	r3, [r2]
2000016e:	f38c 8810 	msr	PRIMASK, ip
20000172:	2001      	movs	r0, #1
20000174:	e8bd 81f0 	ldmia.w	sp!, {r4, r5, r6, r7, r8, pc}
20000178:	2000      	movs	r0, #0
2000017a:	e8bd 81f0 	ldmia.w	sp!, {r4, r5, r6, r7, r8, pc}
2000017e:	bf00      	nop

20000180 <mutex_try_enter_block_until>:
20000180:	b530      	push	{r4, r5, lr}
20000182:	4601      	mov	r1, r0
20000184:	6804      	ldr	r4, [r0, #0]
20000186:	f3ef 8c10 	mrs	ip, PRIMASK
2000018a:	b672      	cpsid	i
2000018c:	e8d4 efcf 	ldaexb	lr, [r4]
20000190:	2501      	movs	r5, #1
20000192:	f1be 0f00 	cmp.w	lr, #0
20000196:	d1f9      	bne.n	2000018c <mutex_try_enter_block_until+0xc>
20000198:	e8c4 5f4e 	strexb	lr, r5, [r4]
2000019c:	f1be 0f00 	cmp.w	lr, #0
200001a0:	d1f4      	bne.n	2000018c <mutex_try_enter_block_until+0xc>
200001a2:	f3bf 8f5f 	dmb	sy
200001a6:	f990 4004 	ldrsb.w	r4, [r0, #4]
200001aa:	2c00      	cmp	r4, #0
200001ac:	db11      	blt.n	200001d2 <mutex_try_enter_block_until+0x52>
200001ae:	2100      	movs	r1, #0
200001b0:	6805      	ldr	r5, [r0, #0]
200001b2:	e8c5 1f8f 	stlb	r1, [r5]
200001b6:	f38c 8810 	msr	PRIMASK, ip
200001ba:	f04f 4c50 	mov.w	ip, #3489660928	@ 0xd0000000
200001be:	f99c c000 	ldrsb.w	ip, [ip]
200001c2:	45a4      	cmp	ip, r4
200001c4:	d101      	bne.n	200001ca <mutex_try_enter_block_until+0x4a>
200001c6:	4608      	mov	r0, r1
200001c8:	bd30      	pop	{r4, r5, pc}
200001ca:	e8bd 4030 	ldmia.w	sp!, {r4, r5, lr}
200001ce:	f7ff bf9f 	b.w	20000110 <mutex_enter_block_until>
200001d2:	f04f 4050 	mov.w	r0, #3489660928	@ 0xd0000000
200001d6:	6800      	ldr	r0, [r0, #0]
200001d8:	2300      	movs	r3, #0
200001da:	680a      	ldr	r2, [r1, #0]
200001dc:	7108      	strb	r0, [r1, #4]
200001de:	e8c2 3f8f 	stlb	r3, [r2]
200001e2:	f38c 8810 	msr	PRIMASK, ip
200001e6:	2001      	movs	r0, #1
200001e8:	bd30      	pop	{r4, r5, pc}
200001ea:	bf00      	nop

200001ec <mutex_enter_timeout_ms>:
200001ec:	b570      	push	{r4, r5, r6, lr}
200001ee:	4605      	mov	r5, r0
200001f0:	460c      	mov	r4, r1
200001f2:	f000 fdc5 	bl	20000d80 <__time_us_64_veneer>
200001f6:	4602      	mov	r2, r0
200001f8:	460b      	mov	r3, r1
200001fa:	f44f 707a 	mov.w	r0, #1000	@ 0x3e8
200001fe:	f04f 3eff 	mov.w	lr, #4294967295	@ 0xffffffff
20000202:	f06f 4c00 	mvn.w	ip, #2147483648	@ 0x80000000
20000206:	fbe4 2300 	umlal	r2, r3, r4, r0
2000020a:	4596      	cmp	lr, r2
2000020c:	eb7c 0103 	sbcs.w	r1, ip, r3
20000210:	bf38      	it	cc
20000212:	4672      	movcc	r2, lr
20000214:	4628      	mov	r0, r5
20000216:	e8bd 4070 	ldmia.w	sp!, {r4, r5, r6, lr}
2000021a:	bf38      	it	cc
2000021c:	4663      	movcc	r3, ip
2000021e:	f7ff bf77 	b.w	20000110 <mutex_enter_block_until>
20000222:	bf00      	nop

20000224 <mutex_exit>:
20000224:	6803      	ldr	r3, [r0, #0]
20000226:	f3ef 8210 	mrs	r2, PRIMASK
2000022a:	b672      	cpsid	i
2000022c:	e8d3 cfcf 	ldaexb	ip, [r3]
20000230:	2101      	movs	r1, #1
20000232:	f1bc 0f00 	cmp.w	ip, #0
20000236:	d1f9      	bne.n	2000022c <mutex_exit+0x8>
20000238:	e8c3 1f4c 	strexb	ip, r1, [r3]
2000023c:	f1bc 0f00 	cmp.w	ip, #0
20000240:	d1f4      	bne.n	2000022c <mutex_exit+0x8>
20000242:	f3bf 8f5f 	dmb	sy
20000246:	f04f 0cff 	mov.w	ip, #255	@ 0xff
2000024a:	2300      	movs	r3, #0
2000024c:	6801      	ldr	r1, [r0, #0]
2000024e:	f880 c004 	strb.w	ip, [r0, #4]
20000252:	e8c1 3f8f 	stlb	r3, [r1]
20000256:	f382 8810 	msr	PRIMASK, r2
2000025a:	bf40      	sev
2000025c:	4770      	bx	lr
2000025e:	bf00      	nop

20000260 <reset_non_control_endpoints>:
20000260:	2100      	movs	r1, #0
20000262:	b508      	push	{r3, lr}
20000264:	4b13      	ldr	r3, [pc, #76]	@ (200002b4 <reset_non_control_endpoints+0x54>)
20000266:	f44f 7270 	mov.w	r2, #960	@ 0x3c0
2000026a:	6099      	str	r1, [r3, #8]
2000026c:	4812      	ldr	r0, [pc, #72]	@ (200002b8 <reset_non_control_endpoints+0x58>)
2000026e:	60d9      	str	r1, [r3, #12]
20000270:	6119      	str	r1, [r3, #16]
20000272:	6159      	str	r1, [r3, #20]
20000274:	6199      	str	r1, [r3, #24]
20000276:	61d9      	str	r1, [r3, #28]
20000278:	6219      	str	r1, [r3, #32]
2000027a:	6259      	str	r1, [r3, #36]	@ 0x24
2000027c:	6299      	str	r1, [r3, #40]	@ 0x28
2000027e:	62d9      	str	r1, [r3, #44]	@ 0x2c
20000280:	6319      	str	r1, [r3, #48]	@ 0x30
20000282:	6359      	str	r1, [r3, #52]	@ 0x34
20000284:	6399      	str	r1, [r3, #56]	@ 0x38
20000286:	63d9      	str	r1, [r3, #60]	@ 0x3c
20000288:	6419      	str	r1, [r3, #64]	@ 0x40
2000028a:	6459      	str	r1, [r3, #68]	@ 0x44
2000028c:	6499      	str	r1, [r3, #72]	@ 0x48
2000028e:	64d9      	str	r1, [r3, #76]	@ 0x4c
20000290:	6519      	str	r1, [r3, #80]	@ 0x50
20000292:	6559      	str	r1, [r3, #84]	@ 0x54
20000294:	6599      	str	r1, [r3, #88]	@ 0x58
20000296:	65d9      	str	r1, [r3, #92]	@ 0x5c
20000298:	6619      	str	r1, [r3, #96]	@ 0x60
2000029a:	6659      	str	r1, [r3, #100]	@ 0x64
2000029c:	6699      	str	r1, [r3, #104]	@ 0x68
2000029e:	66d9      	str	r1, [r3, #108]	@ 0x6c
200002a0:	6719      	str	r1, [r3, #112]	@ 0x70
200002a2:	6759      	str	r1, [r3, #116]	@ 0x74
200002a4:	6799      	str	r1, [r3, #120]	@ 0x78
200002a6:	67d9      	str	r1, [r3, #124]	@ 0x7c
200002a8:	f000 fd66 	bl	20000d78 <__memset_veneer>
200002ac:	4b03      	ldr	r3, [pc, #12]	@ (200002bc <reset_non_control_endpoints+0x5c>)
200002ae:	4a04      	ldr	r2, [pc, #16]	@ (200002c0 <reset_non_control_endpoints+0x60>)
200002b0:	601a      	str	r2, [r3, #0]
200002b2:	bd08      	pop	{r3, pc}
200002b4:	50100000 	.word	0x50100000
200002b8:	20001530 	.word	0x20001530
200002bc:	200018f4 	.word	0x200018f4
200002c0:	50100180 	.word	0x50100180

200002c4 <hw_handle_buff_status>:
200002c4:	e92d 4ff0 	stmdb	sp!, {r4, r5, r6, r7, r8, r9, sl, fp, lr}
200002c8:	4b20      	ldr	r3, [pc, #128]	@ (2000034c <hw_handle_buff_status+0x88>)
200002ca:	b085      	sub	sp, #20
200002cc:	6d9e      	ldr	r6, [r3, #88]	@ 0x58
200002ce:	b30e      	cbz	r6, 20000314 <hw_handle_buff_status+0x50>
200002d0:	2400      	movs	r4, #0
200002d2:	2501      	movs	r5, #1
200002d4:	4f1e      	ldr	r7, [pc, #120]	@ (20000350 <hw_handle_buff_status+0x8c>)
200002d6:	e001      	b.n	200002dc <hw_handle_buff_status+0x18>
200002d8:	2c20      	cmp	r4, #32
200002da:	d01b      	beq.n	20000314 <hw_handle_buff_status+0x50>
200002dc:	ea06 0305 	and.w	r3, r6, r5
200002e0:	1c62      	adds	r2, r4, #1
200002e2:	4621      	mov	r1, r4
200002e4:	46aa      	mov	sl, r5
200002e6:	b2d4      	uxtb	r4, r2
200002e8:	006d      	lsls	r5, r5, #1
200002ea:	2b00      	cmp	r3, #0
200002ec:	d0f4      	beq.n	200002d8 <hw_handle_buff_status+0x14>
200002ee:	2302      	movs	r3, #2
200002f0:	f004 0801 	and.w	r8, r4, #1
200002f4:	ea4f 0951 	mov.w	r9, r1, lsr #1
200002f8:	fb13 8b09 	smlabb	fp, r3, r9, r8
200002fc:	4b15      	ldr	r3, [pc, #84]	@ (20000354 <hw_handle_buff_status+0x90>)
200002fe:	eb07 1b4b 	add.w	fp, r7, fp, lsl #5
20000302:	4658      	mov	r0, fp
20000304:	f8c3 a058 	str.w	sl, [r3, #88]	@ 0x58
20000308:	f000 fc0a 	bl	20000b20 <hw_endpoint_xfer_continue>
2000030c:	b928      	cbnz	r0, 2000031a <hw_handle_buff_status+0x56>
2000030e:	ea36 060a 	bics.w	r6, r6, sl
20000312:	d1e1      	bne.n	200002d8 <hw_handle_buff_status+0x14>
20000314:	b005      	add	sp, #20
20000316:	e8bd 8ff0 	ldmia.w	sp!, {r4, r5, r6, r7, r8, r9, sl, fp, pc}
2000031a:	f44f 62e0 	mov.w	r2, #1792	@ 0x700
2000031e:	f8ad 2004 	strh.w	r2, [sp, #4]
20000322:	2200      	movs	r2, #0
20000324:	eb08 0349 	add.w	r3, r8, r9, lsl #1
20000328:	eb07 1343 	add.w	r3, r7, r3, lsl #5
2000032c:	f88d 2009 	strb.w	r2, [sp, #9]
20000330:	789a      	ldrb	r2, [r3, #2]
20000332:	8adb      	ldrh	r3, [r3, #22]
20000334:	a801      	add	r0, sp, #4
20000336:	2101      	movs	r1, #1
20000338:	f88d 2008 	strb.w	r2, [sp, #8]
2000033c:	9303      	str	r3, [sp, #12]
2000033e:	f000 fc0d 	bl	20000b5c <dcd_event_handler>
20000342:	4658      	mov	r0, fp
20000344:	f000 fb92 	bl	20000a6c <hw_endpoint_reset_transfer>
20000348:	e7e1      	b.n	2000030e <hw_handle_buff_status+0x4a>
2000034a:	bf00      	nop
2000034c:	50110000 	.word	0x50110000
20000350:	200014f0 	.word	0x200014f0
20000354:	50113000 	.word	0x50113000

20000358 <dcd_rp2040_irq>:
20000358:	b5f0      	push	{r4, r5, r6, r7, lr}
2000035a:	4bb2      	ldr	r3, [pc, #712]	@ (20000624 <dcd_rp2040_irq+0x2cc>)
2000035c:	b085      	sub	sp, #20
2000035e:	f8d3 5098 	ldr.w	r5, [r3, #152]	@ 0x98
20000362:	f415 3600 	ands.w	r6, r5, #131072	@ 0x20000
20000366:	d074      	beq.n	20000452 <dcd_rp2040_irq+0xfa>
20000368:	4baf      	ldr	r3, [pc, #700]	@ (20000628 <dcd_rp2040_irq+0x2d0>)
2000036a:	4cb0      	ldr	r4, [pc, #704]	@ (2000062c <dcd_rp2040_irq+0x2d4>)
2000036c:	6a99      	ldr	r1, [r3, #40]	@ 0x28
2000036e:	f894 303b 	ldrb.w	r3, [r4, #59]	@ 0x3b
20000372:	4aaf      	ldr	r2, [pc, #700]	@ (20000630 <dcd_rp2040_irq+0x2d8>)
20000374:	2b02      	cmp	r3, #2
20000376:	6011      	str	r1, [r2, #0]
20000378:	f000 80f9 	beq.w	2000056e <dcd_rp2040_irq+0x216>
2000037c:	2600      	movs	r6, #0
2000037e:	f894 307b 	ldrb.w	r3, [r4, #123]	@ 0x7b
20000382:	2b02      	cmp	r3, #2
20000384:	f000 81d4 	beq.w	20000730 <dcd_rp2040_irq+0x3d8>
20000388:	f894 30bb 	ldrb.w	r3, [r4, #187]	@ 0xbb
2000038c:	2b02      	cmp	r3, #2
2000038e:	f000 81c5 	beq.w	2000071c <dcd_rp2040_irq+0x3c4>
20000392:	f894 30fb 	ldrb.w	r3, [r4, #251]	@ 0xfb
20000396:	2b02      	cmp	r3, #2
20000398:	f000 81b6 	beq.w	20000708 <dcd_rp2040_irq+0x3b0>
2000039c:	f894 313b 	ldrb.w	r3, [r4, #315]	@ 0x13b
200003a0:	2b02      	cmp	r3, #2
200003a2:	f000 81a6 	beq.w	200006f2 <dcd_rp2040_irq+0x39a>
200003a6:	f894 317b 	ldrb.w	r3, [r4, #379]	@ 0x17b
200003aa:	2b02      	cmp	r3, #2
200003ac:	f000 8196 	beq.w	200006dc <dcd_rp2040_irq+0x384>
200003b0:	f894 31bb 	ldrb.w	r3, [r4, #443]	@ 0x1bb
200003b4:	2b02      	cmp	r3, #2
200003b6:	f000 8186 	beq.w	200006c6 <dcd_rp2040_irq+0x36e>
200003ba:	f894 31fb 	ldrb.w	r3, [r4, #507]	@ 0x1fb
200003be:	2b02      	cmp	r3, #2
200003c0:	f000 8176 	beq.w	200006b0 <dcd_rp2040_irq+0x358>
200003c4:	f894 323b 	ldrb.w	r3, [r4, #571]	@ 0x23b
200003c8:	2b02      	cmp	r3, #2
200003ca:	f000 8165 	beq.w	20000698 <dcd_rp2040_irq+0x340>
200003ce:	f894 327b 	ldrb.w	r3, [r4, #635]	@ 0x27b
200003d2:	2b02      	cmp	r3, #2
200003d4:	f000 8154 	beq.w	20000680 <dcd_rp2040_irq+0x328>
200003d8:	f894 32bb 	ldrb.w	r3, [r4, #699]	@ 0x2bb
200003dc:	2b02      	cmp	r3, #2
200003de:	f000 8143 	beq.w	20000668 <dcd_rp2040_irq+0x310>
200003e2:	f894 32fb 	ldrb.w	r3, [r4, #763]	@ 0x2fb
200003e6:	2b02      	cmp	r3, #2
200003e8:	f000 8132 	beq.w	20000650 <dcd_rp2040_irq+0x2f8>
200003ec:	f894 333b 	ldrb.w	r3, [r4, #827]	@ 0x33b
200003f0:	2b02      	cmp	r3, #2
200003f2:	f000 810a 	beq.w	2000060a <dcd_rp2040_irq+0x2b2>
200003f6:	f894 337b 	ldrb.w	r3, [r4, #891]	@ 0x37b
200003fa:	2b02      	cmp	r3, #2
200003fc:	f000 80c9 	beq.w	20000592 <dcd_rp2040_irq+0x23a>
20000400:	f894 33bb 	ldrb.w	r3, [r4, #955]	@ 0x3bb
20000404:	2b02      	cmp	r3, #2
20000406:	f000 80ec 	beq.w	200005e2 <dcd_rp2040_irq+0x28a>
2000040a:	f894 33fb 	ldrb.w	r3, [r4, #1019]	@ 0x3fb
2000040e:	2b02      	cmp	r3, #2
20000410:	f000 80d6 	beq.w	200005c0 <dcd_rp2040_irq+0x268>
20000414:	b93e      	cbnz	r6, 20000426 <dcd_rp2040_irq+0xce>
20000416:	4b87      	ldr	r3, [pc, #540]	@ (20000634 <dcd_rp2040_irq+0x2dc>)
20000418:	781b      	ldrb	r3, [r3, #0]
2000041a:	b923      	cbnz	r3, 20000426 <dcd_rp2040_irq+0xce>
2000041c:	f44f 3200 	mov.w	r2, #131072	@ 0x20000
20000420:	4b85      	ldr	r3, [pc, #532]	@ (20000638 <dcd_rp2040_irq+0x2e0>)
20000422:	f8c3 2090 	str.w	r2, [r3, #144]	@ 0x90
20000426:	f44f 7240 	mov.w	r2, #768	@ 0x300
2000042a:	4b7e      	ldr	r3, [pc, #504]	@ (20000624 <dcd_rp2040_irq+0x2cc>)
2000042c:	2101      	movs	r1, #1
2000042e:	6c9b      	ldr	r3, [r3, #72]	@ 0x48
20000430:	a801      	add	r0, sp, #4
20000432:	f3c3 030a 	ubfx	r3, r3, #0, #11
20000436:	f8ad 2004 	strh.w	r2, [sp, #4]
2000043a:	9302      	str	r3, [sp, #8]
2000043c:	f000 fb8e 	bl	20000b5c <dcd_event_handler>
20000440:	06ea      	lsls	r2, r5, #27
20000442:	f44f 3600 	mov.w	r6, #131072	@ 0x20000
20000446:	4c7d      	ldr	r4, [pc, #500]	@ (2000063c <dcd_rp2040_irq+0x2e4>)
20000448:	d507      	bpl.n	2000045a <dcd_rp2040_irq+0x102>
2000044a:	f7ff ff3b 	bl	200002c4 <hw_handle_buff_status>
2000044e:	4626      	mov	r6, r4
20000450:	e003      	b.n	2000045a <dcd_rp2040_irq+0x102>
20000452:	06ea      	lsls	r2, r5, #27
20000454:	f04f 0410 	mov.w	r4, #16
20000458:	d4f7      	bmi.n	2000044a <dcd_rp2040_irq+0xf2>
2000045a:	03eb      	lsls	r3, r5, #15
2000045c:	d532      	bpl.n	200004c4 <dcd_rp2040_irq+0x16c>
2000045e:	4c73      	ldr	r4, [pc, #460]	@ (2000062c <dcd_rp2040_irq+0x2d4>)
20000460:	f446 3680 	orr.w	r6, r6, #65536	@ 0x10000
20000464:	7ea3      	ldrb	r3, [r4, #26]
20000466:	b19b      	cbz	r3, 20000490 <dcd_rp2040_irq+0x138>
20000468:	2102      	movs	r1, #2
2000046a:	4b75      	ldr	r3, [pc, #468]	@ (20000640 <dcd_rp2040_irq+0x2e8>)
2000046c:	4a6d      	ldr	r2, [pc, #436]	@ (20000624 <dcd_rp2040_irq+0x2cc>)
2000046e:	6619      	str	r1, [r3, #96]	@ 0x60
20000470:	6e53      	ldr	r3, [r2, #100]	@ 0x64
20000472:	079f      	lsls	r7, r3, #30
20000474:	d5fc      	bpl.n	20000470 <dcd_rp2040_irq+0x118>
20000476:	f44f 5240 	mov.w	r2, #12288	@ 0x3000
2000047a:	2100      	movs	r1, #0
2000047c:	486b      	ldr	r0, [pc, #428]	@ (2000062c <dcd_rp2040_irq+0x2d4>)
2000047e:	f000 fafb 	bl	20000a78 <_hw_endpoint_buffer_control_update32>
20000482:	486a      	ldr	r0, [pc, #424]	@ (2000062c <dcd_rp2040_irq+0x2d4>)
20000484:	f000 faf2 	bl	20000a6c <hw_endpoint_reset_transfer>
20000488:	2202      	movs	r2, #2
2000048a:	4b6b      	ldr	r3, [pc, #428]	@ (20000638 <dcd_rp2040_irq+0x2e0>)
2000048c:	665a      	str	r2, [r3, #100]	@ 0x64
2000048e:	661a      	str	r2, [r3, #96]	@ 0x60
20000490:	2301      	movs	r3, #1
20000492:	f894 203a 	ldrb.w	r2, [r4, #58]	@ 0x3a
20000496:	70e3      	strb	r3, [r4, #3]
20000498:	b9fa      	cbnz	r2, 200004da <dcd_rp2040_irq+0x182>
2000049a:	2301      	movs	r3, #1
2000049c:	f44f 61c0 	mov.w	r1, #1536	@ 0x600
200004a0:	4a68      	ldr	r2, [pc, #416]	@ (20000644 <dcd_rp2040_irq+0x2ec>)
200004a2:	f884 3023 	strb.w	r3, [r4, #35]	@ 0x23
200004a6:	f8ad 1004 	strh.w	r1, [sp, #4]
200004aa:	e892 0003 	ldmia.w	r2, {r0, r1}
200004ae:	aa04      	add	r2, sp, #16
200004b0:	e902 0003 	stmdb	r2, {r0, r1}
200004b4:	4619      	mov	r1, r3
200004b6:	a801      	add	r0, sp, #4
200004b8:	f000 fb50 	bl	20000b5c <dcd_event_handler>
200004bc:	f44f 3200 	mov.w	r2, #131072	@ 0x20000
200004c0:	4b5d      	ldr	r3, [pc, #372]	@ (20000638 <dcd_rp2040_irq+0x2e0>)
200004c2:	651a      	str	r2, [r3, #80]	@ 0x50
200004c4:	04e9      	lsls	r1, r5, #19
200004c6:	d41d      	bmi.n	20000504 <dcd_rp2040_irq+0x1ac>
200004c8:	046a      	lsls	r2, r5, #17
200004ca:	d432      	bmi.n	20000532 <dcd_rp2040_irq+0x1da>
200004cc:	042b      	lsls	r3, r5, #16
200004ce:	d43f      	bmi.n	20000550 <dcd_rp2040_irq+0x1f8>
200004d0:	42ae      	cmp	r6, r5
200004d2:	f040 81a5 	bne.w	20000820 <dcd_rp2040_irq+0x4c8>
200004d6:	b005      	add	sp, #20
200004d8:	bdf0      	pop	{r4, r5, r6, r7, pc}
200004da:	4a59      	ldr	r2, [pc, #356]	@ (20000640 <dcd_rp2040_irq+0x2e8>)
200004dc:	6613      	str	r3, [r2, #96]	@ 0x60
200004de:	f5a2 5200 	sub.w	r2, r2, #8192	@ 0x2000
200004e2:	6e53      	ldr	r3, [r2, #100]	@ 0x64
200004e4:	07d8      	lsls	r0, r3, #31
200004e6:	d5fc      	bpl.n	200004e2 <dcd_rp2040_irq+0x18a>
200004e8:	f44f 5240 	mov.w	r2, #12288	@ 0x3000
200004ec:	2100      	movs	r1, #0
200004ee:	4856      	ldr	r0, [pc, #344]	@ (20000648 <dcd_rp2040_irq+0x2f0>)
200004f0:	f000 fac2 	bl	20000a78 <_hw_endpoint_buffer_control_update32>
200004f4:	4854      	ldr	r0, [pc, #336]	@ (20000648 <dcd_rp2040_irq+0x2f0>)
200004f6:	f000 fab9 	bl	20000a6c <hw_endpoint_reset_transfer>
200004fa:	2201      	movs	r2, #1
200004fc:	4b4e      	ldr	r3, [pc, #312]	@ (20000638 <dcd_rp2040_irq+0x2e0>)
200004fe:	665a      	str	r2, [r3, #100]	@ 0x64
20000500:	661a      	str	r2, [r3, #96]	@ 0x60
20000502:	e7ca      	b.n	2000049a <dcd_rp2040_irq+0x142>
20000504:	2400      	movs	r4, #0
20000506:	4b47      	ldr	r3, [pc, #284]	@ (20000624 <dcd_rp2040_irq+0x2cc>)
20000508:	f446 5680 	orr.w	r6, r6, #4096	@ 0x1000
2000050c:	601c      	str	r4, [r3, #0]
2000050e:	f7ff fea7 	bl	20000260 <reset_non_control_endpoints>
20000512:	f44f 7380 	mov.w	r3, #256	@ 0x100
20000516:	2101      	movs	r1, #1
20000518:	a801      	add	r0, sp, #4
2000051a:	f8ad 3004 	strh.w	r3, [sp, #4]
2000051e:	f88d 4008 	strb.w	r4, [sp, #8]
20000522:	f000 fb1b 	bl	20000b5c <dcd_event_handler>
20000526:	f44f 2200 	mov.w	r2, #524288	@ 0x80000
2000052a:	4b43      	ldr	r3, [pc, #268]	@ (20000638 <dcd_rp2040_irq+0x2e0>)
2000052c:	651a      	str	r2, [r3, #80]	@ 0x50
2000052e:	046a      	lsls	r2, r5, #17
20000530:	d5cc      	bpl.n	200004cc <dcd_rp2040_irq+0x174>
20000532:	f44f 6380 	mov.w	r3, #1024	@ 0x400
20000536:	2101      	movs	r1, #1
20000538:	a801      	add	r0, sp, #4
2000053a:	f8ad 3004 	strh.w	r3, [sp, #4]
2000053e:	f000 fb0d 	bl	20000b5c <dcd_event_handler>
20000542:	2210      	movs	r2, #16
20000544:	4b3c      	ldr	r3, [pc, #240]	@ (20000638 <dcd_rp2040_irq+0x2e0>)
20000546:	f446 4680 	orr.w	r6, r6, #16384	@ 0x4000
2000054a:	651a      	str	r2, [r3, #80]	@ 0x50
2000054c:	042b      	lsls	r3, r5, #16
2000054e:	d5bf      	bpl.n	200004d0 <dcd_rp2040_irq+0x178>
20000550:	f44f 63a0 	mov.w	r3, #1280	@ 0x500
20000554:	2101      	movs	r1, #1
20000556:	a801      	add	r0, sp, #4
20000558:	f8ad 3004 	strh.w	r3, [sp, #4]
2000055c:	f000 fafe 	bl	20000b5c <dcd_event_handler>
20000560:	f44f 6200 	mov.w	r2, #2048	@ 0x800
20000564:	4b34      	ldr	r3, [pc, #208]	@ (20000638 <dcd_rp2040_irq+0x2e0>)
20000566:	f446 4600 	orr.w	r6, r6, #32768	@ 0x8000
2000056a:	651a      	str	r2, [r3, #80]	@ 0x50
2000056c:	e7b0      	b.n	200004d0 <dcd_rp2040_irq+0x178>
2000056e:	f894 603a 	ldrb.w	r6, [r4, #58]	@ 0x3a
20000572:	2e00      	cmp	r6, #0
20000574:	f43f af03 	beq.w	2000037e <dcd_rp2040_irq+0x26>
20000578:	f894 303c 	ldrb.w	r3, [r4, #60]	@ 0x3c
2000057c:	2b00      	cmp	r3, #0
2000057e:	f43f aefe 	beq.w	2000037e <dcd_rp2040_irq+0x26>
20000582:	2300      	movs	r3, #0
20000584:	f104 0020 	add.w	r0, r4, #32
20000588:	f884 303c 	strb.w	r3, [r4, #60]	@ 0x3c
2000058c:	f000 fa96 	bl	20000abc <hw_endpoint_start_next_buffer>
20000590:	e6f5      	b.n	2000037e <dcd_rp2040_irq+0x26>
20000592:	f894 737a 	ldrb.w	r7, [r4, #890]	@ 0x37a
20000596:	2f00      	cmp	r7, #0
20000598:	f43f af32 	beq.w	20000400 <dcd_rp2040_irq+0xa8>
2000059c:	f894 337c 	ldrb.w	r3, [r4, #892]	@ 0x37c
200005a0:	2b00      	cmp	r3, #0
200005a2:	f040 8136 	bne.w	20000812 <dcd_rp2040_irq+0x4ba>
200005a6:	f894 33bb 	ldrb.w	r3, [r4, #955]	@ 0x3bb
200005aa:	2b02      	cmp	r3, #2
200005ac:	d123      	bne.n	200005f6 <dcd_rp2040_irq+0x29e>
200005ae:	f894 33ba 	ldrb.w	r3, [r4, #954]	@ 0x3ba
200005b2:	b9db      	cbnz	r3, 200005ec <dcd_rp2040_irq+0x294>
200005b4:	f894 33fb 	ldrb.w	r3, [r4, #1019]	@ 0x3fb
200005b8:	2b02      	cmp	r3, #2
200005ba:	f47f af34 	bne.w	20000426 <dcd_rp2040_irq+0xce>
200005be:	463e      	mov	r6, r7
200005c0:	f894 33fa 	ldrb.w	r3, [r4, #1018]	@ 0x3fa
200005c4:	2b00      	cmp	r3, #0
200005c6:	f43f af25 	beq.w	20000414 <dcd_rp2040_irq+0xbc>
200005ca:	f894 33fc 	ldrb.w	r3, [r4, #1020]	@ 0x3fc
200005ce:	2b00      	cmp	r3, #0
200005d0:	f43f af29 	beq.w	20000426 <dcd_rp2040_irq+0xce>
200005d4:	2300      	movs	r3, #0
200005d6:	481d      	ldr	r0, [pc, #116]	@ (2000064c <dcd_rp2040_irq+0x2f4>)
200005d8:	f884 33fc 	strb.w	r3, [r4, #1020]	@ 0x3fc
200005dc:	f000 fa6e 	bl	20000abc <hw_endpoint_start_next_buffer>
200005e0:	e721      	b.n	20000426 <dcd_rp2040_irq+0xce>
200005e2:	f894 33ba 	ldrb.w	r3, [r4, #954]	@ 0x3ba
200005e6:	2b00      	cmp	r3, #0
200005e8:	f43f af0f 	beq.w	2000040a <dcd_rp2040_irq+0xb2>
200005ec:	f894 33bc 	ldrb.w	r3, [r4, #956]	@ 0x3bc
200005f0:	2b00      	cmp	r3, #0
200005f2:	f040 80a7 	bne.w	20000744 <dcd_rp2040_irq+0x3ec>
200005f6:	f894 33fb 	ldrb.w	r3, [r4, #1019]	@ 0x3fb
200005fa:	2b02      	cmp	r3, #2
200005fc:	f47f af13 	bne.w	20000426 <dcd_rp2040_irq+0xce>
20000600:	f894 33fa 	ldrb.w	r3, [r4, #1018]	@ 0x3fa
20000604:	2b00      	cmp	r3, #0
20000606:	d1e0      	bne.n	200005ca <dcd_rp2040_irq+0x272>
20000608:	e70d      	b.n	20000426 <dcd_rp2040_irq+0xce>
2000060a:	f894 733a 	ldrb.w	r7, [r4, #826]	@ 0x33a
2000060e:	2f00      	cmp	r7, #0
20000610:	f43f aef1 	beq.w	200003f6 <dcd_rp2040_irq+0x9e>
20000614:	f894 333c 	ldrb.w	r3, [r4, #828]	@ 0x33c
20000618:	2b00      	cmp	r3, #0
2000061a:	f040 80f2 	bne.w	20000802 <dcd_rp2040_irq+0x4aa>
2000061e:	463e      	mov	r6, r7
20000620:	e6e9      	b.n	200003f6 <dcd_rp2040_irq+0x9e>
20000622:	bf00      	nop
20000624:	50110000 	.word	0x50110000
20000628:	400b0000 	.word	0x400b0000
2000062c:	200014f0 	.word	0x200014f0
20000630:	200014e8 	.word	0x200014e8
20000634:	2000196d 	.word	0x2000196d
20000638:	50113000 	.word	0x50113000
2000063c:	00020010 	.word	0x00020010
20000640:	50112000 	.word	0x50112000
20000644:	50100000 	.word	0x50100000
20000648:	20001510 	.word	0x20001510
2000064c:	200018d0 	.word	0x200018d0
20000650:	f894 72fa 	ldrb.w	r7, [r4, #762]	@ 0x2fa
20000654:	2f00      	cmp	r7, #0
20000656:	f43f aec9 	beq.w	200003ec <dcd_rp2040_irq+0x94>
2000065a:	f894 32fc 	ldrb.w	r3, [r4, #764]	@ 0x2fc
2000065e:	2b00      	cmp	r3, #0
20000660:	f040 80c7 	bne.w	200007f2 <dcd_rp2040_irq+0x49a>
20000664:	463e      	mov	r6, r7
20000666:	e6c1      	b.n	200003ec <dcd_rp2040_irq+0x94>
20000668:	f894 72ba 	ldrb.w	r7, [r4, #698]	@ 0x2ba
2000066c:	2f00      	cmp	r7, #0
2000066e:	f43f aeb8 	beq.w	200003e2 <dcd_rp2040_irq+0x8a>
20000672:	f894 32bc 	ldrb.w	r3, [r4, #700]	@ 0x2bc
20000676:	2b00      	cmp	r3, #0
20000678:	f040 80b3 	bne.w	200007e2 <dcd_rp2040_irq+0x48a>
2000067c:	463e      	mov	r6, r7
2000067e:	e6b0      	b.n	200003e2 <dcd_rp2040_irq+0x8a>
20000680:	f894 727a 	ldrb.w	r7, [r4, #634]	@ 0x27a
20000684:	2f00      	cmp	r7, #0
20000686:	f43f aea7 	beq.w	200003d8 <dcd_rp2040_irq+0x80>
2000068a:	f894 327c 	ldrb.w	r3, [r4, #636]	@ 0x27c
2000068e:	2b00      	cmp	r3, #0
20000690:	f040 809f 	bne.w	200007d2 <dcd_rp2040_irq+0x47a>
20000694:	463e      	mov	r6, r7
20000696:	e69f      	b.n	200003d8 <dcd_rp2040_irq+0x80>
20000698:	f894 723a 	ldrb.w	r7, [r4, #570]	@ 0x23a
2000069c:	2f00      	cmp	r7, #0
2000069e:	f43f ae96 	beq.w	200003ce <dcd_rp2040_irq+0x76>
200006a2:	f894 323c 	ldrb.w	r3, [r4, #572]	@ 0x23c
200006a6:	2b00      	cmp	r3, #0
200006a8:	f040 808b 	bne.w	200007c2 <dcd_rp2040_irq+0x46a>
200006ac:	463e      	mov	r6, r7
200006ae:	e68e      	b.n	200003ce <dcd_rp2040_irq+0x76>
200006b0:	f894 71fa 	ldrb.w	r7, [r4, #506]	@ 0x1fa
200006b4:	2f00      	cmp	r7, #0
200006b6:	f43f ae85 	beq.w	200003c4 <dcd_rp2040_irq+0x6c>
200006ba:	f894 31fc 	ldrb.w	r3, [r4, #508]	@ 0x1fc
200006be:	2b00      	cmp	r3, #0
200006c0:	d177      	bne.n	200007b2 <dcd_rp2040_irq+0x45a>
200006c2:	463e      	mov	r6, r7
200006c4:	e67e      	b.n	200003c4 <dcd_rp2040_irq+0x6c>
200006c6:	f894 71ba 	ldrb.w	r7, [r4, #442]	@ 0x1ba
200006ca:	2f00      	cmp	r7, #0
200006cc:	f43f ae75 	beq.w	200003ba <dcd_rp2040_irq+0x62>
200006d0:	f894 31bc 	ldrb.w	r3, [r4, #444]	@ 0x1bc
200006d4:	2b00      	cmp	r3, #0
200006d6:	d164      	bne.n	200007a2 <dcd_rp2040_irq+0x44a>
200006d8:	463e      	mov	r6, r7
200006da:	e66e      	b.n	200003ba <dcd_rp2040_irq+0x62>
200006dc:	f894 717a 	ldrb.w	r7, [r4, #378]	@ 0x17a
200006e0:	2f00      	cmp	r7, #0
200006e2:	f43f ae65 	beq.w	200003b0 <dcd_rp2040_irq+0x58>
200006e6:	f894 317c 	ldrb.w	r3, [r4, #380]	@ 0x17c
200006ea:	2b00      	cmp	r3, #0
200006ec:	d151      	bne.n	20000792 <dcd_rp2040_irq+0x43a>
200006ee:	463e      	mov	r6, r7
200006f0:	e65e      	b.n	200003b0 <dcd_rp2040_irq+0x58>
200006f2:	f894 713a 	ldrb.w	r7, [r4, #314]	@ 0x13a
200006f6:	2f00      	cmp	r7, #0
200006f8:	f43f ae55 	beq.w	200003a6 <dcd_rp2040_irq+0x4e>
200006fc:	f894 313c 	ldrb.w	r3, [r4, #316]	@ 0x13c
20000700:	2b00      	cmp	r3, #0
20000702:	d13e      	bne.n	20000782 <dcd_rp2040_irq+0x42a>
20000704:	463e      	mov	r6, r7
20000706:	e64e      	b.n	200003a6 <dcd_rp2040_irq+0x4e>
20000708:	f894 70fa 	ldrb.w	r7, [r4, #250]	@ 0xfa
2000070c:	2f00      	cmp	r7, #0
2000070e:	f43f ae45 	beq.w	2000039c <dcd_rp2040_irq+0x44>
20000712:	f894 30fc 	ldrb.w	r3, [r4, #252]	@ 0xfc
20000716:	bb63      	cbnz	r3, 20000772 <dcd_rp2040_irq+0x41a>
20000718:	463e      	mov	r6, r7
2000071a:	e63f      	b.n	2000039c <dcd_rp2040_irq+0x44>
2000071c:	f894 70ba 	ldrb.w	r7, [r4, #186]	@ 0xba
20000720:	2f00      	cmp	r7, #0
20000722:	f43f ae36 	beq.w	20000392 <dcd_rp2040_irq+0x3a>
20000726:	f894 30bc 	ldrb.w	r3, [r4, #188]	@ 0xbc
2000072a:	b9d3      	cbnz	r3, 20000762 <dcd_rp2040_irq+0x40a>
2000072c:	463e      	mov	r6, r7
2000072e:	e630      	b.n	20000392 <dcd_rp2040_irq+0x3a>
20000730:	f894 707a 	ldrb.w	r7, [r4, #122]	@ 0x7a
20000734:	2f00      	cmp	r7, #0
20000736:	f43f ae27 	beq.w	20000388 <dcd_rp2040_irq+0x30>
2000073a:	f894 307c 	ldrb.w	r3, [r4, #124]	@ 0x7c
2000073e:	b943      	cbnz	r3, 20000752 <dcd_rp2040_irq+0x3fa>
20000740:	463e      	mov	r6, r7
20000742:	e621      	b.n	20000388 <dcd_rp2040_irq+0x30>
20000744:	2300      	movs	r3, #0
20000746:	4839      	ldr	r0, [pc, #228]	@ (2000082c <dcd_rp2040_irq+0x4d4>)
20000748:	f884 33bc 	strb.w	r3, [r4, #956]	@ 0x3bc
2000074c:	f000 f9b6 	bl	20000abc <hw_endpoint_start_next_buffer>
20000750:	e751      	b.n	200005f6 <dcd_rp2040_irq+0x29e>
20000752:	2300      	movs	r3, #0
20000754:	4836      	ldr	r0, [pc, #216]	@ (20000830 <dcd_rp2040_irq+0x4d8>)
20000756:	f884 307c 	strb.w	r3, [r4, #124]	@ 0x7c
2000075a:	463e      	mov	r6, r7
2000075c:	f000 f9ae 	bl	20000abc <hw_endpoint_start_next_buffer>
20000760:	e612      	b.n	20000388 <dcd_rp2040_irq+0x30>
20000762:	2300      	movs	r3, #0
20000764:	4833      	ldr	r0, [pc, #204]	@ (20000834 <dcd_rp2040_irq+0x4dc>)
20000766:	f884 30bc 	strb.w	r3, [r4, #188]	@ 0xbc
2000076a:	463e      	mov	r6, r7
2000076c:	f000 f9a6 	bl	20000abc <hw_endpoint_start_next_buffer>
20000770:	e60f      	b.n	20000392 <dcd_rp2040_irq+0x3a>
20000772:	2300      	movs	r3, #0
20000774:	4830      	ldr	r0, [pc, #192]	@ (20000838 <dcd_rp2040_irq+0x4e0>)
20000776:	f884 30fc 	strb.w	r3, [r4, #252]	@ 0xfc
2000077a:	463e      	mov	r6, r7
2000077c:	f000 f99e 	bl	20000abc <hw_endpoint_start_next_buffer>
20000780:	e60c      	b.n	2000039c <dcd_rp2040_irq+0x44>
20000782:	2300      	movs	r3, #0
20000784:	482d      	ldr	r0, [pc, #180]	@ (2000083c <dcd_rp2040_irq+0x4e4>)
20000786:	f884 313c 	strb.w	r3, [r4, #316]	@ 0x13c
2000078a:	463e      	mov	r6, r7
2000078c:	f000 f996 	bl	20000abc <hw_endpoint_start_next_buffer>
20000790:	e609      	b.n	200003a6 <dcd_rp2040_irq+0x4e>
20000792:	2300      	movs	r3, #0
20000794:	482a      	ldr	r0, [pc, #168]	@ (20000840 <dcd_rp2040_irq+0x4e8>)
20000796:	f884 317c 	strb.w	r3, [r4, #380]	@ 0x17c
2000079a:	463e      	mov	r6, r7
2000079c:	f000 f98e 	bl	20000abc <hw_endpoint_start_next_buffer>
200007a0:	e606      	b.n	200003b0 <dcd_rp2040_irq+0x58>
200007a2:	2300      	movs	r3, #0
200007a4:	4827      	ldr	r0, [pc, #156]	@ (20000844 <dcd_rp2040_irq+0x4ec>)
200007a6:	f884 31bc 	strb.w	r3, [r4, #444]	@ 0x1bc
200007aa:	463e      	mov	r6, r7
200007ac:	f000 f986 	bl	20000abc <hw_endpoint_start_next_buffer>
200007b0:	e603      	b.n	200003ba <dcd_rp2040_irq+0x62>
200007b2:	2300      	movs	r3, #0
200007b4:	4824      	ldr	r0, [pc, #144]	@ (20000848 <dcd_rp2040_irq+0x4f0>)
200007b6:	f884 31fc 	strb.w	r3, [r4, #508]	@ 0x1fc
200007ba:	463e      	mov	r6, r7
200007bc:	f000 f97e 	bl	20000abc <hw_endpoint_start_next_buffer>
200007c0:	e600      	b.n	200003c4 <dcd_rp2040_irq+0x6c>
200007c2:	2300      	movs	r3, #0
200007c4:	4821      	ldr	r0, [pc, #132]	@ (2000084c <dcd_rp2040_irq+0x4f4>)
200007c6:	f884 323c 	strb.w	r3, [r4, #572]	@ 0x23c
200007ca:	463e      	mov	r6, r7
200007cc:	f000 f976 	bl	20000abc <hw_endpoint_start_next_buffer>
200007d0:	e5fd      	b.n	200003ce <dcd_rp2040_irq+0x76>
200007d2:	2300      	movs	r3, #0
200007d4:	481e      	ldr	r0, [pc, #120]	@ (20000850 <dcd_rp2040_irq+0x4f8>)
200007d6:	f884 327c 	strb.w	r3, [r4, #636]	@ 0x27c
200007da:	463e      	mov	r6, r7
200007dc:	f000 f96e 	bl	20000abc <hw_endpoint_start_next_buffer>
200007e0:	e5fa      	b.n	200003d8 <dcd_rp2040_irq+0x80>
200007e2:	2300      	movs	r3, #0
200007e4:	481b      	ldr	r0, [pc, #108]	@ (20000854 <dcd_rp2040_irq+0x4fc>)
200007e6:	f884 32bc 	strb.w	r3, [r4, #700]	@ 0x2bc
200007ea:	463e      	mov	r6, r7
200007ec:	f000 f966 	bl	20000abc <hw_endpoint_start_next_buffer>
200007f0:	e5f7      	b.n	200003e2 <dcd_rp2040_irq+0x8a>
200007f2:	2300      	movs	r3, #0
200007f4:	4818      	ldr	r0, [pc, #96]	@ (20000858 <dcd_rp2040_irq+0x500>)
200007f6:	f884 32fc 	strb.w	r3, [r4, #764]	@ 0x2fc
200007fa:	463e      	mov	r6, r7
200007fc:	f000 f95e 	bl	20000abc <hw_endpoint_start_next_buffer>
20000800:	e5f4      	b.n	200003ec <dcd_rp2040_irq+0x94>
20000802:	2300      	movs	r3, #0
20000804:	4815      	ldr	r0, [pc, #84]	@ (2000085c <dcd_rp2040_irq+0x504>)
20000806:	f884 333c 	strb.w	r3, [r4, #828]	@ 0x33c
2000080a:	463e      	mov	r6, r7
2000080c:	f000 f956 	bl	20000abc <hw_endpoint_start_next_buffer>
20000810:	e5f1      	b.n	200003f6 <dcd_rp2040_irq+0x9e>
20000812:	2300      	movs	r3, #0
20000814:	4812      	ldr	r0, [pc, #72]	@ (20000860 <dcd_rp2040_irq+0x508>)
20000816:	f884 337c 	strb.w	r3, [r4, #892]	@ 0x37c
2000081a:	f000 f94f 	bl	20000abc <hw_endpoint_start_next_buffer>
2000081e:	e6c2      	b.n	200005a6 <dcd_rp2040_irq+0x24e>
20000820:	4810      	ldr	r0, [pc, #64]	@ (20000864 <dcd_rp2040_irq+0x50c>)
20000822:	ea86 0105 	eor.w	r1, r6, r5
20000826:	f000 fab3 	bl	20000d90 <__panic_veneer>
2000082a:	bf00      	nop
2000082c:	20001890 	.word	0x20001890
20000830:	20001550 	.word	0x20001550
20000834:	20001590 	.word	0x20001590
20000838:	200015d0 	.word	0x200015d0
2000083c:	20001610 	.word	0x20001610
20000840:	20001650 	.word	0x20001650
20000844:	20001690 	.word	0x20001690
20000848:	200016d0 	.word	0x200016d0
2000084c:	20001710 	.word	0x20001710
20000850:	20001750 	.word	0x20001750
20000854:	20001790 	.word	0x20001790
20000858:	200017d0 	.word	0x200017d0
2000085c:	20001810 	.word	0x20001810
20000860:	20001850 	.word	0x20001850
20000864:	10003c3c 	.word	0x10003c3c

20000868 <prepare_ep_buffer>:
20000868:	e92d 43f0 	stmdb	sp!, {r4, r5, r6, r7, r8, r9, lr}
2000086c:	8a82      	ldrh	r2, [r0, #20]
2000086e:	8b04      	ldrh	r4, [r0, #24]
20000870:	4603      	mov	r3, r0
20000872:	4294      	cmp	r4, r2
20000874:	78c0      	ldrb	r0, [r0, #3]
20000876:	bf28      	it	cs
20000878:	4614      	movcs	r4, r2
2000087a:	1e05      	subs	r5, r0, #0
2000087c:	bf18      	it	ne
2000087e:	2501      	movne	r5, #1
20000880:	f080 0001 	eor.w	r0, r0, #1
20000884:	1b12      	subs	r2, r2, r4
20000886:	785e      	ldrb	r6, [r3, #1]
20000888:	70d8      	strb	r0, [r3, #3]
2000088a:	b292      	uxth	r2, r2
2000088c:	f444 6080 	orr.w	r0, r4, #1024	@ 0x400
20000890:	829a      	strh	r2, [r3, #20]
20000892:	ea40 3045 	orr.w	r0, r0, r5, lsl #13
20000896:	bb06      	cbnz	r6, 200008da <prepare_ep_buffer+0x72>
20000898:	68dd      	ldr	r5, [r3, #12]
2000089a:	f104 38ff 	add.w	r8, r4, #4294967295	@ 0xffffffff
2000089e:	eb05 1c81 	add.w	ip, r5, r1, lsl #6
200008a2:	691d      	ldr	r5, [r3, #16]
200008a4:	b1ac      	cbz	r4, 200008d2 <prepare_ep_buffer+0x6a>
200008a6:	f1b8 0f05 	cmp.w	r8, #5
200008aa:	f105 0201 	add.w	r2, r5, #1
200008ae:	d903      	bls.n	200008b8 <prepare_ep_buffer+0x50>
200008b0:	ebac 0702 	sub.w	r7, ip, r2
200008b4:	2f02      	cmp	r7, #2
200008b6:	d817      	bhi.n	200008e8 <prepare_ep_buffer+0x80>
200008b8:	f10c 3cff 	add.w	ip, ip, #4294967295	@ 0xffffffff
200008bc:	4425      	add	r5, r4
200008be:	e000      	b.n	200008c2 <prepare_ep_buffer+0x5a>
200008c0:	3201      	adds	r2, #1
200008c2:	f812 6c01 	ldrb.w	r6, [r2, #-1]
200008c6:	42aa      	cmp	r2, r5
200008c8:	f80c 6f01 	strb.w	r6, [ip, #1]!
200008cc:	d1f8      	bne.n	200008c0 <prepare_ep_buffer+0x58>
200008ce:	691d      	ldr	r5, [r3, #16]
200008d0:	8a9a      	ldrh	r2, [r3, #20]
200008d2:	4425      	add	r5, r4
200008d4:	611d      	str	r5, [r3, #16]
200008d6:	f440 4000 	orr.w	r0, r0, #32768	@ 0x8000
200008da:	b90a      	cbnz	r2, 200008e0 <prepare_ep_buffer+0x78>
200008dc:	f440 4080 	orr.w	r0, r0, #16384	@ 0x4000
200008e0:	b101      	cbz	r1, 200008e4 <prepare_ep_buffer+0x7c>
200008e2:	0400      	lsls	r0, r0, #16
200008e4:	e8bd 83f0 	ldmia.w	sp!, {r4, r5, r6, r7, r8, r9, pc}
200008e8:	462f      	mov	r7, r5
200008ea:	46e6      	mov	lr, ip
200008ec:	4632      	mov	r2, r6
200008ee:	1f26      	subs	r6, r4, #4
200008f0:	08b6      	lsrs	r6, r6, #2
200008f2:	3601      	adds	r6, #1
200008f4:	f857 9b04 	ldr.w	r9, [r7], #4
200008f8:	3201      	adds	r2, #1
200008fa:	4296      	cmp	r6, r2
200008fc:	f84e 9b04 	str.w	r9, [lr], #4
20000900:	d8f8      	bhi.n	200008f4 <prepare_ep_buffer+0x8c>
20000902:	ebb4 0f86 	cmp.w	r4, r6, lsl #2
20000906:	eba8 0286 	sub.w	r2, r8, r6, lsl #2
2000090a:	eb05 0e86 	add.w	lr, r5, r6, lsl #2
2000090e:	eb0c 0786 	add.w	r7, ip, r6, lsl #2
20000912:	d0dc      	beq.n	200008ce <prepare_ep_buffer+0x66>
20000914:	f815 5026 	ldrb.w	r5, [r5, r6, lsl #2]
20000918:	f80c 5026 	strb.w	r5, [ip, r6, lsl #2]
2000091c:	2a00      	cmp	r2, #0
2000091e:	d0d6      	beq.n	200008ce <prepare_ep_buffer+0x66>
20000920:	f89e 5001 	ldrb.w	r5, [lr, #1]
20000924:	2a01      	cmp	r2, #1
20000926:	707d      	strb	r5, [r7, #1]
20000928:	d0d1      	beq.n	200008ce <prepare_ep_buffer+0x66>
2000092a:	f89e 2002 	ldrb.w	r2, [lr, #2]
2000092e:	70ba      	strb	r2, [r7, #2]
20000930:	691d      	ldr	r5, [r3, #16]
20000932:	8a9a      	ldrh	r2, [r3, #20]
20000934:	e7cd      	b.n	200008d2 <prepare_ep_buffer+0x6a>
20000936:	bf00      	nop

20000938 <sync_ep_buffer>:
20000938:	6883      	ldr	r3, [r0, #8]
2000093a:	4602      	mov	r2, r0
2000093c:	6818      	ldr	r0, [r3, #0]
2000093e:	b101      	cbz	r1, 20000942 <sync_ep_buffer+0xa>
20000940:	0c00      	lsrs	r0, r0, #16
20000942:	7853      	ldrb	r3, [r2, #1]
20000944:	f3c0 0009 	ubfx	r0, r0, #0, #10
20000948:	b313      	cbz	r3, 20000990 <sync_ep_buffer+0x58>
2000094a:	b5f0      	push	{r4, r5, r6, r7, lr}
2000094c:	e9d2 5403 	ldrd	r5, r4, [r2, #12]
20000950:	018f      	lsls	r7, r1, #6
20000952:	eb05 1381 	add.w	r3, r5, r1, lsl #6
20000956:	1e46      	subs	r6, r0, #1
20000958:	b178      	cbz	r0, 2000097a <sync_ep_buffer+0x42>
2000095a:	2e05      	cmp	r6, #5
2000095c:	d904      	bls.n	20000968 <sync_ep_buffer+0x30>
2000095e:	3701      	adds	r7, #1
20000960:	443d      	add	r5, r7
20000962:	1b65      	subs	r5, r4, r5
20000964:	2d02      	cmp	r5, #2
20000966:	d81c      	bhi.n	200009a2 <sync_ep_buffer+0x6a>
20000968:	1e61      	subs	r1, r4, #1
2000096a:	181d      	adds	r5, r3, r0
2000096c:	f813 4b01 	ldrb.w	r4, [r3], #1
20000970:	429d      	cmp	r5, r3
20000972:	f801 4f01 	strb.w	r4, [r1, #1]!
20000976:	d1f9      	bne.n	2000096c <sync_ep_buffer+0x34>
20000978:	6914      	ldr	r4, [r2, #16]
2000097a:	8ad3      	ldrh	r3, [r2, #22]
2000097c:	4404      	add	r4, r0
2000097e:	4403      	add	r3, r0
20000980:	82d3      	strh	r3, [r2, #22]
20000982:	8b13      	ldrh	r3, [r2, #24]
20000984:	6114      	str	r4, [r2, #16]
20000986:	4283      	cmp	r3, r0
20000988:	bf84      	itt	hi
2000098a:	2300      	movhi	r3, #0
2000098c:	8293      	strhhi	r3, [r2, #20]
2000098e:	bdf0      	pop	{r4, r5, r6, r7, pc}
20000990:	8ad3      	ldrh	r3, [r2, #22]
20000992:	4403      	add	r3, r0
20000994:	82d3      	strh	r3, [r2, #22]
20000996:	8b13      	ldrh	r3, [r2, #24]
20000998:	4283      	cmp	r3, r0
2000099a:	bf84      	itt	hi
2000099c:	2300      	movhi	r3, #0
2000099e:	8293      	strhhi	r3, [r2, #20]
200009a0:	4770      	bx	lr
200009a2:	469e      	mov	lr, r3
200009a4:	4625      	mov	r5, r4
200009a6:	2100      	movs	r1, #0
200009a8:	f1a0 0c04 	sub.w	ip, r0, #4
200009ac:	ea4f 0c9c 	mov.w	ip, ip, lsr #2
200009b0:	f10c 0c01 	add.w	ip, ip, #1
200009b4:	f85e 7b04 	ldr.w	r7, [lr], #4
200009b8:	3101      	adds	r1, #1
200009ba:	4561      	cmp	r1, ip
200009bc:	f845 7b04 	str.w	r7, [r5], #4
200009c0:	d3f8      	bcc.n	200009b4 <sync_ep_buffer+0x7c>
200009c2:	ebb0 0f8c 	cmp.w	r0, ip, lsl #2
200009c6:	eba6 068c 	sub.w	r6, r6, ip, lsl #2
200009ca:	eb03 058c 	add.w	r5, r3, ip, lsl #2
200009ce:	eb04 018c 	add.w	r1, r4, ip, lsl #2
200009d2:	d0d1      	beq.n	20000978 <sync_ep_buffer+0x40>
200009d4:	f813 302c 	ldrb.w	r3, [r3, ip, lsl #2]
200009d8:	f804 302c 	strb.w	r3, [r4, ip, lsl #2]
200009dc:	2e00      	cmp	r6, #0
200009de:	d0cb      	beq.n	20000978 <sync_ep_buffer+0x40>
200009e0:	786b      	ldrb	r3, [r5, #1]
200009e2:	2e01      	cmp	r6, #1
200009e4:	704b      	strb	r3, [r1, #1]
200009e6:	d0c7      	beq.n	20000978 <sync_ep_buffer+0x40>
200009e8:	78ab      	ldrb	r3, [r5, #2]
200009ea:	708b      	strb	r3, [r1, #2]
200009ec:	6914      	ldr	r4, [r2, #16]
200009ee:	e7c4      	b.n	2000097a <sync_ep_buffer+0x42>

200009f0 <_hw_endpoint_xfer_sync>:
200009f0:	b510      	push	{r4, lr}
200009f2:	4604      	mov	r4, r0
200009f4:	6883      	ldr	r3, [r0, #8]
200009f6:	2100      	movs	r1, #0
200009f8:	681b      	ldr	r3, [r3, #0]
200009fa:	f7ff ff9d 	bl	20000938 <sync_ep_buffer>
200009fe:	6863      	ldr	r3, [r4, #4]
20000a00:	681b      	ldr	r3, [r3, #0]
20000a02:	005b      	lsls	r3, r3, #1
20000a04:	d502      	bpl.n	20000a0c <_hw_endpoint_xfer_sync+0x1c>
20000a06:	8b23      	ldrh	r3, [r4, #24]
20000a08:	4283      	cmp	r3, r0
20000a0a:	d000      	beq.n	20000a0e <_hw_endpoint_xfer_sync+0x1e>
20000a0c:	bd10      	pop	{r4, pc}
20000a0e:	4620      	mov	r0, r4
20000a10:	e8bd 4010 	ldmia.w	sp!, {r4, lr}
20000a14:	2101      	movs	r1, #1
20000a16:	f7ff bf8f 	b.w	20000938 <sync_ep_buffer>
20000a1a:	bf00      	nop

20000a1c <e15_is_bulkin_ep>:
20000a1c:	4b08      	ldr	r3, [pc, #32]	@ (20000a40 <e15_is_bulkin_ep+0x24>)
20000a1e:	6c1b      	ldr	r3, [r3, #64]	@ 0x40
20000a20:	f013 0302 	ands.w	r3, r3, #2
20000a24:	d102      	bne.n	20000a2c <e15_is_bulkin_ep+0x10>
20000a26:	7882      	ldrb	r2, [r0, #2]
20000a28:	09d2      	lsrs	r2, r2, #7
20000a2a:	d101      	bne.n	20000a30 <e15_is_bulkin_ep+0x14>
20000a2c:	2000      	movs	r0, #0
20000a2e:	4770      	bx	lr
20000a30:	7ec0      	ldrb	r0, [r0, #27]
20000a32:	f1a0 0002 	sub.w	r0, r0, #2
20000a36:	fab0 f080 	clz	r0, r0
20000a3a:	0940      	lsrs	r0, r0, #5
20000a3c:	4770      	bx	lr
20000a3e:	bf00      	nop
20000a40:	50110000 	.word	0x50110000

20000a44 <e15_is_critical_frame_period>:
20000a44:	b508      	push	{r3, lr}
20000a46:	f7ff ffe9 	bl	20000a1c <e15_is_bulkin_ep>
20000a4a:	b150      	cbz	r0, 20000a62 <e15_is_critical_frame_period+0x1e>
20000a4c:	4a05      	ldr	r2, [pc, #20]	@ (20000a64 <e15_is_critical_frame_period+0x20>)
20000a4e:	4b06      	ldr	r3, [pc, #24]	@ (20000a68 <e15_is_critical_frame_period+0x24>)
20000a50:	6a90      	ldr	r0, [r2, #40]	@ 0x28
20000a52:	681b      	ldr	r3, [r3, #0]
20000a54:	f5a0 7048 	sub.w	r0, r0, #800	@ 0x320
20000a58:	1ac0      	subs	r0, r0, r3
20000a5a:	28c6      	cmp	r0, #198	@ 0xc6
20000a5c:	bf8c      	ite	hi
20000a5e:	2000      	movhi	r0, #0
20000a60:	2001      	movls	r0, #1
20000a62:	bd08      	pop	{r3, pc}
20000a64:	400b0000 	.word	0x400b0000
20000a68:	200014e8 	.word	0x200014e8

20000a6c <hw_endpoint_reset_transfer>:
20000a6c:	2300      	movs	r3, #0
20000a6e:	e9c0 3304 	strd	r3, r3, [r0, #16]
20000a72:	7683      	strb	r3, [r0, #26]
20000a74:	4770      	bx	lr
20000a76:	bf00      	nop

20000a78 <_hw_endpoint_buffer_control_update32>:
20000a78:	b510      	push	{r4, lr}
20000a7a:	6883      	ldr	r3, [r0, #8]
20000a7c:	b109      	cbz	r1, 20000a82 <_hw_endpoint_buffer_control_update32+0xa>
20000a7e:	681c      	ldr	r4, [r3, #0]
20000a80:	4021      	ands	r1, r4
20000a82:	b182      	cbz	r2, 20000aa6 <_hw_endpoint_buffer_control_update32+0x2e>
20000a84:	4311      	orrs	r1, r2
20000a86:	0552      	lsls	r2, r2, #21
20000a88:	d50d      	bpl.n	20000aa6 <_hw_endpoint_buffer_control_update32+0x2e>
20000a8a:	681a      	ldr	r2, [r3, #0]
20000a8c:	0554      	lsls	r4, r2, #21
20000a8e:	d40c      	bmi.n	20000aaa <_hw_endpoint_buffer_control_update32+0x32>
20000a90:	4a08      	ldr	r2, [pc, #32]	@ (20000ab4 <_hw_endpoint_buffer_control_update32+0x3c>)
20000a92:	f421 6480 	bic.w	r4, r1, #1024	@ 0x400
20000a96:	601c      	str	r4, [r3, #0]
20000a98:	6c12      	ldr	r2, [r2, #64]	@ 0x40
20000a9a:	0792      	lsls	r2, r2, #30
20000a9c:	d403      	bmi.n	20000aa6 <_hw_endpoint_buffer_control_update32+0x2e>
20000a9e:	230c      	movs	r3, #12
20000aa0:	3b03      	subs	r3, #3
20000aa2:	d2fd      	bcs.n	20000aa0 <_hw_endpoint_buffer_control_update32+0x28>
20000aa4:	6883      	ldr	r3, [r0, #8]
20000aa6:	6019      	str	r1, [r3, #0]
20000aa8:	bd10      	pop	{r4, pc}
20000aaa:	7881      	ldrb	r1, [r0, #2]
20000aac:	4802      	ldr	r0, [pc, #8]	@ (20000ab8 <_hw_endpoint_buffer_control_update32+0x40>)
20000aae:	f000 f96f 	bl	20000d90 <__panic_veneer>
20000ab2:	bf00      	nop
20000ab4:	50110000 	.word	0x50110000
20000ab8:	10003c50 	.word	0x10003c50

20000abc <hw_endpoint_start_next_buffer>:
20000abc:	b530      	push	{r4, r5, lr}
20000abe:	6843      	ldr	r3, [r0, #4]
20000ac0:	2100      	movs	r1, #0
20000ac2:	b083      	sub	sp, #12
20000ac4:	4604      	mov	r4, r0
20000ac6:	681d      	ldr	r5, [r3, #0]
20000ac8:	f7ff fece 	bl	20000868 <prepare_ep_buffer>
20000acc:	4b13      	ldr	r3, [pc, #76]	@ (20000b1c <hw_endpoint_start_next_buffer+0x60>)
20000ace:	f440 5280 	orr.w	r2, r0, #4096	@ 0x1000
20000ad2:	6c1b      	ldr	r3, [r3, #64]	@ 0x40
20000ad4:	f013 0f02 	tst.w	r3, #2
20000ad8:	78a3      	ldrb	r3, [r4, #2]
20000ada:	d00e      	beq.n	20000afa <hw_endpoint_start_next_buffer+0x3e>
20000adc:	065b      	lsls	r3, r3, #25
20000ade:	d00e      	beq.n	20000afe <hw_endpoint_start_next_buffer+0x42>
20000ae0:	f025 45a0 	bic.w	r5, r5, #1342177280	@ 0x50000000
20000ae4:	f045 5500 	orr.w	r5, r5, #536870912	@ 0x20000000
20000ae8:	2100      	movs	r1, #0
20000aea:	4620      	mov	r0, r4
20000aec:	6863      	ldr	r3, [r4, #4]
20000aee:	601d      	str	r5, [r3, #0]
20000af0:	b003      	add	sp, #12
20000af2:	e8bd 4030 	ldmia.w	sp!, {r4, r5, lr}
20000af6:	f7ff bfbf 	b.w	20000a78 <_hw_endpoint_buffer_control_update32>
20000afa:	09db      	lsrs	r3, r3, #7
20000afc:	d0f0      	beq.n	20000ae0 <hw_endpoint_start_next_buffer+0x24>
20000afe:	8aa3      	ldrh	r3, [r4, #20]
20000b00:	2b00      	cmp	r3, #0
20000b02:	d0ed      	beq.n	20000ae0 <hw_endpoint_start_next_buffer+0x24>
20000b04:	2101      	movs	r1, #1
20000b06:	4620      	mov	r0, r4
20000b08:	9201      	str	r2, [sp, #4]
20000b0a:	f7ff fead 	bl	20000868 <prepare_ep_buffer>
20000b0e:	9a01      	ldr	r2, [sp, #4]
20000b10:	f025 5500 	bic.w	r5, r5, #536870912	@ 0x20000000
20000b14:	4302      	orrs	r2, r0
20000b16:	f045 45a0 	orr.w	r5, r5, #1342177280	@ 0x50000000
20000b1a:	e7e5      	b.n	20000ae8 <hw_endpoint_start_next_buffer+0x2c>
20000b1c:	50110000 	.word	0x50110000

20000b20 <hw_endpoint_xfer_continue>:
20000b20:	b538      	push	{r3, r4, r5, lr}
20000b22:	7e85      	ldrb	r5, [r0, #26]
20000b24:	4604      	mov	r4, r0
20000b26:	b195      	cbz	r5, 20000b4e <hw_endpoint_xfer_continue+0x2e>
20000b28:	f7ff ff62 	bl	200009f0 <_hw_endpoint_xfer_sync>
20000b2c:	8aa3      	ldrh	r3, [r4, #20]
20000b2e:	b90b      	cbnz	r3, 20000b34 <hw_endpoint_xfer_continue+0x14>
20000b30:	4628      	mov	r0, r5
20000b32:	bd38      	pop	{r3, r4, r5, pc}
20000b34:	4620      	mov	r0, r4
20000b36:	f7ff ff85 	bl	20000a44 <e15_is_critical_frame_period>
20000b3a:	b120      	cbz	r0, 20000b46 <hw_endpoint_xfer_continue+0x26>
20000b3c:	2301      	movs	r3, #1
20000b3e:	7723      	strb	r3, [r4, #28]
20000b40:	2500      	movs	r5, #0
20000b42:	4628      	mov	r0, r5
20000b44:	bd38      	pop	{r3, r4, r5, pc}
20000b46:	4620      	mov	r0, r4
20000b48:	f7ff ffb8 	bl	20000abc <hw_endpoint_start_next_buffer>
20000b4c:	e7f8      	b.n	20000b40 <hw_endpoint_xfer_continue+0x20>
20000b4e:	7881      	ldrb	r1, [r0, #2]
20000b50:	4801      	ldr	r0, [pc, #4]	@ (20000b58 <hw_endpoint_xfer_continue+0x38>)
20000b52:	f000 f91d 	bl	20000d90 <__panic_veneer>
20000b56:	bf00      	nop
20000b58:	10003c70 	.word	0x10003c70

20000b5c <dcd_event_handler>:
20000b5c:	e92d 43f0 	stmdb	sp!, {r4, r5, r6, r7, r8, r9, lr}
20000b60:	7843      	ldrb	r3, [r0, #1]
20000b62:	4604      	mov	r4, r0
20000b64:	3b02      	subs	r3, #2
20000b66:	460d      	mov	r5, r1
20000b68:	b085      	sub	sp, #20
20000b6a:	2b04      	cmp	r3, #4
20000b6c:	d813      	bhi.n	20000b96 <dcd_event_handler+0x3a>
20000b6e:	e8df f003 	tbb	[pc, r3]
20000b72:	4803      	.short	0x4803
20000b74:	7067      	.short	0x7067
20000b76:	42          	.byte	0x42
20000b77:	00          	.byte	0x00
20000b78:	2100      	movs	r1, #0
20000b7a:	4b78      	ldr	r3, [pc, #480]	@ (20000d5c <dcd_event_handler+0x200>)
20000b7c:	781a      	ldrb	r2, [r3, #0]
20000b7e:	f022 0201 	bic.w	r2, r2, #1
20000b82:	701a      	strb	r2, [r3, #0]
20000b84:	781a      	ldrb	r2, [r3, #0]
20000b86:	f022 0202 	bic.w	r2, r2, #2
20000b8a:	701a      	strb	r2, [r3, #0]
20000b8c:	7059      	strb	r1, [r3, #1]
20000b8e:	781a      	ldrb	r2, [r3, #0]
20000b90:	f361 0282 	bfi	r2, r1, #2, #1
20000b94:	701a      	strb	r2, [r3, #0]
20000b96:	4b72      	ldr	r3, [pc, #456]	@ (20000d60 <dcd_event_handler+0x204>)
20000b98:	681e      	ldr	r6, [r3, #0]
20000b9a:	6973      	ldr	r3, [r6, #20]
20000b9c:	f3ef 8210 	mrs	r2, PRIMASK
20000ba0:	b672      	cpsid	i
20000ba2:	e8d3 0fcf 	ldaexb	r0, [r3]
20000ba6:	2101      	movs	r1, #1
20000ba8:	2800      	cmp	r0, #0
20000baa:	d1fa      	bne.n	20000ba2 <dcd_event_handler+0x46>
20000bac:	e8c3 1f40 	strexb	r0, r1, [r3]
20000bb0:	2800      	cmp	r0, #0
20000bb2:	d1f6      	bne.n	20000ba2 <dcd_event_handler+0x46>
20000bb4:	f3bf 8f5f 	dmb	sy
20000bb8:	61b2      	str	r2, [r6, #24]
20000bba:	4621      	mov	r1, r4
20000bbc:	4630      	mov	r0, r6
20000bbe:	f000 f8e3 	bl	20000d88 <__tu_fifo_write_veneer>
20000bc2:	2300      	movs	r3, #0
20000bc4:	6972      	ldr	r2, [r6, #20]
20000bc6:	e8c2 3f8f 	stlb	r3, [r2]
20000bca:	69b3      	ldr	r3, [r6, #24]
20000bcc:	f383 8810 	msr	PRIMASK, r3
20000bd0:	b948      	cbnz	r0, 20000be6 <dcd_event_handler+0x8a>
20000bd2:	f04f 23e0 	mov.w	r3, #3758153728	@ 0xe000e000
20000bd6:	f8d3 3df0 	ldr.w	r3, [r3, #3568]	@ 0xdf0
20000bda:	07db      	lsls	r3, r3, #31
20000bdc:	d508      	bpl.n	20000bf0 <dcd_event_handler+0x94>
20000bde:	be00      	bkpt	0x0000
20000be0:	b005      	add	sp, #20
20000be2:	e8bd 83f0 	ldmia.w	sp!, {r4, r5, r6, r7, r8, r9, pc}
20000be6:	462a      	mov	r2, r5
20000be8:	7861      	ldrb	r1, [r4, #1]
20000bea:	7820      	ldrb	r0, [r4, #0]
20000bec:	f000 f8d8 	bl	20000da0 <__tud_event_hook_cb_veneer>
20000bf0:	b005      	add	sp, #20
20000bf2:	e8bd 83f0 	ldmia.w	sp!, {r4, r5, r6, r7, r8, r9, pc}
20000bf6:	4a5b      	ldr	r2, [pc, #364]	@ (20000d64 <dcd_event_handler+0x208>)
20000bf8:	7813      	ldrb	r3, [r2, #0]
20000bfa:	3301      	adds	r3, #1
20000bfc:	b2db      	uxtb	r3, r3
20000bfe:	7013      	strb	r3, [r2, #0]
20000c00:	e7c9      	b.n	20000b96 <dcd_event_handler+0x3a>
20000c02:	f04f 0900 	mov.w	r9, #0
20000c06:	4e58      	ldr	r6, [pc, #352]	@ (20000d68 <dcd_event_handler+0x20c>)
20000c08:	464b      	mov	r3, r9
20000c0a:	7831      	ldrb	r1, [r6, #0]
20000c0c:	f8df 8160 	ldr.w	r8, [pc, #352]	@ 20000d70 <dcd_event_handler+0x214>
20000c10:	4f56      	ldr	r7, [pc, #344]	@ (20000d6c <dcd_event_handler+0x210>)
20000c12:	e00f      	b.n	20000c34 <dcd_event_handler+0xd8>
20000c14:	683a      	ldr	r2, [r7, #0]
20000c16:	eb12 1343 	adds.w	r3, r2, r3, lsl #5
20000c1a:	d005      	beq.n	20000c28 <dcd_event_handler+0xcc>
20000c1c:	69db      	ldr	r3, [r3, #28]
20000c1e:	b11b      	cbz	r3, 20000c28 <dcd_event_handler+0xcc>
20000c20:	6861      	ldr	r1, [r4, #4]
20000c22:	7820      	ldrb	r0, [r4, #0]
20000c24:	4798      	blx	r3
20000c26:	7831      	ldrb	r1, [r6, #0]
20000c28:	f109 0901 	add.w	r9, r9, #1
20000c2c:	fa5f f389 	uxtb.w	r3, r9
20000c30:	428b      	cmp	r3, r1
20000c32:	d817      	bhi.n	20000c64 <dcd_event_handler+0x108>
20000c34:	4299      	cmp	r1, r3
20000c36:	d8ed      	bhi.n	20000c14 <dcd_event_handler+0xb8>
20000c38:	1a5b      	subs	r3, r3, r1
20000c3a:	eb08 1343 	add.w	r3, r8, r3, lsl #5
20000c3e:	e7ed      	b.n	20000c1c <dcd_event_handler+0xc0>
20000c40:	4b46      	ldr	r3, [pc, #280]	@ (20000d5c <dcd_event_handler+0x200>)
20000c42:	781a      	ldrb	r2, [r3, #0]
20000c44:	07d7      	lsls	r7, r2, #31
20000c46:	d5d3      	bpl.n	20000bf0 <dcd_event_handler+0x94>
20000c48:	781a      	ldrb	r2, [r3, #0]
20000c4a:	f042 0204 	orr.w	r2, r2, #4
20000c4e:	701a      	strb	r2, [r3, #0]
20000c50:	e7a1      	b.n	20000b96 <dcd_event_handler+0x3a>
20000c52:	4b42      	ldr	r3, [pc, #264]	@ (20000d5c <dcd_event_handler+0x200>)
20000c54:	781a      	ldrb	r2, [r3, #0]
20000c56:	07d6      	lsls	r6, r2, #31
20000c58:	d5ca      	bpl.n	20000bf0 <dcd_event_handler+0x94>
20000c5a:	781a      	ldrb	r2, [r3, #0]
20000c5c:	f022 0204 	bic.w	r2, r2, #4
20000c60:	701a      	strb	r2, [r3, #0]
20000c62:	e798      	b.n	20000b96 <dcd_event_handler+0x3a>
20000c64:	4e3d      	ldr	r6, [pc, #244]	@ (20000d5c <dcd_event_handler+0x200>)
20000c66:	7833      	ldrb	r3, [r6, #0]
20000c68:	0758      	lsls	r0, r3, #29
20000c6a:	d437      	bmi.n	20000cdc <dcd_event_handler+0x180>
20000c6c:	78f3      	ldrb	r3, [r6, #3]
20000c6e:	07da      	lsls	r2, r3, #31
20000c70:	d5be      	bpl.n	20000bf0 <dcd_event_handler+0x94>
20000c72:	2303      	movs	r3, #3
20000c74:	2700      	movs	r7, #0
20000c76:	4a3a      	ldr	r2, [pc, #232]	@ (20000d60 <dcd_event_handler+0x204>)
20000c78:	7821      	ldrb	r1, [r4, #0]
20000c7a:	6816      	ldr	r6, [r2, #0]
20000c7c:	6862      	ldr	r2, [r4, #4]
20000c7e:	f88d 1004 	strb.w	r1, [sp, #4]
20000c82:	f88d 3005 	strb.w	r3, [sp, #5]
20000c86:	6973      	ldr	r3, [r6, #20]
20000c88:	f8cd 7006 	str.w	r7, [sp, #6]
20000c8c:	f8cd 700a 	str.w	r7, [sp, #10]
20000c90:	f8ad 700e 	strh.w	r7, [sp, #14]
20000c94:	9202      	str	r2, [sp, #8]
20000c96:	f3ef 8210 	mrs	r2, PRIMASK
20000c9a:	b672      	cpsid	i
20000c9c:	e8d3 0fcf 	ldaexb	r0, [r3]
20000ca0:	2101      	movs	r1, #1
20000ca2:	2800      	cmp	r0, #0
20000ca4:	d1fa      	bne.n	20000c9c <dcd_event_handler+0x140>
20000ca6:	e8c3 1f40 	strexb	r0, r1, [r3]
20000caa:	2800      	cmp	r0, #0
20000cac:	d1f6      	bne.n	20000c9c <dcd_event_handler+0x140>
20000cae:	f3bf 8f5f 	dmb	sy
20000cb2:	4630      	mov	r0, r6
20000cb4:	61b2      	str	r2, [r6, #24]
20000cb6:	a901      	add	r1, sp, #4
20000cb8:	f000 f866 	bl	20000d88 <__tu_fifo_write_veneer>
20000cbc:	6973      	ldr	r3, [r6, #20]
20000cbe:	e8c3 7f8f 	stlb	r7, [r3]
20000cc2:	69b3      	ldr	r3, [r6, #24]
20000cc4:	f383 8810 	msr	PRIMASK, r3
20000cc8:	2800      	cmp	r0, #0
20000cca:	d082      	beq.n	20000bd2 <dcd_event_handler+0x76>
20000ccc:	462a      	mov	r2, r5
20000cce:	f89d 1005 	ldrb.w	r1, [sp, #5]
20000cd2:	f89d 0004 	ldrb.w	r0, [sp, #4]
20000cd6:	f000 f863 	bl	20000da0 <__tud_event_hook_cb_veneer>
20000cda:	e789      	b.n	20000bf0 <dcd_event_handler+0x94>
20000cdc:	7833      	ldrb	r3, [r6, #0]
20000cde:	f04f 0800 	mov.w	r8, #0
20000ce2:	f023 0304 	bic.w	r3, r3, #4
20000ce6:	7033      	strb	r3, [r6, #0]
20000ce8:	2305      	movs	r3, #5
20000cea:	4a1d      	ldr	r2, [pc, #116]	@ (20000d60 <dcd_event_handler+0x204>)
20000cec:	f88d 3005 	strb.w	r3, [sp, #5]
20000cf0:	6817      	ldr	r7, [r2, #0]
20000cf2:	7822      	ldrb	r2, [r4, #0]
20000cf4:	f8ad 800e 	strh.w	r8, [sp, #14]
20000cf8:	f88d 2004 	strb.w	r2, [sp, #4]
20000cfc:	697b      	ldr	r3, [r7, #20]
20000cfe:	f8cd 8006 	str.w	r8, [sp, #6]
20000d02:	f8cd 800a 	str.w	r8, [sp, #10]
20000d06:	f3ef 8210 	mrs	r2, PRIMASK
20000d0a:	b672      	cpsid	i
20000d0c:	e8d3 0fcf 	ldaexb	r0, [r3]
20000d10:	2101      	movs	r1, #1
20000d12:	2800      	cmp	r0, #0
20000d14:	d1fa      	bne.n	20000d0c <dcd_event_handler+0x1b0>
20000d16:	e8c3 1f40 	strexb	r0, r1, [r3]
20000d1a:	2800      	cmp	r0, #0
20000d1c:	d1f6      	bne.n	20000d0c <dcd_event_handler+0x1b0>
20000d1e:	f3bf 8f5f 	dmb	sy
20000d22:	4638      	mov	r0, r7
20000d24:	61ba      	str	r2, [r7, #24]
20000d26:	a901      	add	r1, sp, #4
20000d28:	f000 f82e 	bl	20000d88 <__tu_fifo_write_veneer>
20000d2c:	697b      	ldr	r3, [r7, #20]
20000d2e:	e8c3 8f8f 	stlb	r8, [r3]
20000d32:	69bb      	ldr	r3, [r7, #24]
20000d34:	f383 8810 	msr	PRIMASK, r3
20000d38:	b938      	cbnz	r0, 20000d4a <dcd_event_handler+0x1ee>
20000d3a:	f04f 23e0 	mov.w	r3, #3758153728	@ 0xe000e000
20000d3e:	f8d3 3df0 	ldr.w	r3, [r3, #3568]	@ 0xdf0
20000d42:	07d9      	lsls	r1, r3, #31
20000d44:	d592      	bpl.n	20000c6c <dcd_event_handler+0x110>
20000d46:	be00      	bkpt	0x0000
20000d48:	e790      	b.n	20000c6c <dcd_event_handler+0x110>
20000d4a:	462a      	mov	r2, r5
20000d4c:	f89d 1005 	ldrb.w	r1, [sp, #5]
20000d50:	f89d 0004 	ldrb.w	r0, [sp, #4]
20000d54:	f000 f824 	bl	20000da0 <__tud_event_hook_cb_veneer>
20000d58:	e788      	b.n	20000c6c <dcd_event_handler+0x110>
20000d5a:	bf00      	nop
20000d5c:	20001244 	.word	0x20001244
20000d60:	2000129c 	.word	0x2000129c
20000d64:	2000196e 	.word	0x2000196e
20000d68:	2000196c 	.word	0x2000196c
20000d6c:	20001180 	.word	0x20001180
20000d70:	10003d54 	.word	0x10003d54
20000d74:	00000000 	.word	0x00000000

20000d78 <__memset_veneer>:
20000d78:	f85f f000 	ldr.w	pc, [pc]	@ 20000d7c <__memset_veneer+0x4>
20000d7c:	10003815 	.word	0x10003815

20000d80 <__time_us_64_veneer>:
20000d80:	f85f f000 	ldr.w	pc, [pc]	@ 20000d84 <__time_us_64_veneer+0x4>
20000d84:	10001261 	.word	0x10001261

20000d88 <__tu_fifo_write_veneer>:
20000d88:	f85f f000 	ldr.w	pc, [pc]	@ 20000d8c <__tu_fifo_write_veneer+0x4>
20000d8c:	100035b5 	.word	0x100035b5

20000d90 <__panic_veneer>:
20000d90:	f85f f000 	ldr.w	pc, [pc]	@ 20000d94 <__panic_veneer+0x4>
20000d94:	10000391 	.word	0x10000391

20000d98 <__best_effort_wfe_or_timeout_veneer>:
20000d98:	f85f f000 	ldr.w	pc, [pc]	@ 20000d9c <__best_effort_wfe_or_timeout_veneer+0x4>
20000d9c:	10001171 	.word	0x10001171

20000da0 <__tud_event_hook_cb_veneer>:
20000da0:	f85f f000 	ldr.w	pc, [pc]	@ 20000da4 <__tud_event_hook_cb_veneer+0x4>
20000da4:	1000209d 	.word	0x1000209d

20000da8 <striped_spin_lock_num>:
20000da8:	00000010                                ....

20000dac <irq_handler_chain_slots>:
20000dac:	00000000 	.word	0x00000000
20000db0:	00010000 	.word	0x00010000
	...
20000dbc:	00020000 	.word	0x00020000
	...
20000dc8:	00030000 	.word	0x00030000
	...
20000dd4:	00ff0000 	.word	0x00ff0000
20000dd8:	00000000 	.word	0x00000000

20000ddc <irq_handler_chain_first_slot>:
20000ddc:	b501      	push	{r0, lr}
20000dde:	6848      	ldr	r0, [r1, #4]
20000de0:	3101      	adds	r1, #1
20000de2:	468e      	mov	lr, r1
20000de4:	4700      	bx	r0

20000de6 <irq_handler_chain_remove_tail>:
20000de6:	4670      	mov	r0, lr
20000de8:	3809      	subs	r0, #9
20000dea:	4901      	ldr	r1, [pc, #4]	@ (20000df0 <irq_handler_chain_remove_tail+0xa>)
20000dec:	4788      	blx	r1
20000dee:	bd01      	pop	{r0, pc}
20000df0:	100009c5 	.word	0x100009c5

20000df4 <default_alarm_pool>:
	...
20000e08:	20000e50                                P.. 

20000e0c <stdio_uart>:
20000e0c:	10001b2d 10001c35 10001b7d 10001c45     -...5...}...E...
20000e1c:	00000000 00000100                       ........

20000e24 <_usbd_qdef>:
20000e24:	200012a0 000c0010 00000000 00000000     ... ............
	...

20000e40 <_usbd_rhport>:
20000e40:	000000ff                                ....

20000e44 <print_mutex>:
	...
